pull_req_id,project_name,github_id,created_at,merged_at,closed_at,lifetime_minutes,mergetime_minutes,team_size,num_commits,num_comments,files_changed,perc_external_contribs,sloc,src_churn,test_churn,commits_on_files_touched,test_lines_per_kloc,test_cases_per_kloc,asserts_per_kloc,watchers,requester,prev_pullreqs,requester_succ_rate,followers,intra_branch,main_team_member
1914806,AppScale/appscale,653,1376057961,1376058017,1376058017,0,0,6,1,0,1,92,721512,1,0,0,81.21971637339365,5.402543547439267,17.697557351783477,81,shatterednirvana,206,0.5388349514563107,12,false,false
1914669,AppScale/appscale,652,1376056340,1376056371,1376056371,0,0,6,1,0,1,92,721512,0,2,2,81.21971637339365,5.402543547439267,17.697557351783477,81,shatterednirvana,205,0.5365853658536586,12,false,false
1897994,AppScale/appscale,651,1375819988,1375981973,1375981973,2699,2699,6,23,5,17,92,721472,1213,94,1162,81.1646190011532,5.4014570212011,17.69576643307017,162,shatterednirvana,204,0.5392156862745098,24,false,false
1897639,AppScale/appscale,649,1375800866,1375802021,1375802021,19,19,6,1,0,1,93,721472,10,0,7,81.1646190011532,5.4014570212011,17.69576643307017,81,shatterednirvana,203,0.5369458128078818,12,false,false
1893322,AppScale/appscale,648,1375724345,1375725148,1375725148,13,13,6,1,0,1,93,721476,3,0,3,81.16416900908693,5.40142707449728,17.695668324379465,162,shatterednirvana,202,0.5346534653465347,24,false,false
1893312,AppScale/appscale,647,1375724233,1375737095,1375737095,214,214,6,1,0,1,93,721476,7,0,2,81.16416900908693,5.40142707449728,17.695668324379465,81,shatterednirvana,201,0.5323383084577115,12,false,false
1883751,AppScale/appscale,645,1375457583,1375470454,1375470454,214,214,6,1,0,1,94,721476,3,0,14,81.16416900908693,5.40142707449728,17.695668324379465,81,shatterednirvana,200,0.53,12,false,false
1878934,AppScale/appscale,644,1375388309,1375390503,1375390503,36,36,6,3,0,4,94,721480,47,0,202,81.16371902201031,5.401397128125519,17.695570216776627,81,shatterednirvana,199,0.5276381909547738,12,false,false
1878781,AppScale/appscale,643,1375388298,1375389018,1375389019,12,12,6,1,0,2,94,721480,15,0,10,81.16371902201031,5.401397128125519,17.695570216776627,162,shatterednirvana,198,0.5252525252525253,24,false,false
1878015,AppScale/appscale,641,1375378705,,1375378806,1,,6,14,0,7,94,721480,1904,0,91,81.16371902201031,5.401397128125519,17.695570216776627,81,DrOctogon,24,0.2916666666666667,0,true,false
1874352,AppScale/appscale,640,1375373610,1375376089,1375376089,41,41,6,7,1,5,94,721480,273,0,365,81.16371902201031,5.401397128125519,17.695570216776627,162,shatterednirvana,197,0.5279187817258884,24,false,false
1873251,AppScale/appscale,638,1375301699,1375301798,1375301798,1,1,5,3,0,1,95,721480,12,0,72,81.16371902201031,5.401397128125519,17.695570216776627,81,jovanchohan,56,0.6964285714285714,0,false,false
1872940,AppScale/appscale,637,1375297801,1375298990,1375298990,19,19,5,1,0,5,95,721480,424,0,118,81.16371902201031,5.401397128125519,17.695570216776627,162,DrOctogon,22,0.2727272727272727,0,true,false
1872108,AppScale/appscale,636,1375289186,1375291561,1375291561,39,39,5,5,0,5,95,721480,430,0,439,81.16371902201031,5.401397128125519,17.695570216776627,162,shatterednirvana,196,0.5255102040816326,24,false,false
1867234,AppScale/appscale,635,1375212109,1375213838,1375213838,28,28,5,8,0,1,95,721480,12,0,17,81.16371902201031,5.401397128125519,17.695570216776627,162,nlake44,121,0.5867768595041323,22,false,false
1861314,AppScale/appscale,633,1375124781,1375209777,1375209777,1416,1416,5,2,0,2,96,721476,8,0,55,81.16416900908693,5.40142707449728,17.695668324379465,81,shatterednirvana,195,0.5282051282051282,12,false,false
1860546,AppScale/appscale,632,1375116372,1375209796,1375209796,1557,1557,5,8,0,3,96,721465,267,0,667,81.16540649927579,5.401509428731816,17.695938125896614,162,shatterednirvana,194,0.5309278350515464,24,false,false
1860427,AppScale/appscale,631,1375115023,1375120855,1375120855,97,97,5,1,0,1,96,721465,22,0,0,81.16540649927579,5.401509428731816,17.695938125896614,162,shatterednirvana,193,0.533678756476684,24,false,false
1860413,AppScale/appscale,630,1375114806,1375120869,1375120869,101,101,5,1,0,1,96,721465,7,0,23,81.16540649927579,5.401509428731816,17.695938125896614,162,shatterednirvana,192,0.5364583333333334,24,false,false
1837017,AppScale/appscale,629,1374791000,,1374846899,931,,5,4,0,4,96,721462,251,0,40,81.16574400314916,5.401531889413441,17.69601170955643,81,DrOctogon,21,0.2857142857142857,0,true,false
1835829,AppScale/appscale,627,1374773904,1374780483,1374780483,109,109,4,1,0,1,97,721452,34,0,32,81.16686903633229,5.401606759701268,17.696256992842212,81,jovanchohan,55,0.7090909090909091,0,false,false
1834156,AppScale/appscale,626,1374759305,1374771238,1374771238,198,198,4,4,0,10,98,721460,191,0,321,81.16596900729077,5.401546863304965,17.696060765669614,162,shatterednirvana,191,0.5392670157068062,24,false,false
1829353,AppScale/appscale,625,1374703619,1374769713,1374769713,1101,1101,4,1,0,1,98,721460,0,0,1,81.16596900729077,5.401546863304965,17.696060765669614,81,shatterednirvana,190,0.5421052631578948,12,false,false
1829100,AppScale/appscale,624,1374699265,1374769686,1374769686,1173,1173,4,1,0,1,98,721460,6,0,4,81.16596900729077,5.401546863304965,17.696060765669614,162,shatterednirvana,189,0.544973544973545,24,false,false
1827997,AppScale/appscale,623,1374689134,1374689293,1374689293,2,2,4,1,0,4,98,718292,903,0,3,81.52394847777785,5.4253701837135875,17.77410857979763,162,nlake44,119,0.5966386554621849,22,false,false
1827344,AppScale/appscale,622,1374684728,1374685781,1374685781,17,17,4,3,0,1,98,718291,56,0,3,81.52406197488204,5.425377736878229,17.774133324794548,162,shatterednirvana,188,0.5478723404255319,24,false,false
1817827,AppScale/appscale,621,1374607848,,1374608177,5,,4,250,0,71,98,539485,2744,104,3171,81.06249478669473,6.661909042883491,20.106212406276356,162,shatterednirvana,187,0.5508021390374331,24,true,false
1814278,AppScale/appscale,620,1374583609,1374846818,1374846818,4386,4386,4,7,1,6,98,718291,95,0,233,81.52406197488204,5.425377736878229,17.774133324794548,162,shatterednirvana,186,0.553763440860215,24,false,false
1835471,AppScale/appscale,618,1374256697,1374770037,1374770037,8555,8555,4,3,0,2,98,718291,64,0,33,81.52406197488204,5.425377736878229,17.774133324794548,81,shatterednirvana,185,0.5567567567567567,12,false,false
1835470,AppScale/appscale,616,1374246621,1374770025,1374770025,8723,8723,4,1,0,2,98,718291,5,0,51,81.52406197488204,5.425377736878229,17.774133324794548,81,shatterednirvana,184,0.5597826086956522,12,false,false
1835473,AppScale/appscale,614,1374240928,1374770012,1374770012,8818,8818,4,1,0,1,97,718291,36,0,3,81.52406197488204,5.425377736878229,17.774133324794548,81,shatterednirvana,183,0.5628415300546448,12,false,false
1835462,AppScale/appscale,613,1374236970,,1374769954,8883,,4,2,0,1,97,718291,8,0,182,81.52406197488204,5.425377736878229,17.774133324794548,81,shatterednirvana,182,0.5659340659340659,12,false,false
1786206,AppScale/appscale,608,1374077194,1374083333,1374083333,102,102,4,2,0,2,97,718291,6,0,24,81.52406197488204,5.425377736878229,17.774133324794548,81,shatterednirvana,180,0.5722222222222222,12,false,false
1785961,AppScale/appscale,607,1374073978,1374074089,1374074089,1,1,4,1,0,1,97,718289,3,0,6,81.52428897003853,5.425392843270606,17.77418281499508,162,shatterednirvana,179,0.5754189944134078,24,false,false
1775534,AppScale/appscale,605,1373917829,,1373919448,26,,4,1,0,1,97,718289,0,0,14,81.52428897003853,5.425392843270606,17.77418281499508,81,DrOctogon,19,0.3157894736842105,0,true,false
1766156,AppScale/appscale,602,1373661019,1373661071,1373661071,0,0,4,1,0,1,97,718289,4,0,32,81.52428897003853,5.425392843270606,17.77418281499508,81,jovanchohan,54,0.7037037037037037,0,false,false
1766091,AppScale/appscale,601,1373659518,1373660522,1373660522,16,16,4,2,0,3,97,718288,5,8,5,81.5244024680908,5.425400396498341,17.774207560198693,162,jovanchohan,53,0.6981132075471698,0,false,false
1766022,AppScale/appscale,600,1373658594,1373905086,1373905086,4108,4108,4,2,0,1,97,718288,5,0,4,81.5244024680908,5.425400396498341,17.774207560198693,162,shatterednirvana,177,0.5819209039548022,24,false,false
1764734,AppScale/appscale,598,1373587142,1373639341,1373639341,869,869,4,8,4,3,97,718273,303,56,168,81.52610497679852,5.425513697438161,17.774578746521172,81,jovanchohan,52,0.6923076923076923,0,false,false
1756060,AppScale/appscale,596,1373489561,1373489860,1373489860,4,4,4,1,0,1,97,718256,1,0,7,81.52803457263148,5.425642110890824,17.7749994430955,162,shatterednirvana,175,0.5828571428571429,24,false,false
1755933,AppScale/appscale,595,1373486604,1373489636,1373489636,50,50,4,4,0,6,97,718210,71,0,201,81.53325628994305,5.425989613065816,17.776137898386267,162,shatterednirvana,174,0.5804597701149425,24,false,false
1755114,AppScale/appscale,594,1373476367,1373489201,1373489201,213,213,4,4,1,5,97,718210,197,0,384,81.53325628994305,5.425989613065816,17.776137898386267,162,shatterednirvana,173,0.5780346820809249,24,false,false
1753735,AppScale/appscale,593,1373459201,1373469839,1373469839,177,177,4,1,0,2,97,718210,26,0,100,81.53325628994305,5.425989613065816,17.776137898386267,81,shatterednirvana,172,0.5755813953488372,12,false,false
1750965,AppScale/appscale,592,1373401027,1373401753,1373401753,12,12,4,10,1,6,97,718195,229,0,642,81.53495916847096,5.42610293861695,17.776509165338105,162,shatterednirvana,171,0.5730994152046783,24,false,false
1718528,AppScale/appscale,590,1373290075,1373290165,1373290165,1,1,4,1,0,1,97,718195,4,0,12,81.53495916847096,5.42610293861695,17.776509165338105,162,shatterednirvana,170,0.5705882352941176,24,false,false
1717941,AppScale/appscale,589,1373288093,1373289223,1373289223,18,18,4,1,0,2,97,718195,12,0,99,81.53495916847096,5.42610293861695,17.776509165338105,162,shatterednirvana,169,0.5680473372781065,24,false,false
1702845,AppScale/appscale,588,1373049967,1373289410,1373289410,3990,3990,4,1,0,1,97,718195,0,0,37,81.53495916847096,5.42610293861695,17.776509165338105,162,shatterednirvana,168,0.5714285714285714,24,false,false
1702335,AppScale/appscale,587,1373042440,1373043852,1373043852,23,23,4,1,0,1,97,718195,0,0,37,81.53495916847096,5.42610293861695,17.776509165338105,162,DrOctogon,18,0.2777777777777778,0,true,false
1696200,AppScale/appscale,586,1372942274,1372944809,1372944809,42,42,4,1,0,2,97,718195,31,0,98,81.53495916847096,5.42610293861695,17.776509165338105,162,shatterednirvana,167,0.5688622754491018,24,false,false
1688053,AppScale/appscale,585,1372872138,1372879890,1372879890,129,129,4,2,4,2,97,718162,89,0,70,81.53870575162706,5.426352271493061,17.777326007223994,162,jovanchohan,51,0.6862745098039216,0,false,false
1690572,AppScale/appscale,584,1372870867,1372871489,1372871489,10,10,4,1,1,1,97,718149,22,0,1,81.54018177286329,5.426450499826638,17.77764781403302,81,shatterednirvana,166,0.5662650602409639,12,false,false
1689816,AppScale/appscale,583,1372863184,1372864359,1372864359,19,19,4,1,1,1,97,718149,5,0,92,81.54018177286329,5.426450499826638,17.77764781403302,81,shatterednirvana,165,0.5636363636363636,12,false,false
1689743,AppScale/appscale,582,1372862301,1372862749,1372862749,7,7,4,1,0,1,97,718149,0,6,6,81.54018177286329,5.426450499826638,17.77764781403302,162,jovanchohan,50,0.68,0,false,false
1682212,AppScale/appscale,581,1372797045,1372885540,1372885540,1474,1474,4,3,0,3,97,718149,128,0,188,81.54018177286329,5.426450499826638,17.77764781403302,162,shatterednirvana,164,0.5670731707317073,24,false,false
1680793,AppScale/appscale,580,1372780475,1372783405,1372783405,48,48,4,1,1,2,97,718134,26,0,3,81.54188494069352,5.426563844630668,17.778019144059463,81,shatterednirvana,163,0.5705521472392638,12,false,false
1680690,AppScale/appscale,579,1372779283,1372779753,1372779753,7,7,4,1,2,1,97,718134,2,0,0,81.54188494069352,5.426563844630668,17.778019144059463,162,nlake44,117,0.6068376068376068,22,false,false
1676929,AppScale/appscale,578,1372712209,1372779174,1372779174,1116,1116,4,2,0,1,97,718116,38,0,60,81.54392883600978,5.426699864645823,17.77846476056793,81,jovanchohan,49,0.6938775510204082,0,false,false
1675985,AppScale/appscale,577,1372697370,,1372791502,1568,,4,8,0,9,97,718116,52,0,380,81.54392883600978,5.426699864645823,17.77846476056793,81,DrOctogon,17,0.29411764705882354,0,true,false
1672598,AppScale/appscale,576,1372622689,1372772795,1372772795,2501,2501,4,10,1,6,96,718116,303,0,622,81.54392883600978,5.426699864645823,17.77846476056793,162,shatterednirvana,162,0.5740740740740741,24,false,false
1662296,AppScale/appscale,575,1372364753,1372366980,1372366980,37,37,4,1,0,4,97,718106,23,0,100,81.5450643776824,5.426775434267364,17.778712334947766,162,DrOctogon,16,0.25,0,true,false
1654174,AppScale/appscale,574,1372273921,1372279954,1372279954,100,100,4,2,1,3,97,718106,41,0,91,81.5450643776824,5.426775434267364,17.778712334947766,162,shatterednirvana,161,0.5714285714285714,24,false,false
1651898,AppScale/appscale,573,1372249096,1372255003,1372255003,98,98,4,1,0,1,97,718082,0,0,0,81.54778980673515,5.426956809946496,17.779306541592746,162,shatterednirvana,160,0.575,24,false,false
1649527,AppScale/appscale,572,1372194580,1372194925,1372194925,5,5,4,8,0,3,97,718082,55,0,134,81.54778980673515,5.426956809946496,17.779306541592746,162,jovanchohan,48,0.7083333333333334,0,false,false
1649212,AppScale/appscale,571,1372190216,1372193641,1372193641,57,57,4,6,0,1,97,718082,186,0,24,81.54778980673515,5.426956809946496,17.779306541592746,162,shatterednirvana,159,0.5786163522012578,24,false,false
1648690,AppScale/appscale,570,1372184686,1372185115,1372185115,7,7,4,1,0,1,97,718079,10,0,5,81.54813049817639,5.426979482758861,17.77938082021616,162,shatterednirvana,158,0.5822784810126582,24,false,false
1647839,AppScale/appscale,569,1372176200,,1372252466,1271,,4,5,0,10,97,718079,99,0,260,81.54813049817639,5.426979482758861,17.77938082021616,162,DrOctogon,15,0.26666666666666666,0,true,false
1647800,AppScale/appscale,568,1372175685,1372187066,1372187066,189,189,4,4,0,4,97,718079,12,0,235,81.54813049817639,5.426979482758861,17.77938082021616,162,shatterednirvana,157,0.5859872611464968,24,false,false
1630694,AppScale/appscale,566,1371831187,1371831456,1371831456,4,4,4,2,0,2,97,718048,15,0,6,81.55165114309906,5.427213779580195,17.780148402335218,81,shatterednirvana,156,0.5897435897435898,12,false,false
1630262,AppScale/appscale,564,1371825003,1372108336,1372108336,4722,4722,4,2,0,1,97,718048,134,0,2,81.55165114309906,5.427213779580195,17.780148402335218,162,shatterednirvana,155,0.5935483870967742,24,false,false
1626641,AppScale/appscale,563,1371760075,,1371760111,0,,4,4,0,2,97,718048,0,0,69,81.55165114309906,5.427213779580195,17.780148402335218,162,DrOctogon,14,0.2857142857142857,0,true,false
1626602,AppScale/appscale,562,1371759616,1371760662,1371760662,17,17,4,2,0,3,97,718048,90,0,200,81.55165114309906,5.427213779580195,17.780148402335218,162,shatterednirvana,154,0.5974025974025974,24,false,false
1626198,AppScale/appscale,561,1371754874,1371755140,1371755140,4,4,4,1,0,1,97,718042,12,0,5,81.55233259335805,5.427259129688793,17.7802969742717,162,shatterednirvana,153,0.6013071895424836,24,false,false
1624605,AppScale/appscale,560,1371735481,1371738176,1371738176,44,44,4,1,1,2,97,718033,20,6,8,81.5519620964496,5.427327156272762,17.78051983683201,81,shatterednirvana,152,0.6052631578947368,12,false,false
1690447,AppScale/appscale,559,1371648998,1371649038,1371649038,0,0,4,1,0,2,97,718032,11,17,6,81.54789758673708,5.427334714887359,17.78054459968358,162,shatterednirvana,151,0.6026490066225165,24,false,false
1614450,AppScale/appscale,558,1371580517,1371580930,1371580930,6,6,4,3,0,1,97,718032,0,6,0,81.54789758673708,5.427334714887359,17.78054459968358,81,jovanchohan,47,0.7021276595744681,0,false,false
1613787,AppScale/appscale,557,1371573849,1371575269,1371575269,23,23,4,1,0,1,97,718032,2,0,0,81.54789758673708,5.427334714887359,17.78054459968358,162,jovanchohan,46,0.717391304347826,0,false,false
1613548,AppScale/appscale,556,1371571294,1371571338,1371571338,0,0,4,1,0,1,97,718032,0,5,2,81.54511219555674,5.427334714887359,17.78054459968358,162,shatterednirvana,150,0.6066666666666667,24,false,false
1613342,AppScale/appscale,555,1371568806,1371568858,1371568858,0,0,4,1,0,1,97,718031,3,0,2,81.54522576323306,5.42734227352301,17.78056936260412,162,shatterednirvana,149,0.610738255033557,24,false,false
1597211,AppScale/appscale,553,1371217383,1371225775,1371225775,139,139,4,2,0,6,97,718031,6,0,74,81.54522576323306,5.42734227352301,17.78056936260412,162,shatterednirvana,148,0.6148648648648649,24,false,false
1593918,AppScale/appscale,552,1371157596,1371159797,1371159797,36,36,4,3,0,1,97,718031,9,0,276,81.54522576323306,5.42734227352301,17.78056936260412,162,nlake44,115,0.6173913043478261,22,false,false
1593559,AppScale/appscale,551,1371152610,1371159797,1371159797,119,119,4,1,0,1,97,718031,2,0,92,81.54522576323306,5.42734227352301,17.78056936260412,162,shatterednirvana,147,0.6190476190476191,24,false,false
1587869,AppScale/appscale,550,1371065317,1371128906,1371128906,1059,1059,4,2,2,1,97,718030,18,0,176,81.5453393312257,5.427349832179714,17.780594125593638,162,nlake44,114,0.6228070175438597,22,false,false
1586926,AppScale/appscale,549,1371054265,1371054398,1371054398,2,2,4,1,0,2,97,718026,4,0,4,81.54579360635967,5.427380067017071,17.780693178241457,162,nlake44,113,0.6283185840707964,22,false,false
1583044,AppScale/appscale,548,1370985742,1370985907,1370985907,2,2,4,1,0,1,97,718026,4,0,2,81.54579360635967,5.427380067017071,17.780693178241457,162,nlake44,112,0.625,22,false,false
1588235,AppScale/appscale,547,1370984872,,1371070808,1432,,4,4,0,3,97,718026,3,0,93,81.54579360635967,5.427380067017071,17.780693178241457,81,DrOctogon,13,0.3076923076923077,0,true,false
1582829,AppScale/appscale,546,1370982527,1371048450,1371048450,1098,1098,4,1,0,1,97,718026,2,0,2,81.54579360635967,5.427380067017071,17.780693178241457,162,shatterednirvana,146,0.6232876712328768,24,false,false
1581138,AppScale/appscale,545,1370961447,1370961484,1370961484,0,0,4,1,0,1,97,718026,2,0,3,81.54579360635967,5.427380067017071,17.780693178241457,162,nlake44,111,0.6306306306306306,22,false,false
1577662,AppScale/appscale,544,1370897992,1370960557,1370960557,1042,1042,4,1,0,1,97,718028,3,0,5,81.54556646816,5.427364949556285,17.7806436517796,81,nlake44,110,0.6363636363636364,11,false,false
1577595,AppScale/appscale,543,1370896524,1370896786,1370896786,4,4,4,1,0,1,97,718028,5,0,7,81.54556646816,5.427364949556285,17.7806436517796,81,jovanchohan,45,0.7333333333333333,0,false,false
1577020,AppScale/appscale,542,1370889114,1370890482,1370890482,22,22,4,2,2,3,97,718034,30,0,7,81.5448850611531,5.427319597679219,17.78049507404942,162,nlake44,109,0.6422018348623854,22,false,false
1565771,AppScale/appscale,541,1370618438,1370619704,1370619704,21,21,4,2,0,1,97,718032,2,0,102,81.54511219555674,5.427334714887359,17.78054459968358,162,nlake44,108,0.6481481481481481,22,false,false
1561590,AppScale/appscale,540,1370548498,1370548619,1370548619,2,2,4,3,0,1,97,718040,16,0,189,81.54420366553396,5.42727424656008,17.780346498802295,162,shatterednirvana,145,0.6275862068965518,24,false,false
1561425,AppScale/appscale,539,1370546703,1370548673,1370548673,32,32,4,2,0,1,97,718040,90,0,4,81.54420366553396,5.42727424656008,17.780346498802295,162,jovanchohan,44,0.75,0,false,false
1560839,AppScale/appscale,538,1370540261,1370540368,1370540368,1,1,4,1,0,1,97,718040,2,0,2,81.54420366553396,5.42727424656008,17.780346498802295,162,shatterednirvana,144,0.6319444444444444,24,false,false
1560221,AppScale/appscale,537,1370533286,1370533555,1370533555,4,4,4,1,0,1,97,718040,3,0,2,81.54420366553396,5.42727424656008,17.780346498802295,81,nlake44,107,0.6448598130841121,11,false,false
1560125,AppScale/appscale,536,1370532090,1370532942,1370532942,14,14,4,3,0,1,97,718017,8,0,1,81.54681574391692,5.42744809663281,17.780916050734174,162,nlake44,106,0.6415094339622641,22,false,false
1556249,AppScale/appscale,535,1370465111,1370532940,1370532940,1130,1130,4,9,8,4,97,718017,97,0,25,81.54681574391692,5.42744809663281,17.780916050734174,162,nlake44,105,0.6476190476190476,22,false,false
1555983,AppScale/appscale,534,1370461336,1370461405,1370461405,1,1,4,1,0,1,97,718017,7,0,1,81.54681574391692,5.42744809663281,17.780916050734174,162,jovanchohan,43,0.7441860465116279,0,false,false
1555872,AppScale/appscale,533,1370459743,1370462827,1370462827,51,51,4,2,0,1,97,718017,6,0,10,81.54681574391692,5.42744809663281,17.780916050734174,81,shatterednirvana,143,0.6293706293706294,12,false,false
1554676,AppScale/appscale,532,1370444832,1370445202,1370445202,6,6,4,1,0,2,97,718011,7,0,1,81.5474971831908,5.427493450657441,17.781064635500012,162,nlake44,104,0.6442307692307693,22,false,false
1554354,AppScale/appscale,531,1370441146,1370442145,1370442145,16,16,4,1,0,1,97,718012,2,0,87,81.54738360918759,5.427485891600698,17.781039871199923,162,nlake44,103,0.6407766990291263,22,true,false
1550393,AppScale/appscale,530,1370374638,1370378894,1370378894,70,70,4,1,0,1,97,717909,2,0,90,81.55908339357775,5.428264585065795,17.783590956513986,81,nlake44,102,0.6372549019607843,11,true,false
1550237,AppScale/appscale,529,1370373176,1370376239,1370376239,51,51,4,2,0,2,97,717909,45,0,7,81.55908339357775,5.428264585065795,17.783590956513986,162,jovanchohan,42,0.7380952380952381,0,false,false
1549799,AppScale/appscale,528,1370368737,1370383391,1370383391,244,244,4,1,0,1,97,717909,2,0,1,81.55908339357775,5.428264585065795,17.783590956513986,162,nlake44,101,0.6336633663366337,22,false,false
1732945,AppScale/appscale,527,1370277370,1370292927,1370292927,259,259,4,4,7,5,97,717890,133,56,477,81.56681385727619,5.428408251960607,17.78545459610804,162,nlake44,100,0.63,22,false,false
1541892,AppScale/appscale,526,1369944130,1369944376,1369944376,4,4,4,1,0,1,97,717889,12,0,2,81.56692747764626,5.42841581358678,17.785479370766232,162,shatterednirvana,142,0.6338028169014085,24,false,false
1536274,AppScale/appscale,525,1369854506,,1371217996,22724,,4,1,0,3,97,717728,76,14,59,81.35393909670516,5.428240224709082,17.78250256364528,162,nlake44,99,0.6363636363636364,22,false,false
1536085,AppScale/appscale,524,1369852132,1369852188,1369852188,0,0,3,5,0,15,98,717691,1502,0,21,81.35813323561254,5.428520073402063,17.783419326701882,162,jovanchohan,41,0.7560975609756098,0,false,false
1534785,AppScale/appscale,523,1369835816,,1369854459,310,,3,1,0,3,98,717691,76,14,59,81.35813323561254,5.428520073402063,17.783419326701882,162,nlake44,98,0.6428571428571429,22,false,false
1531239,AppScale/appscale,522,1369776661,,1370379174,10041,,3,21,1,16,98,717691,1811,0,1152,81.35813323561254,5.428520073402063,17.783419326701882,162,DrOctogon,12,0.3333333333333333,0,true,false
1529362,AppScale/appscale,521,1369753606,1369755133,1369755133,25,25,2,1,0,1,98,717697,12,0,6,81.35745307560155,5.428474690572763,17.78327065600107,162,nlake44,97,0.6494845360824743,22,false,false
1529300,AppScale/appscale,520,1369752834,1369853464,1369853464,1677,1677,2,5,1,7,98,717697,548,219,96,81.35745307560155,5.428474690572763,17.78327065600107,162,shatterednirvana,141,0.6382978723404256,24,false,false
1529063,AppScale/appscale,519,1369750021,1369753963,1369753963,65,65,2,3,1,1,98,717697,52,0,3,81.35745307560155,5.428474690572763,17.78327065600107,162,nlake44,96,0.65625,22,false,false
1513565,AppScale/appscale,518,1369411137,1369419134,1369419134,133,133,2,2,0,2,98,537814,84,0,129,81.01127899236539,6.682607741709959,20.168682853179725,162,nlake44,95,0.6631578947368421,22,false,false
1513566,AppScale/appscale,516,1369321727,1369411150,1369411150,1490,1490,2,1,0,1,98,537814,75,0,47,81.01127899236539,6.682607741709959,20.168682853179725,81,nlake44,93,0.6774193548387096,11,false,false
1503766,AppScale/appscale,512,1369076874,1369077281,1369077281,6,6,2,3,0,2,98,539492,16,0,1,81.06144298710639,6.661822603486242,20.105951524767743,162,shatterednirvana,140,0.6428571428571429,22,false,false
1503670,AppScale/appscale,511,1369075890,1369077130,1369077130,20,20,2,1,0,1,98,539492,0,0,0,81.06144298710639,6.661822603486242,20.105951524767743,81,shatterednirvana,139,0.6474820143884892,11,false,false
1473473,AppScale/appscale,509,1368477513,1368484242,1368484242,112,112,2,2,0,2,98,539485,17,0,43,81.06249478669473,6.661909042883491,20.106212406276356,162,nlake44,92,0.6739130434782609,22,false,false
1471388,AppScale/appscale,508,1368456470,,1368456579,1,,2,250,0,110,98,538005,12984,1791,5590,79.14052843375062,6.566853467904574,19.780485311474802,162,shatterednirvana,137,0.656934306569343,22,true,false
1465981,AppScale/appscale,507,1368318338,1369082532,1369082532,12736,12736,2,4,0,1,98,539485,74,0,6,81.06249478669473,6.661909042883491,20.106212406276356,162,nlake44,91,0.6813186813186813,22,false,false
1463109,AppScale/appscale,505,1368224712,1368232457,1368232457,129,129,2,1,0,1,98,539485,2,0,1,81.06249478669473,6.661909042883491,20.106212406276356,162,nlake44,89,0.6966292134831461,22,false,false
1462068,AppScale/appscale,504,1368208670,1368208811,1368208811,2,2,2,1,1,1,98,539485,2,0,54,81.06249478669473,6.661909042883491,20.106212406276356,81,briandrawert,11,0.45454545454545453,0,false,false
1461151,AppScale/appscale,503,1368196066,1368196734,1368196734,11,11,2,3,0,6,98,539485,6,0,73,81.06249478669473,6.661909042883491,20.106212406276356,162,shatterednirvana,136,0.6617647058823529,22,false,false
1461145,AppScale/appscale,502,1368196019,,1368196656,10,,2,1,0,7,98,539485,0,0,19,81.06249478669473,6.661909042883491,20.106212406276356,162,DrOctogon,10,0.4,0,true,false
1460780,AppScale/appscale,501,1368191786,1368194150,1368194150,39,39,2,1,0,1,98,539477,0,0,3,81.06369687678992,6.6620078335128285,20.106510564861896,162,shatterednirvana,135,0.6666666666666666,22,false,false
1458056,AppScale/appscale,500,1368135047,1368194107,1368194107,984,984,2,1,0,1,98,539477,9,0,53,81.06369687678992,6.6620078335128285,20.106510564861896,162,briandrawert,10,0.5,0,false,false
1457633,AppScale/appscale,499,1368129048,1368129127,1368129127,1,1,2,1,0,1,98,539477,0,0,8,81.06369687678992,6.6620078335128285,20.106510564861896,162,shatterednirvana,134,0.6716417910447762,22,false,false
1457551,AppScale/appscale,498,1368128158,1368128202,1368128202,0,0,2,1,0,1,98,539477,0,0,13,81.06369687678992,6.6620078335128285,20.106510564861896,162,shatterednirvana,133,0.6766917293233082,22,false,false
1457251,AppScale/appscale,497,1368124095,1368126583,1368126583,41,41,2,2,0,1,98,539477,26,0,198,81.06369687678992,6.6620078335128285,20.106510564861896,162,shatterednirvana,132,0.6818181818181818,22,false,false
1456186,AppScale/appscale,496,1368112113,1368112391,1368112391,4,4,2,1,0,1,98,539475,23,0,39,81.06399740488438,6.662032531627972,20.106585105889984,162,shatterednirvana,131,0.6870229007633588,22,false,false
1694731,AppScale/appscale,495,1368110315,1368111122,1368111122,13,13,2,1,0,1,98,539475,4,0,3,81.06399740488438,6.662032531627972,20.106585105889984,162,nlake44,88,0.6931818181818182,22,false,false
1455975,AppScale/appscale,494,1368109291,1368109328,1368109328,0,0,2,1,0,1,98,539475,2,0,77,81.06399740488438,6.662032531627972,20.106585105889984,162,nlake44,87,0.7011494252873564,22,false,false
1452834,AppScale/appscale,493,1368046928,1369318496,1369318496,21192,21192,2,3,0,1,98,539475,8,0,71,81.06399740488438,6.662032531627972,20.106585105889984,162,briandrawert,9,0.5555555555555556,0,false,false
1452666,AppScale/appscale,492,1368044631,1368044712,1368044712,1,1,2,1,0,1,98,539476,1,0,0,81.06384714055862,6.66202018254751,20.106547835306856,162,nlake44,86,0.7093023255813954,22,false,false
1452579,AppScale/appscale,491,1368043209,1368043510,1368043510,5,5,2,1,0,1,98,539472,8,0,38,81.06444820120413,6.662069579144052,20.10669691846843,162,shatterednirvana,130,0.6923076923076923,22,false,false
1451582,AppScale/appscale,490,1368030642,1368030676,1368030676,0,0,2,1,0,1,98,539472,9,0,2,81.06444820120413,6.662069579144052,20.10669691846843,162,jovanchohan,40,0.775,0,false,false
1451233,AppScale/appscale,489,1368026018,1369240746,1369240746,20245,20245,2,1,1,1,98,539470,5,0,5,81.08143177563164,6.662094277717018,20.110478803269874,162,deepy,2,0.0,0,false,false
1450347,AppScale/appscale,488,1368016109,1368025687,1368025687,159,159,2,5,3,2,98,539422,193,45,189,81.10903893426668,6.6626870984127455,20.115975989114276,162,shatterednirvana,129,0.6976744186046512,22,false,false
1447455,AppScale/appscale,487,1367960621,1369233638,1369233638,21216,21216,2,4,1,10,98,539422,2927,181,329,81.10903893426668,6.6626870984127455,20.115975989114276,162,nlake44,85,0.7176470588235294,22,false,false
1447167,AppScale/appscale,486,1367956292,1367960302,1367960302,66,66,2,7,5,2,98,539408,98,11,160,81.10929018479519,6.662860024322962,20.116498086791445,162,shatterednirvana,128,0.703125,22,false,false
1446535,AppScale/appscale,485,1367948284,1367956256,1367956256,132,132,2,2,2,2,98,539408,33,0,104,81.10929018479519,6.662860024322962,20.116498086791445,162,shatterednirvana,127,0.7086614173228346,22,false,false
1446291,AppScale/appscale,484,1367945579,1367945864,1367945864,4,4,2,1,0,2,98,539407,1,67,9,81.20955048785055,6.664726264212367,20.116535380519718,162,shatterednirvana,126,0.7063492063492064,22,false,false
1445634,AppScale/appscale,483,1367933705,1368027554,1368027554,1564,1564,2,3,0,7,98,539410,358,11,1,81.20909883020337,6.664689197456481,20.116423499749725,162,nlake44,84,0.7261904761904762,22,false,false
1440984,AppScale/appscale,482,1367852539,1367854739,1367854739,36,36,2,1,0,1,98,539402,2,0,5,81.21030326176025,6.664788043055087,20.116721851235255,162,briandrawert,8,0.625,0,false,false
1440882,AppScale/appscale,481,1367851134,1368108006,1368108006,4281,4281,2,2,0,13,98,539402,4,0,80,81.21030326176025,6.664788043055087,20.116721851235255,162,DrOctogon,9,0.4444444444444444,0,false,false
1440319,AppScale/appscale,480,1367843920,1367854785,1367854785,181,181,2,1,0,1,98,539402,23,0,43,81.21030326176025,6.664788043055087,20.116721851235255,162,shatterednirvana,125,0.712,22,false,false
1438339,AppScale/appscale,479,1367797980,1368032433,1368032433,3907,3907,2,10,0,18,98,539402,504,0,638,81.21030326176025,6.664788043055087,20.116721851235255,162,shatterednirvana,124,0.717741935483871,22,false,false
1438303,AppScale/appscale,478,1367796816,1367858887,1367858887,1034,1034,2,3,0,1,98,539402,16,0,231,81.21030326176025,6.664788043055087,20.116721851235255,162,shatterednirvana,123,0.7235772357723578,22,false,false
1437251,AppScale/appscale,477,1367767949,1367799725,1367799725,529,529,2,2,1,2,98,539402,63,0,104,81.21030326176025,6.664788043055087,20.116721851235255,162,shatterednirvana,122,0.7295081967213115,22,false,false
1433078,AppScale/appscale,476,1367622602,1367690500,1367690500,1131,1131,2,1,0,2,98,539402,22,0,103,81.21030326176025,6.664788043055087,20.116721851235255,162,shatterednirvana,121,0.7355371900826446,22,false,false
1432507,AppScale/appscale,475,1367611108,1367614417,1367614417,55,55,2,3,12,4,98,539373,124,63,173,81.12567740691506,6.659584369258379,20.10297141310373,81,briandrawert,7,0.7142857142857143,0,false,false
1431221,AppScale/appscale,474,1367595450,1367945069,1367945069,5826,5826,2,8,2,6,98,539373,86,0,422,81.12567740691506,6.659584369258379,20.10297141310373,162,shatterednirvana,120,0.7416666666666667,22,false,false
1427238,AppScale/appscale,473,1367527526,1367528526,1367528526,16,16,2,2,1,2,98,539373,2,16,33,81.12196939780078,6.659584369258379,20.10297141310373,162,shatterednirvana,119,0.7478991596638656,22,false,false
1427180,AppScale/appscale,472,1367526453,1367526490,1367526490,0,0,2,1,0,1,98,539373,0,0,6,81.12196939780078,6.659584369258379,20.10297141310373,162,jovanchohan,39,0.7948717948717948,0,false,false
1427039,AppScale/appscale,471,1367524306,1367524612,1367524612,5,5,2,1,0,1,98,539370,6,0,0,81.12242060181322,6.65962141016371,20.103083226727477,162,shatterednirvana,118,0.7542372881355932,22,false,false
1427032,AppScale/appscale,470,1367524238,1367524343,1367524343,1,1,2,1,0,1,98,539370,9,0,0,81.12242060181322,6.65962141016371,20.103083226727477,162,nlake44,83,0.7349397590361446,22,false,false
1425857,AppScale/appscale,469,1367511931,1367515328,1367515328,56,56,2,3,6,2,98,539394,210,2,92,81.11881111024594,6.659325094457855,20.10218875256306,162,nlake44,82,0.7439024390243902,22,false,false
1425636,AppScale/appscale,468,1367509190,1367516563,1367516563,122,122,2,7,2,4,98,539394,41,0,639,81.11881111024594,6.659325094457855,20.10218875256306,162,shatterednirvana,117,0.7606837606837606,22,false,false
1425410,AppScale/appscale,467,1367506291,1367585550,1367585550,1320,1320,2,4,2,12,98,539394,324,0,110,81.11881111024594,6.659325094457855,20.10218875256306,162,DrOctogon,8,0.5,0,false,false
1421618,AppScale/appscale,465,1367440804,1367440877,1367440877,1,1,2,1,0,1,98,539394,0,0,24,81.11881111024594,6.659325094457855,20.10218875256306,162,shatterednirvana,116,0.7672413793103449,22,false,false
1421517,AppScale/appscale,464,1367439192,1367439260,1367439260,1,1,2,1,0,1,98,539394,0,9,7,81.13364256925365,6.661179026833817,20.104042684939024,81,nlake44,81,0.7530864197530864,11,false,false
1421083,AppScale/appscale,463,1367433533,1367442992,1367442992,157,157,2,4,0,1,98,539386,42,0,225,81.10147463968289,6.663131783175685,20.09692502215482,162,shatterednirvana,115,0.7739130434782608,22,false,false
1420271,AppScale/appscale,462,1367425656,1367438640,1367438640,216,216,2,17,0,17,98,539386,1819,148,323,81.10147463968289,6.663131783175685,20.09692502215482,162,nlake44,80,0.7625,22,false,false
1420073,AppScale/appscale,461,1367423265,1367424056,1367424056,13,13,2,9,3,15,98,539386,1620,0,135,81.10147463968289,6.663131783175685,20.09692502215482,162,DrOctogon,7,0.5714285714285714,0,false,false
1416438,AppScale/appscale,460,1367354486,1367355690,1367355690,20,20,2,2,0,3,98,539322,26,28,94,81.06659843284716,6.665776660325371,20.106726593760314,162,shatterednirvana,114,0.7807017543859649,22,false,false
1414895,AppScale/appscale,459,1367335169,1367335199,1367335199,0,0,2,1,0,1,98,539322,0,0,1,81.06659843284716,6.665776660325371,20.106726593760314,81,jovanchohan,38,0.8157894736842105,0,false,false
1414805,AppScale/appscale,458,1367334083,1367434518,1367434518,1673,1673,2,10,7,6,98,539322,178,0,336,81.06659843284716,6.665776660325371,20.106726593760314,162,shatterednirvana,113,0.7876106194690266,22,false,false
1414637,AppScale/appscale,457,1367332191,1367339669,1367339669,124,124,2,1,3,1,98,539322,55,0,34,81.06659843284716,6.665776660325371,20.106726593760314,162,deepy,1,0.0,0,false,false
1414139,AppScale/appscale,456,1367326811,1367329392,1367329392,43,43,2,1,2,1,98,539321,2,0,1,81.06674874518144,6.665789019897241,20.1067638753173,162,deepy,0,0,0,false,false
1414136,AppScale/appscale,455,1367326777,1367328385,1367328385,26,26,2,1,1,1,98,539321,7,0,12,81.06674874518144,6.665789019897241,20.1067638753173,162,shatterednirvana,112,0.7946428571428571,22,false,false
1410893,AppScale/appscale,453,1367269262,,1367269371,1,,2,2,0,2,98,539365,46,0,14,81.0601355297433,6.665245242090236,20.10512361758735,162,nlake44,79,0.7721518987341772,22,true,false
1410731,AppScale/appscale,452,1367266830,1367267701,1367267701,14,14,2,1,4,2,98,539365,757,0,24,81.0601355297433,6.665245242090236,20.10512361758735,162,shatterednirvana,111,0.8018018018018018,22,false,false
1410730,AppScale/appscale,451,1367266815,1367267718,1367267718,15,15,2,1,1,1,98,539365,2,0,74,81.0601355297433,6.665245242090236,20.10512361758735,162,shatterednirvana,110,0.8090909090909091,22,false,false
1372873,AppScale/appscale,450,1366993723,1366995674,1366995674,32,32,2,2,9,3,98,538065,144,0,37,79.21719494856569,6.573555239608598,19.79872320258705,162,jovanchohan,37,0.8378378378378378,0,false,false
1748044,AppScale/appscale,449,1366938373,1366986767,1366986767,806,806,2,1,0,1,98,538065,2,0,4,79.21719494856569,6.573555239608598,19.79872320258705,81,shatterednirvana,109,0.8165137614678899,11,false,false
1745257,AppScale/appscale,448,1366902364,1366903395,1366903395,17,17,2,1,0,1,98,538065,1,0,6,79.21719494856569,6.573555239608598,19.79872320258705,162,jovanchohan,36,0.8333333333333334,0,false,false
1409655,AppScale/appscale,447,1366815744,1367255323,1367255323,7326,7326,2,73,0,2514,98,538065,48669,1827,545,79.21719494856569,6.573555239608598,19.79872320258705,162,DrOctogon,6,0.6666666666666666,0,false,false
1369518,AppScale/appscale,446,1366807243,1367255320,1367255320,7467,7467,2,132,178,2537,98,538065,56186,2323,1301,79.21719494856569,6.573555239608598,19.79872320258705,162,shatterednirvana,108,0.8240740740740741,22,false,false
1737924,AppScale/appscale,445,1366747757,1366748345,1366748345,9,9,2,1,0,2,98,538065,76,0,3,79.21719494856569,6.573555239608598,19.79872320258705,162,jovanchohan,35,0.8285714285714286,0,false,false
1409654,AppScale/appscale,444,1366727455,1367255323,1367255323,8797,8797,2,71,0,2512,98,538065,48647,1827,545,79.21719494856569,6.573555239608598,19.79872320258705,162,briandrawert,6,0.8333333333333334,0,false,false
1733319,AppScale/appscale,443,1366661866,1366662025,1366662025,2,2,2,1,0,1,98,538065,16,0,2,79.21719494856569,6.573555239608598,19.79872320258705,81,jovanchohan,34,0.8235294117647058,0,false,false
1325708,AppScale/appscale,442,1366658459,1366659326,1366659326,14,14,2,2,1,1,98,538065,22,0,6,79.21719494856569,6.573555239608598,19.79872320258705,162,jovanchohan,33,0.8181818181818182,0,false,false
1399743,AppScale/appscale,441,1366643122,1366643183,1366643183,1,1,2,1,0,1,98,538065,5,0,2,79.21719494856569,6.573555239608598,19.79872320258705,162,jovanchohan,32,0.8125,0,false,false
1391262,AppScale/appscale,440,1366397799,1366400205,1366400205,40,40,2,1,0,3,98,538014,104,65,62,79.14663930678384,6.568602304029263,19.782013107465602,162,nlake44,78,0.7692307692307693,22,false,false
1390788,AppScale/appscale,439,1366389577,1366389733,1366389733,2,2,2,2,0,6,98,538015,11,7,18,79.1390574612232,6.5667314108342705,19.780117654712228,162,jovanchohan,31,0.8064516129032258,0,false,false
1386294,AppScale/appscale,438,1366299542,1367420198,1367420198,18677,18677,2,11,2,3,98,538015,851,209,686,79.1390574612232,6.5667314108342705,19.780117654712228,162,shatterednirvana,107,0.8317757009345794,22,false,false
1386079,AppScale/appscale,437,1366296308,1366296315,1366296316,0,0,2,1,0,1,99,538023,28,0,64,79.13788072257134,6.566633768444843,19.779823539142377,162,shatterednirvana,106,0.8301886792452831,22,false,false
1385995,AppScale/appscale,436,1366295049,1366295596,1366295596,9,9,2,1,0,1,99,538015,28,0,63,79.1390574612232,6.5667314108342705,19.780117654712228,162,shatterednirvana,105,0.8285714285714286,22,false,false
1381801,AppScale/appscale,435,1366214789,1366214882,1366214882,1,1,1,1,0,1,99,538015,0,0,0,79.1390574612232,6.5667314108342705,19.780117654712228,162,jovanchohan,30,0.8,0,false,false
1377815,AppScale/appscale,434,1366136768,1366136862,1366136862,1,1,0,1,0,3,100,538005,275,0,1,79.14052843375062,6.566853467904574,19.780485311474802,162,jovanchohan,29,0.7931034482758621,0,false,false
1318118,AppScale/appscale,433,1366062567,1366397889,1366397889,5588,5588,0,4,4,4,100,538005,150,91,0,79.14052843375062,6.566853467904574,19.780485311474802,162,nlake44,77,0.7792207792207793,22,false,false
1373876,AppScale/appscale,432,1366055439,1366057329,1366057329,31,31,0,2,0,2,100,538005,0,0,14,79.14052843375062,6.566853467904574,19.780485311474802,162,briandrawert,5,0.8,0,false,false
1370670,AppScale/appscale,431,1365998034,1366135881,1366135881,2297,2297,0,98,0,31,100,537831,2999,600,1704,78.79240876780996,6.535510225331005,19.753416965552375,162,shatterednirvana,104,0.8269230769230769,22,true,false
1361660,AppScale/appscale,430,1365741420,1365782027,1365782027,676,676,0,10,0,6,100,538114,618,265,375,79.07989756817328,6.565523290603849,19.78019527460724,81,shatterednirvana,103,0.8252427184466019,11,false,false
1359723,AppScale/appscale,429,1365699035,1365699141,1365699141,1,1,0,1,0,1,100,537849,2,0,4,78.81022368731743,6.537150761644997,19.75461514291186,162,shatterednirvana,102,0.8235294117647058,22,false,false
1356496,AppScale/appscale,428,1365628279,1365690429,1365690429,1035,1035,0,1,0,1,100,537849,8,0,0,78.81022368731743,6.537150761644997,19.75461514291186,81,jovanchohan,28,0.7857142857142857,0,true,false
1356169,AppScale/appscale,427,1365621870,1365622142,1365622142,4,4,0,4,0,2,100,537836,9,0,29,78.79167627306464,6.535449467867529,19.753233327631474,162,briandrawert,4,0.75,0,false,false
1310157,AppScale/appscale,426,1365535436,1365624741,1365624741,1488,1488,0,13,32,8,100,537836,640,12,508,78.79167627306464,6.535449467867529,19.753233327631474,162,shatterednirvana,101,0.8217821782178217,22,false,false
1351814,AppScale/appscale,425,1365534439,1365534493,1365534493,0,0,0,1,0,1,100,537832,2,0,1,78.79226226777135,6.535498073747936,19.75338023769504,162,briandrawert,3,0.6666666666666666,0,false,false
1351316,AppScale/appscale,424,1365525819,1365533678,1365533678,130,130,0,4,0,1,100,537832,316,0,90,78.79226226777135,6.535498073747936,19.75338023769504,162,shatterednirvana,100,0.82,22,false,false
1661220,AppScale/appscale,423,1365518944,1365519354,1365519354,6,6,0,1,0,1,100,537832,3,0,2,78.79226226777135,6.535498073747936,19.75338023769504,162,shatterednirvana,99,0.8181818181818182,22,false,false
1308890,AppScale/appscale,422,1365451810,1365525507,1365525507,1228,1228,0,6,3,2,100,537832,39,0,156,78.79226226777135,6.535498073747936,19.75338023769504,162,briandrawert,2,0.5,0,false,false
1347256,AppScale/appscale,421,1365440582,1365440861,1365440861,4,4,0,1,0,2,100,537832,12,0,47,78.79226226777135,6.535498073747936,19.75338023769504,162,shatterednirvana,98,0.8163265306122449,22,false,false
1347221,AppScale/appscale,420,1365440044,1365440103,1365440103,0,0,0,1,0,1,100,537832,2,0,6,78.79226226777135,6.535498073747936,19.75338023769504,81,nlake44,76,0.7763157894736842,10,false,false
1343415,AppScale/appscale,419,1365342870,1365430981,1365430981,1468,1468,0,1,0,1,100,537831,1,0,3,78.79240876780996,6.535510225331005,19.753416965552375,162,shatterednirvana,97,0.8144329896907216,22,false,false
1331339,AppScale/appscale,417,1365020393,1365020451,1365020451,0,0,0,166,0,67,100,537425,4926,1434,934,77.60710796855375,6.486486486486486,19.66227845745918,162,shatterednirvana,96,0.8125,22,true,false
1331277,AppScale/appscale,416,1365019312,1365535344,1365535344,8600,8600,0,1,0,1,100,537831,16,0,46,78.79240876780996,6.535510225331005,19.753416965552375,162,nlake44,75,0.7733333333333333,20,true,false
1326096,AppScale/appscale,415,1364913261,1364913435,1364913435,2,2,0,1,0,6,100,537830,6,0,66,78.79255526839336,6.535522376959262,19.753453693546287,162,shatterednirvana,95,0.8105263157894737,22,false,false
1326079,AppScale/appscale,414,1364912726,1364913061,1364913061,5,5,0,1,0,1,100,537830,12,0,45,78.79255526839336,6.535522376959262,19.753453693546287,162,nlake44,74,0.7702702702702703,20,false,false
1326003,AppScale/appscale,413,1364911205,1364911947,1364911947,12,12,0,1,0,1,100,537827,9,0,44,78.79299477341227,6.53555883211516,19.753563878347496,162,nlake44,73,0.7671232876712328,20,false,false
1322798,AppScale/appscale,409,1364848451,1364848882,1364848882,7,7,0,1,0,1,100,537836,120,0,43,78.79167627306464,6.535449467867529,19.753233327631474,162,nlake44,72,0.7638888888888888,20,false,false
1312722,AppScale/appscale,408,1364589583,1364590100,1364590100,8,8,0,1,0,2,100,537836,80,0,2,78.79167627306464,6.535449467867529,19.753233327631474,162,jovanchohan,27,0.7777777777777778,0,false,false
1299424,AppScale/appscale,407,1364574419,1364574952,1364574952,8,8,0,5,1,2,100,537658,593,93,229,78.78056310889079,6.535753211149094,19.75233326761622,162,nlake44,71,0.7605633802816901,20,false,false
1308162,AppScale/appscale,406,1364507669,1364507743,1364507743,1,1,0,1,0,1,100,537658,15,0,0,78.78056310889079,6.535753211149094,19.75233326761622,162,jovanchohan,26,0.7692307692307693,0,false,false
1307992,AppScale/appscale,405,1364505361,1364509147,1364509147,63,63,0,1,0,1,100,537658,5,0,7,78.78056310889079,6.535753211149094,19.75233326761622,162,shatterednirvana,94,0.8085106382978723,22,false,false
1306665,AppScale/appscale,403,1364477459,1364488086,1364488086,177,177,0,1,0,1,100,537658,17,0,55,78.78056310889079,6.535753211149094,19.75233326761622,162,shatterednirvana,93,0.8064516129032258,22,false,false
1302782,AppScale/appscale,402,1364419125,1364419257,1364419257,2,2,0,2,0,8,100,537658,382,0,0,78.78056310889079,6.535753211149094,19.75233326761622,162,jovanchohan,25,0.76,0,false,false
1302692,AppScale/appscale,401,1364418282,1364419595,1364419595,21,21,0,2,1,1,100,537658,14,0,106,78.78056310889079,6.535753211149094,19.75233326761622,162,shatterednirvana,92,0.8043478260869565,22,false,false
1302352,AppScale/appscale,400,1364413792,1364414974,1364414974,19,19,0,1,0,1,100,537656,4,0,2,78.78085616081658,6.535777523174669,19.752406743345187,162,shatterednirvana,91,0.8021978021978022,22,false,false
1301715,AppScale/appscale,399,1364405301,1364405542,1364405542,4,4,0,1,0,2,100,537644,17,0,72,78.78261451815699,6.53592339912656,19.75284760919865,81,nlake44,70,0.7571428571428571,10,false,false
1298125,AppScale/appscale,398,1364338452,1364397995,1364397995,992,992,0,1,0,1,100,537642,7,0,33,78.7829075853449,6.5359477124183005,19.752921088754224,162,nlake44,69,0.7536231884057971,20,false,false
1297550,AppScale/appscale,397,1364331391,1364332178,1364332178,13,13,0,1,0,1,100,537642,0,7,11,78.77546769039621,6.5359477124183005,19.752921088754224,162,shatterednirvana,90,0.8,22,false,false
1297252,AppScale/appscale,396,1364319801,1364327610,1364327610,130,130,0,3,1,1,100,537637,13,0,90,78.77620029871456,6.536008496439047,19.753104790034914,81,shatterednirvana,89,0.797752808988764,11,false,false
1296611,AppScale/appscale,395,1364315478,1364316980,1364316980,25,25,0,2,2,2,100,537621,46,0,132,78.77854473690574,6.536203012903142,19.753692657094867,81,shatterednirvana,88,0.7954545454545454,11,false,false
1296522,AppScale/appscale,394,1364315465,1364913602,1364913602,10028,10028,0,1,1,1,100,537621,1,0,2,78.77854473690574,6.536203012903142,19.753692657094867,162,shatterednirvana,87,0.7931034482758621,22,false,false
1296330,AppScale/appscale,393,1364311758,1364313686,1364313686,32,32,0,3,1,3,100,537621,0,0,15,78.77854473690574,6.536203012903142,19.753692657094867,162,DrOctogon,5,0.6,0,false,false
1311201,AppScale/appscale,392,1364247854,1365777247,1365777247,25549,25549,0,29,18,9,100,537836,1331,323,599,78.79167627306464,6.535449467867529,19.753233327631474,81,nlake44,68,0.75,9,false,false
1296844,AppScale/appscale,390,1364240872,1367255323,1367255323,50300,50300,0,58,207,2508,100,538005,47082,1007,708,79.14052843375062,6.566853467904574,19.780485311474802,81,briandrawert,1,1.0,0,false,false
1290649,AppScale/appscale,388,1363969423,1363973508,1363973508,68,68,0,66,2,17,100,537419,2422,1038,310,77.92430115049896,6.490280395743358,19.673662449597057,162,nlake44,67,0.7611940298507462,18,false,false
1286642,AppScale/appscale,387,1363892471,1363893561,1363893561,18,18,0,2,1,1,100,537419,12,0,4,77.92430115049896,6.490280395743358,19.673662449597057,162,shatterednirvana,86,0.7906976744186046,22,false,false
1286053,AppScale/appscale,386,1363883844,1363886154,1363886154,38,38,0,1,1,3,100,537419,20,0,53,77.92430115049896,6.490280395743358,19.673662449597057,162,shatterednirvana,85,0.788235294117647,22,false,false
1282690,AppScale/appscale,385,1363813893,1363813927,1363813927,0,0,0,1,0,1,100,537419,1,0,27,77.92430115049896,6.490280395743358,19.673662449597057,162,jovanchohan,24,0.75,0,false,false
1282663,AppScale/appscale,384,1363813569,1363813593,1363813593,0,0,0,2,0,3,100,537419,18,0,59,77.92430115049896,6.490280395743358,19.673662449597057,81,jovanchohan,23,0.7391304347826086,0,false,false
1278877,AppScale/appscale,383,1363750534,1363790731,1363790731,669,669,0,2,0,1,100,537419,72,0,20,77.92430115049896,6.490280395743358,19.673662449597057,162,jovanchohan,22,0.7272727272727273,0,false,false
1278175,AppScale/appscale,382,1363731200,1363731269,1363731269,1,1,0,2,0,1,100,537419,625,0,16,77.92430115049896,6.490280395743358,19.673662449597057,81,jovanchohan,21,0.7142857142857143,0,false,false
1271210,AppScale/appscale,381,1363612382,1363795823,1363795823,3057,3057,0,3,0,7,100,537419,123,0,62,77.92430115049896,6.490280395743358,19.673662449597057,81,shatterednirvana,84,0.7857142857142857,11,false,false
1263050,AppScale/appscale,379,1363366035,,1363973104,10117,,0,52,0,14,100,537419,2268,944,207,77.92430115049896,6.490280395743358,19.673662449597057,162,shatterednirvana,83,0.7951807228915663,22,true,false
1262555,AppScale/appscale,378,1363359569,1363360392,1363360392,13,13,0,1,0,1,100,537417,10,0,21,77.92459114616769,6.4903045493536675,19.673735665228303,162,nlake44,66,0.7575757575757576,18,false,false
1257285,AppScale/appscale,377,1363275739,1363275947,1363275947,3,3,0,6,0,5,100,537425,5,153,11,77.60710796855375,6.486486486486486,19.66227845745918,162,shatterednirvana,82,0.7926829268292683,22,false,false
1257036,AppScale/appscale,376,1363273173,1363275013,1363275013,30,30,0,2,0,1,100,537425,25,0,2,77.60710796855375,6.486486486486486,19.66227845745918,81,nlake44,65,0.7538461538461538,9,false,false
1253541,AppScale/appscale,368,1363189391,1363189660,1363189660,4,4,0,164,0,1043,100,538013,14171,2577,1532,75.6412949129482,6.354865031142371,19.56272432078779,162,shatterednirvana,81,0.7901234567901234,22,true,false
1249917,AppScale/appscale,367,1363121581,1363123112,1363123112,25,25,0,3,1,1,100,537425,57,0,165,77.60710796855375,6.486486486486486,19.66227845745918,162,shatterednirvana,80,0.8,22,false,false
1249855,AppScale/appscale,366,1363120701,1363123138,1363123138,40,40,0,1,0,2,100,537425,9,0,58,77.60710796855375,6.486486486486486,19.66227845745918,162,shatterednirvana,79,0.810126582278481,22,false,false
1244955,AppScale/appscale,364,1363038860,1363038900,1363038900,0,0,0,1,0,1,100,537425,0,0,4,77.60710796855375,6.486486486486486,19.66227845745918,162,shatterednirvana,78,0.8205128205128205,22,false,false
1244546,AppScale/appscale,359,1363032693,1363032775,1363032775,1,1,0,1,1,1,100,537430,10,0,17,77.60638594793741,6.486426139218131,19.66209552872002,162,nlake44,64,0.765625,18,false,false
1244242,AppScale/appscale,358,1363028214,1363030617,1363030617,40,40,0,1,1,1,100,537430,2,0,5,77.60638594793741,6.486426139218131,19.66209552872002,162,shatterednirvana,77,0.8311688311688312,22,false,false
1243983,AppScale/appscale,357,1363024575,1363024637,1363024637,1,1,0,1,0,1,100,537430,2,0,4,77.60638594793741,6.486426139218131,19.66209552872002,160,nlake44,63,0.7777777777777778,18,false,false
1243683,AppScale/appscale,356,1363020676,,1363037964,288,,0,3,0,10,100,537430,11,0,30,77.60638594793741,6.486426139218131,19.66209552872002,80,DrOctogon,4,0.75,0,true,false
1243279,AppScale/appscale,355,1363015337,1363015573,1363015573,3,3,0,1,1,1,100,537430,2,0,58,77.60638594793741,6.486426139218131,19.66209552872002,80,shatterednirvana,76,0.8421052631578947,11,false,false
1234803,AppScale/appscale,354,1362777696,1363277675,1363277675,8332,8332,0,7,0,6,100,537430,52,131,23,77.60638594793741,6.486426139218131,19.66209552872002,158,shatterednirvana,75,0.8533333333333334,22,false,false
1234221,AppScale/appscale,352,1362769934,1362769949,1362769949,0,0,0,1,0,1,100,537430,2,0,2,77.60638594793741,6.486426139218131,19.66209552872002,158,shatterednirvana,74,0.8648648648648649,22,false,false
1227911,AppScale/appscale,337,1362669537,1362670002,1362670002,7,7,0,1,0,6,100,537430,6,0,72,77.60638594793741,6.486426139218131,19.66209552872002,158,shatterednirvana,73,0.8767123287671232,22,false,false
1727081,AppScale/appscale,336,1362611947,1362612173,1362612173,3,3,0,1,0,1,100,537430,3,0,24,77.60638594793741,6.486426139218131,19.66209552872002,156,nlake44,62,0.7741935483870968,18,false,false
1726656,AppScale/appscale,334,1362607765,1362609446,1362609446,28,28,0,4,0,4,100,537391,289,0,3,77.61201806505876,6.4868968776924065,19.66352246315997,78,jovanchohan,20,0.7,0,false,false
1726462,AppScale/appscale,333,1362604447,1362608057,1362608057,60,60,0,3,0,10,100,537391,462,0,139,77.61201806505876,6.4868968776924065,19.66352246315997,156,nlake44,61,0.7704918032786885,18,false,false
1726452,AppScale/appscale,332,1362604287,1362604483,1362604483,3,3,0,6,0,1,100,537391,0,0,2,77.61201806505876,6.4868968776924065,19.66352246315997,78,shatterednirvana,72,0.875,11,false,false
1727195,AppScale/appscale,327,1362526235,1362613407,1362613407,1452,1452,0,5,0,5,100,537391,0,0,25,77.61201806505876,6.4868968776924065,19.66352246315997,78,DrOctogon,3,0.6666666666666666,0,true,false
1221747,AppScale/appscale,322,1362429047,1362429554,1362429554,8,8,0,1,1,1,100,538009,6,0,2,75.63442247248652,6.353053573453232,19.561011061153252,77,jovanchohan,19,0.7368421052631579,0,false,false
1203541,AppScale/appscale,317,1362003889,,1362065975,1034,,0,1,1,1858,100,538009,0,0,0,75.63442247248652,6.353053573453232,19.561011061153252,150,DrOctogon,2,1.0,0,true,false
1193701,AppScale/appscale,316,1361828110,1361828600,1361828600,8,8,0,3,1,4,100,538009,307,0,16,75.63442247248652,6.353053573453232,19.561011061153252,146,jovanchohan,18,0.7777777777777778,0,false,false
1192448,AppScale/appscale,315,1361810657,1361810737,1361810737,1,1,0,1,0,1,100,538009,3,0,3,75.63442247248652,6.353053573453232,19.561011061153252,146,nlake44,59,0.7966101694915254,18,false,false
1180226,AppScale/appscale,314,1361472694,1361472702,1361472702,0,0,0,1,0,1,100,538009,0,0,2,75.63442247248652,6.353053573453232,19.561011061153252,146,DrOctogon,1,1.0,0,false,false
1180205,AppScale/appscale,313,1361472274,1361472282,1361472282,0,0,0,1,0,1,100,538009,0,0,1,75.63442247248652,6.353053573453232,19.561011061153252,73,DrOctogon,0,0,0,false,false
1171619,AppScale/appscale,312,1361297592,1361302615,1361302615,83,83,0,1,1,1,100,538009,2,0,1,75.63442247248652,6.353053573453232,19.561011061153252,146,shatterednirvana,69,0.8985507246376812,22,false,false
1171109,AppScale/appscale,311,1361288259,1361290463,1361290463,36,36,0,11,1,5,100,538013,83,0,150,75.63386014836072,6.353006339995502,19.56086562964092,146,shatterednirvana,68,0.8970588235294118,22,false,false
1166718,AppScale/appscale,310,1361206228,1361206246,1361206246,0,0,0,2,0,1,100,538013,0,8,6,75.6412949129482,6.354865031142371,19.56272432078779,144,shatterednirvana,67,0.8955223880597015,22,false,false
1166717,AppScale/appscale,309,1361206193,1361206198,1361206198,0,0,0,1,0,1,100,538013,5,0,61,75.6412949129482,6.354865031142371,19.56272432078779,144,shatterednirvana,66,0.8939393939393939,22,false,false
1158205,AppScale/appscale,308,1360950742,1361205527,1361205527,4246,4246,0,6,1,3,100,538013,105,0,221,75.6412949129482,6.354865031142371,19.56272432078779,136,shatterednirvana,65,0.9076923076923077,22,false,false
1155229,AppScale/appscale,306,1360880374,1360880520,1360880520,2,2,0,3,0,1,100,538013,2,0,15,75.6412949129482,6.354865031142371,19.56272432078779,63,shatterednirvana,64,0.90625,11,false,false
1155170,AppScale/appscale,305,1360879182,1361205529,1361205529,5439,5439,0,4,0,2,100,538013,85,0,157,75.6412949129482,6.354865031142371,19.56272432078779,126,shatterednirvana,63,0.9206349206349206,22,false,false
1154315,AppScale/appscale,304,1360864512,1361201956,1361201956,5624,5624,0,4,1,1,100,538013,27,0,126,75.6412949129482,6.354865031142371,19.56272432078779,124,shatterednirvana,62,0.9354838709677419,22,false,false
1151320,AppScale/appscale,302,1360790780,1360790883,1360790884,1,1,0,43,0,27,100,537974,431,16,538,75.62075490637093,6.353466896169703,19.56228367913691,116,shatterednirvana,61,0.9344262295081968,22,true,false
1147599,AppScale/appscale,301,1360692098,1360692684,1360692684,9,9,0,4,0,2,100,538013,22,0,50,75.6412949129482,6.354865031142371,19.56272432078779,116,shatterednirvana,60,0.9333333333333333,22,false,false
1145033,AppScale/appscale,300,1360611773,1360611983,1360611983,3,3,0,1,1,6,100,538013,6,0,74,75.6412949129482,6.354865031142371,19.56272432078779,116,shatterednirvana,59,0.9322033898305084,22,false,false
987846,AppScale/appscale,299,1360256498,1360256602,1360256602,1,1,0,1,0,0,100,538013,23,0,7,75.6412949129482,6.354865031142371,19.56272432078779,112,briandrawert,0,0,0,false,false
960742,AppScale/appscale,297,1360087436,1360091633,1360091634,69,69,0,1,0,1,100,538013,2,0,29,75.6412949129482,6.354865031142371,19.56272432078779,106,jovanchohan,17,0.7647058823529411,0,false,false
948320,AppScale/appscale,292,1359737073,1359737349,1359737349,4,4,0,1,0,1,100,538013,4,0,3,75.6412949129482,6.354865031142371,19.56272432078779,102,shatterednirvana,58,0.9310344827586207,22,false,false
957839,AppScale/appscale,290,1359669788,1360019552,1360019552,5829,5829,0,4,0,2,100,538013,97,0,321,75.6412949129482,6.354865031142371,19.56272432078779,98,shatterednirvana,57,0.9298245614035088,22,false,false
941308,AppScale/appscale,289,1359581142,1359582729,1359582729,26,26,0,1,1,1,100,538013,3,0,15,75.6412949129482,6.354865031142371,19.56272432078779,96,jovanchohan,16,0.75,0,false,false
936553,AppScale/appscale,288,1359485493,1359485669,1359485669,2,2,0,2,0,2,100,538013,52,0,12,75.6412949129482,6.354865031142371,19.56272432078779,96,jovanchohan,15,0.7333333333333333,0,false,false
925781,AppScale/appscale,286,1359128385,1360859487,1360859487,28851,28851,0,1,0,2,100,538013,9,0,39,75.6412949129482,6.354865031142371,19.56272432078779,90,nlake44,57,0.8245614035087719,18,false,false
842698,AppScale/appscale,284,1359049431,1359053714,1359053715,71,71,1,1,0,2,99,538007,19,16,31,75.61611651893004,6.353077190445477,19.561083777720363,88,nlake44,56,0.8214285714285714,18,false,false
924732,AppScale/appscale,283,1358984193,1359042556,1359042557,972,972,1,1,0,1,99,538005,31,0,1,75.61639761712252,6.353100807613313,19.561156494828115,86,jovanchohan,14,0.7142857142857143,0,false,false
838252,AppScale/appscale,282,1358975807,1358976556,1358976556,12,12,1,4,0,7,99,537973,125,0,10,75.62089547244936,6.353478706180422,19.562320042083897,86,nlake44,55,0.8181818181818182,18,false,false
924649,AppScale/appscale,281,1358974793,1358975459,1358975459,11,11,1,1,0,1,99,537973,10,0,5,75.62089547244936,6.353478706180422,19.562320042083897,86,jovanchohan,13,0.6923076923076923,0,false,false
833993,AppScale/appscale,280,1358902298,,1358974738,1207,,1,1,0,1,99,537973,10,0,0,75.62089547244936,6.353478706180422,19.562320042083897,42,nlake44,54,0.8333333333333334,9,false,false
833656,AppScale/appscale,279,1358894054,1358894160,1358894160,1,1,1,1,0,1,99,537973,11,0,15,75.62089547244936,6.353478706180422,19.562320042083897,84,jovanchohan,12,0.6666666666666666,0,false,false
832791,AppScale/appscale,278,1358875978,1358876320,1358876320,5,5,1,2,0,2,99,537974,20,0,60,75.62075490637093,6.353466896169703,19.56228367913691,84,nlake44,53,0.8301886792452831,18,false,false
823878,AppScale/appscale,277,1358555218,1358975446,1358975447,7003,7003,1,2,0,2,99,537974,5,0,0,75.62075490637093,6.353466896169703,19.56228367913691,78,nlake44,52,0.8269230769230769,18,false,false
818343,AppScale/appscale,276,1358534549,1358536288,1358536288,28,28,1,2,1,1,99,537974,73,0,8,75.62075490637093,6.353466896169703,19.56228367913691,76,nlake44,51,0.8235294117647058,18,false,false
820435,AppScale/appscale,272,1358464008,1358786697,1358786697,5378,5378,1,172,0,107,99,542651,14378,2051,2360,75.69874560260646,6.304236055954932,19.44159321552895,76,shatterednirvana,56,0.9285714285714286,22,true,false
820294,AppScale/appscale,271,1358461899,1372778286,1372778286,238666,238666,1,1,1,2,99,537974,101,0,18,75.62075490637093,6.353466896169703,19.56228367913691,76,hiranya911,6,0.8333333333333334,2,false,false
987888,AppScale/appscale,261,1358360311,1358360596,1358360596,4,4,1,1,0,8,99,537974,6,0,80,75.62075490637093,6.353466896169703,19.56228367913691,38,shatterednirvana,55,0.9272727272727272,11,false,false
817042,AppScale/appscale,260,1358358481,1358358838,1358358839,5,5,1,3,1,2,99,537974,0,0,0,75.62075490637093,6.353466896169703,19.56228367913691,76,shatterednirvana,54,0.9259259259259259,22,false,false
816938,AppScale/appscale,259,1358357392,1358357611,1358357611,3,3,1,1,0,0,99,537974,0,0,0,75.62075490637093,6.353466896169703,19.56228367913691,38,shatterednirvana,53,0.9245283018867925,11,false,false
919999,AppScale/appscale,256,1358300726,1358302945,1358302945,36,36,1,1,0,1,99,537977,4,0,1,75.62033321127112,6.35343146640098,19.562174591107055,76,nlake44,50,0.82,18,false,false
919042,AppScale/appscale,255,1358273952,1358284314,1358284314,172,172,1,2,0,1,99,537977,13,0,28,75.62033321127112,6.35343146640098,19.562174591107055,76,nlake44,49,0.8163265306122449,18,false,false
917226,AppScale/appscale,254,1358211599,1358211650,1358211650,0,0,1,1,0,1,99,537973,19,0,2,75.62089547244936,6.353478706180422,19.562320042083897,76,jovanchohan,11,0.6363636363636364,0,false,false
916951,AppScale/appscale,252,1358202504,1358203209,1358203209,11,11,1,2,0,2,99,537973,10,0,25,75.62089547244936,6.353478706180422,19.562320042083897,76,nlake44,48,0.8125,18,false,false
916923,AppScale/appscale,251,1358201794,1358203211,1358203211,23,23,1,1,0,1,99,537973,8,0,21,75.62089547244936,6.353478706180422,19.562320042083897,38,nlake44,47,0.8085106382978723,9,false,false
916235,AppScale/appscale,250,1358187414,1358188105,1358188105,11,11,1,4,0,12,99,537973,55,93,132,75.59301303225254,6.353478706180422,19.562320042083897,76,nlake44,46,0.8043478260869565,18,false,false
911292,AppScale/appscale,249,1357943337,1358188106,1358188106,4079,4079,1,1,0,5,99,537973,36,10,20,75.59301303225254,6.353478706180422,19.562320042083897,76,nlake44,45,0.8,18,false,false
794160,AppScale/appscale,248,1357858687,1357937320,1357937321,1310,1310,1,2,1,1,99,537974,180,0,158,75.59287251800274,6.353466896169703,19.56228367913691,76,shatterednirvana,52,0.9230769230769231,22,false,false
793075,AppScale/appscale,247,1357841599,1357841627,1357841628,0,0,1,1,0,1,99,537974,2,0,79,75.59287251800274,6.353466896169703,19.56228367913691,76,shatterednirvana,51,0.9215686274509803,22,false,false
789428,AppScale/appscale,243,1357763449,1357942334,1357942334,2981,2981,1,9,4,7,99,537952,149,0,208,75.59596395217417,6.353726726548094,19.56308369519957,38,nlake44,44,0.7954545454545454,9,false,false
789385,AppScale/appscale,242,1357762788,1357762914,1357762914,2,2,1,2,0,5,99,537952,28,0,88,75.59596395217417,6.353726726548094,19.56308369519957,76,shatterednirvana,50,0.92,22,false,false
788495,AppScale/appscale,241,1357748631,1357763248,1357763249,243,243,1,1,2,4,99,537952,58,0,10,75.59596395217417,6.353726726548094,19.56308369519957,38,nlake44,43,0.7906976744186046,9,false,false
784912,AppScale/appscale,240,1357679808,1357681091,1357681092,21,21,1,3,1,2,99,537934,62,0,21,75.59849349548458,6.353939330847279,19.563738302468334,76,nlake44,42,0.7857142857142857,18,false,false
781798,AppScale/appscale,236,1357626558,1357660675,1357660676,568,568,1,1,1,1,99,537934,107,0,6,75.59849349548458,6.353939330847279,19.563738302468334,76,hiranya911,5,0.8,2,false,false
910301,AppScale/appscale,234,1357591451,1357591648,1357591648,3,3,1,11,0,11,99,537571,1646,544,132,75.0152072935482,6.3284663793247775,19.55648649201687,74,nlake44,41,0.7804878048780488,18,false,false
779996,AppScale/appscale,233,1357582452,1361288221,1361288221,61762,61762,1,7,1,4,99,537571,45,0,197,75.0152072935482,6.3284663793247775,19.55648649201687,74,shatterednirvana,49,0.9387755102040817,22,false,false
788214,AppScale/appscale,232,1357574840,1357748552,1357748553,2895,2895,1,1,2,1,99,537571,17,0,3,75.0152072935482,6.3284663793247775,19.55648649201687,74,jovanchohan,10,0.6,0,false,false
987804,AppScale/appscale,231,1357345257,1357578330,1357578330,3884,3884,1,2,0,1,99,537571,4,0,34,75.0152072935482,6.3284663793247775,19.55648649201687,37,hiranya911,4,0.75,1,false,false
987923,AppScale/appscale,229,1357329924,1357339378,1357339379,157,157,1,6,3,3,99,537571,213,0,36,75.06171277840508,6.330326598719053,19.55648649201687,37,hiranya911,3,0.6666666666666666,1,false,false
910365,AppScale/appscale,228,1357251523,1357594724,1357594725,5720,5720,1,4,0,3,99,537571,11,0,1,75.06171277840508,6.330326598719053,19.55648649201687,37,shatterednirvana,48,0.9375,11,false,false
987931,AppScale/appscale,227,1357242779,,1357243022,4,,1,1,0,3,99,537514,201,0,0,75.26873718638026,6.336579140264254,19.592047835033135,37,shatterednirvana,47,0.9574468085106383,11,false,false
909277,AppScale/appscale,224,1357166877,1357330089,1357330089,2720,2720,1,3,0,9,99,537514,253,31,50,75.26873718638026,6.336579140264254,19.592047835033135,74,shatterednirvana,46,0.9565217391304348,22,false,false
778434,AppScale/appscale,223,1357151221,1357159965,1357159965,145,145,1,1,1,2,99,537514,6,0,1,75.26873718638026,6.336579140264254,19.592047835033135,74,shatterednirvana,45,0.9555555555555556,22,false,false
906916,AppScale/appscale,222,1356964402,1357006406,1357006406,700,700,1,1,0,1,99,537514,2,0,20,75.26873718638026,6.336579140264254,19.592047835033135,74,shatterednirvana,44,0.9545454545454546,22,false,false
772284,AppScale/appscale,221,1356820214,1357160455,1357160435,5670,5670,1,2,2,4,99,537514,68,0,1,75.26873718638026,6.336579140264254,19.592047835033135,74,shatterednirvana,43,0.9534883720930233,22,false,false
769817,AppScale/appscale,219,1356733078,1356747173,1356747174,234,234,1,2,0,1,99,537514,7,0,10,75.26873718638026,6.336579140264254,19.592047835033135,37,rca,1,1.0,7,true,false
768711,AppScale/appscale,217,1356708950,1356708959,1356708959,0,0,1,1,0,1,99,537514,0,0,0,75.26873718638026,6.336579140264254,19.592047835033135,74,shatterednirvana,42,0.9523809523809523,22,false,false
765581,AppScale/appscale,216,1356626200,1356703736,1356703737,1292,1292,1,2,0,3,99,537514,20,0,23,75.26873718638026,6.336579140264254,19.592047835033135,74,nlake44,40,0.775,18,false,false
765331,AppScale/appscale,215,1356620025,1357161030,1357161031,9016,9016,1,5,1,2,99,537426,88,0,270,75.28106195085462,6.337616713742915,19.59525590499901,74,shatterednirvana,41,0.9512195121951219,22,false,false
763697,AppScale/appscale,214,1356563867,1356626159,1356626160,1038,1038,1,4,3,3,99,537426,734,0,149,75.28106195085462,6.337616713742915,19.59525590499901,74,nlake44,39,0.7692307692307693,18,false,false
904502,AppScale/appscale,209,1356367708,1356374597,1356374597,114,114,1,1,0,1,99,542659,3,0,2,75.6976296348167,6.304143117501046,19.441306603225968,74,jovanchohan,9,0.5555555555555556,0,false,false
763352,AppScale/appscale,208,1356307486,1356562177,1356562178,4244,4244,1,20,11,44,99,542659,8307,1045,239,75.6976296348167,6.304143117501046,19.441306603225968,72,nlake44,38,0.7631578947368421,18,false,false
902769,AppScale/appscale,204,1356239090,1356382467,1356382467,2389,2389,1,15,0,39,99,542659,8199,1045,165,75.6976296348167,6.304143117501046,19.441306603225968,36,nlake44,37,0.7837837837837838,9,false,false
761611,AppScale/appscale,200,1356101970,1356382454,1356382454,4674,4674,1,6,0,10,99,542659,139,0,104,75.6976296348167,6.304143117501046,19.441306603225968,72,shatterednirvana,40,0.975,22,false,false
763630,AppScale/appscale,197,1355954326,1356562180,1356562181,10130,10130,1,1,1,1,99,542659,1,0,12,75.6976296348167,6.304143117501046,19.441306603225968,62,nlake44,36,0.7777777777777778,18,false,false
895697,AppScale/appscale,196,1355878043,1355878100,1355878100,0,0,1,2,0,2,99,542659,357,0,102,75.6976296348167,6.304143117501046,19.441306603225968,30,nlake44,35,0.7714285714285715,9,false,false
895675,AppScale/appscale,195,1355877138,1355877198,1355877198,1,1,1,118,0,10663,99,269376,28072,2946,676,51.60444880019007,3.782816583511523,13.657489902589688,60,shatterednirvana,39,0.9743589743589743,22,false,false
895340,AppScale/appscale,192,1355866386,1355876959,1355876959,176,176,1,1,0,1,99,542651,20,0,7,75.69874560260646,6.304236055954932,19.44159321552895,60,nlake44,34,0.7647058823529411,18,false,false
894621,AppScale/appscale,191,1355848814,1355849100,1355849100,4,4,1,1,0,6,99,542651,6,0,42,75.69874560260646,6.304236055954932,19.44159321552895,60,shatterednirvana,38,0.9736842105263158,22,false,false
760475,AppScale/appscale,190,1355848260,1355848299,1355848299,0,0,1,14,1,11,99,542651,522,0,368,75.69874560260646,6.304236055954932,19.44159321552895,60,shatterednirvana,37,1.0,22,false,false
894453,AppScale/appscale,188,1355845423,1355845460,1355845460,0,0,1,1,0,1,99,542651,1,0,11,75.69874560260646,6.304236055954932,19.44159321552895,30,nlake44,33,0.7575757575757576,9,false,false
758878,AppScale/appscale,187,1355784192,1355800081,1355800081,264,264,1,2,0,1,99,542649,135,0,4,75.6990245996952,6.3042592909965744,19.441664869925127,60,nlake44,32,0.75,18,false,false
757497,AppScale/appscale,182,1355756545,1355765622,1355765622,151,151,1,4,1,5,98,542655,72,0,14,75.6981876145986,6.304189586385457,19.441449908321125,60,nlake44,31,0.7419354838709677,18,false,false
756208,AppScale/appscale,181,1355719552,1355754598,1355754598,584,584,1,2,0,2,98,542655,16,0,98,75.6981876145986,6.304189586385457,19.441449908321125,30,shatterednirvana,36,1.0,11,false,false
753085,AppScale/appscale,179,1355549169,1355765567,1355765567,3606,3606,1,1,1,3,98,542655,69,0,12,75.6981876145986,6.304189586385457,19.441449908321125,60,nlake44,30,0.7333333333333333,18,false,false
752622,AppScale/appscale,178,1355523040,1357245123,1357245123,28701,28701,1,8,3,12,98,542655,985,338,109,75.6981876145986,6.304189586385457,19.441449908321125,60,hiranya911,2,0.5,2,false,false
749426,AppScale/appscale,176,1355432823,1355435888,1355435888,51,51,1,1,0,1,98,542655,15,0,6,75.6981876145986,6.304189586385457,19.441449908321125,60,shatterednirvana,35,1.0,22,false,false
748604,AppScale/appscale,174,1355418617,1355418815,1355418815,3,3,1,2,0,2,98,542655,4,0,4,75.6981876145986,6.304189586385457,19.441449908321125,60,nlake44,29,0.7241379310344828,18,false,false
748441,AppScale/appscale,173,1355415690,1355415756,1355415756,1,1,1,1,0,1,98,542653,3,0,6,75.69846660757428,6.304212821084561,19.44152156166095,30,nlake44,28,0.7142857142857143,9,false,false
745893,AppScale/appscale,171,1355343772,1355344737,1355344737,16,16,1,3,0,3,98,542653,297,0,2,75.69846660757428,6.304212821084561,19.44152156166095,60,shatterednirvana,34,1.0,22,false,false
745614,AppScale/appscale,169,1355338291,1355339269,1355339269,16,16,1,1,0,4,98,542658,15,0,3,75.69776912899101,6.304154734657924,19.441342429301695,60,nlake44,27,0.7037037037037037,18,false,false
662776,AppScale/appscale,168,1355336865,1355337407,1355337407,9,9,1,6,1,2,98,542658,22,0,0,75.69776912899101,6.304154734657924,19.441342429301695,60,rca,0,0,14,true,false
745490,AppScale/appscale,167,1355335949,1355336830,1355336830,14,14,1,4,0,4,98,542678,42,55,7,75.68760848974898,6.30576511301361,19.43878321951507,60,nlake44,26,0.6923076923076923,18,false,false
745342,AppScale/appscale,166,1355333138,1355336465,1355336465,55,55,1,3,0,3,98,542678,18,55,6,75.68760848974898,6.30576511301361,19.43878321951507,30,nlake44,25,0.68,9,false,false
724102,AppScale/appscale,164,1354921486,1355251600,1355251601,5501,5501,1,6,15,10511,98,269377,18921,0,75,51.88638970661935,3.805076157207185,13.67971281883754,60,nlake44,24,0.6666666666666666,18,false,false
647888,AppScale/appscale,163,1354721451,1357832031,1357832032,51843,51843,1,23,15,9,98,269364,871,0,660,51.60674774654371,3.782985105656287,13.658098335338057,58,shatterednirvana,33,1.0,22,false,false
660936,AppScale/appscale,162,1354638860,1354898709,1354898709,4330,4330,1,1,0,1,98,269364,0,0,1,51.60674774654371,3.782985105656287,13.658098335338057,58,jovanchohan,8,0.5,0,false,false
649862,AppScale/appscale,161,1354575532,1354898672,1354898673,5385,5385,1,3,0,2,98,269364,56,99,26,51.60674774654371,3.782985105656287,13.658098335338057,58,jovanchohan,7,0.42857142857142855,0,false,false
603765,AppScale/appscale,160,1354572824,1354575456,1354575456,43,43,1,3,6,2,98,269364,56,99,26,51.60674774654371,3.782985105656287,13.658098335338057,58,jovanchohan,6,0.5,0,false,false
644595,AppScale/appscale,159,1354555804,1354899831,1354899832,5733,5733,1,2,0,4,98,269364,76,0,44,51.60674774654371,3.782985105656287,13.658098335338057,58,shatterednirvana,32,1.0,22,false,false
577727,AppScale/appscale,157,1354204741,1354221731,1354221731,283,283,1,5,2,5,98,269364,61,0,50,51.60674774654371,3.782985105656287,13.658098335338057,50,shatterednirvana,31,1.0,22,false,false
583581,AppScale/appscale,154,1354136706,1354205567,1354205567,1147,1147,1,4,0,2,98,269364,8,0,35,51.60674774654371,3.782985105656287,13.658098335338057,42,shatterednirvana,30,1.0,22,false,false
885753,AppScale/appscale,152,1354060283,1355251602,1355251603,19855,19855,1,3,0,3,98,269364,942,0,6,51.60674774654371,3.782985105656287,13.658098335338057,42,nlake44,23,0.6521739130434783,18,false,false
592555,AppScale/appscale,151,1354053168,,1354656187,10050,,1,1,2,2,98,269364,98,0,0,51.60674774654371,3.782985105656287,13.658098335338057,42,jovanchohan,5,0.6,0,false,false
885550,AppScale/appscale,150,1354052741,1354059159,1354059159,106,106,1,2,0,2,98,269364,21,0,34,51.60674774654371,3.782985105656287,13.658098335338057,21,shatterednirvana,29,1.0,11,false,false
885517,AppScale/appscale,149,1354051865,1355252415,1355252417,20009,20009,1,2,0,53,98,269364,0,0,23,51.60674774654371,3.782985105656287,13.658098335338057,42,shatterednirvana,28,1.0,22,false,false
885371,AppScale/appscale,147,1354048082,1354051279,1354051279,53,53,1,2,0,4,98,269364,13,0,0,51.60674774654371,3.782985105656287,13.658098335338057,42,shatterednirvana,27,1.0,22,false,false
885161,AppScale/appscale,145,1354042978,1354044999,1354044999,33,33,1,1,0,3,98,269364,85,0,36,51.60674774654371,3.782985105656287,13.658098335338057,21,shatterednirvana,26,1.0,11,false,false
744906,AppScale/appscale,141,1353956376,1355325438,1355325439,22817,22817,1,35,2,65,98,269364,8175,2792,223,51.60674774654371,3.782985105656287,13.658098335338057,21,hiranya911,1,0.0,1,false,false
885152,AppScale/appscale,137,1353951408,1354042829,1354042830,1523,1523,1,1,0,2,98,269374,13,0,1,51.60483194369167,3.7828446694929725,13.657591304283264,21,nlake44,22,0.6363636363636364,9,false,false
987971,AppScale/appscale,135,1353944578,1353945420,1353945420,14,14,1,3,0,3,98,269376,9,0,9,51.60444880019007,3.782816583511523,13.657489902589688,21,nlake44,21,0.6190476190476191,9,false,false
987973,AppScale/appscale,134,1353453808,1353945433,1353945433,8193,8193,1,3,0,1,98,269376,6,0,2,51.60444880019007,3.782816583511523,13.657489902589688,21,nlake44,20,0.6,9,false,false
987976,AppScale/appscale,133,1353452036,1353452238,1353452238,3,3,1,98,0,189,98,267677,34064,2153,265,44.01199953675511,3.6536572062597834,13.07172450378628,21,shatterednirvana,25,1.0,11,true,false
987977,AppScale/appscale,130,1353427149,1353428417,1353428417,21,21,1,2,0,6,98,269376,6,0,22,51.60444880019007,3.782816583511523,13.657489902589688,21,shatterednirvana,24,1.0,11,false,false
501487,AppScale/appscale,129,1353367289,1355333211,1355333211,32765,32765,1,1,2,1,98,269376,10,0,0,51.60444880019007,3.782816583511523,13.657489902589688,42,nlake44,19,0.631578947368421,18,false,false
500795,AppScale/appscale,127,1353357272,1353357682,1353357682,6,6,1,3,1,2,98,269377,6,0,17,51.60425723057276,3.782802540677192,13.657439202307547,21,nlake44,18,0.6111111111111112,9,false,false
493175,AppScale/appscale,122,1353107634,1353113270,1353113270,93,93,1,4,0,2,98,267676,102,0,21,44.01216395941362,3.6536708558107565,13.071773337915989,21,shatterednirvana,23,1.0,11,false,false
483804,AppScale/appscale,121,1353105705,1353359837,1353359837,4235,4235,1,9,11,2,98,267676,71,0,6,44.01216395941362,3.6536708558107565,13.071773337915989,21,shatterednirvana,22,1.0,11,false,false
481796,AppScale/appscale,119,1353093318,1353953355,1353953355,14333,14333,1,25,31,62,98,267677,7964,2792,56,44.01199953675511,3.6536572062597834,13.07172450378628,21,hiranya911,0,0,1,false,false
487797,AppScale/appscale,117,1353014340,1353020756,1353020756,106,106,1,4,0,1,98,267675,1,0,21,44.01232838330064,3.6536845054637155,13.071822172410572,21,shatterednirvana,21,1.0,11,false,false
487610,AppScale/appscale,116,1353013575,1353020781,1353020781,120,120,1,4,0,1,98,267675,1,0,2,44.01232838330064,3.6536845054637155,13.071822172410572,21,shatterednirvana,20,1.0,11,false,false
472532,AppScale/appscale,113,1353004166,1353009415,1353009415,87,87,1,3,1,4,97,267675,2590,0,6,44.01232838330064,3.6536845054637155,13.071822172410572,21,jovanchohan,4,0.5,0,false,false
486210,AppScale/appscale,112,1352994894,1353020843,1353020843,432,432,1,4,0,3,97,267675,201,0,6,44.01232838330064,3.6536845054637155,13.071822172410572,21,shatterednirvana,19,1.0,11,false,false
482057,AppScale/appscale,103,1352928537,1352928603,1352928603,1,1,1,1,0,1,97,267677,3,0,2,44.01199953675511,3.6536572062597834,13.07172450378628,21,shatterednirvana,18,1.0,11,false,false
481808,AppScale/appscale,102,1352924621,1352924853,1352924853,3,3,1,1,1,1,97,267675,10,0,0,44.01232838330064,3.6536845054637155,13.071822172410572,21,shatterednirvana,17,1.0,11,false,false
481438,AppScale/appscale,101,1352918987,1352919548,1352919548,9,9,1,1,1,1,97,267675,3,0,2,44.01232838330064,3.6536845054637155,13.071822172410572,21,shatterednirvana,16,1.0,11,false,false
465598,AppScale/appscale,99,1352918054,1353341881,1353341881,7063,7063,1,42,298,102,97,267675,16629,658,195,44.01232838330064,3.6536845054637155,13.071822172410572,21,nlake44,17,0.5882352941176471,9,false,false
477828,AppScale/appscale,98,1352845154,1352845504,1352845504,5,5,1,2,0,1,97,267675,249,0,0,44.01232838330064,3.6536845054637155,13.071822172410572,21,jovanchohan,3,0.3333333333333333,0,false,false
470796,AppScale/appscale,97,1352742244,1352747484,1352747485,87,87,1,4,0,28,97,267677,13808,0,0,44.01199953675511,3.6536572062597834,13.07172450378628,21,jovanchohan,2,0.0,0,false,false
458869,AppScale/appscale,96,1352416290,1352742086,1352742086,5429,5429,1,4,18,28,97,267677,13808,0,0,44.01199953675511,3.6536572062597834,13.07172450378628,21,jovanchohan,1,0.0,0,false,false
477411,AppScale/appscale,95,1352228091,1352837510,1352837510,10156,10156,1,1,0,2,97,267677,253,0,18,44.01199953675511,3.6536572062597834,13.07172450378628,21,nlake44,16,0.5625,9,false,false
457946,AppScale/appscale,89,1352159164,1353339023,1353339023,19664,19664,1,22,593,86,97,267677,14451,1495,8,44.01199953675511,3.6536572062597834,13.07172450378628,21,nlake44,15,0.5333333333333333,9,false,false
987996,AppScale/appscale,87,1351891080,1352053759,1352053759,2711,2711,1,2,0,2,97,267677,6,0,19,44.01199953675511,3.6536572062597834,13.07172450378628,21,shatterednirvana,15,1.0,11,false,false
987998,AppScale/appscale,86,1351888575,1352130289,1352130289,4028,4028,1,2,0,1,97,267677,20,0,1,44.01199953675511,3.6536572062597834,13.07172450378628,21,shatterednirvana,14,1.0,11,false,false
987999,AppScale/appscale,85,1351888136,1352053272,1352053272,2752,2752,1,2,0,1,97,267677,5,0,0,44.01199953675511,3.6536572062597834,13.07172450378628,21,shatterednirvana,13,1.0,11,false,false
460650,AppScale/appscale,83,1351793256,1352415480,1352415480,10370,10370,1,2,0,11,97,267677,1185,0,0,44.01199953675511,3.6536572062597834,13.07172450378628,21,jovanchohan,0,0,0,false,false
477424,AppScale/appscale,82,1351777771,1352837878,1352837878,17668,17668,1,3,6,1,97,267677,29,0,0,44.01199953675511,3.6536572062597834,13.07172450378628,21,nlake44,14,0.5,9,false,false
987633,AppScale/appscale,81,1351634903,1351635131,1351635131,3,3,1,31,0,21,97,267655,482,0,65,44.015617119052514,3.653957519941716,13.07279893893258,21,shatterednirvana,12,1.0,10,true,false
988000,AppScale/appscale,80,1351620477,1351634852,1351634852,239,239,1,5,0,5,96,267677,4,0,1,44.01199953675511,3.6536572062597834,13.07172450378628,21,shatterednirvana,11,1.0,10,false,false
988002,AppScale/appscale,76,1351113076,1351187324,1351187324,1237,1237,1,2,3,2,96,267655,67,0,7,44.015617119052514,3.653957519941716,13.07279893893258,21,nlake44,13,0.46153846153846156,9,false,false
988004,AppScale/appscale,75,1351093085,1351111104,1351111104,300,300,1,1,0,2,97,267655,6,0,1,44.015617119052514,3.653957519941716,13.07279893893258,21,nlake44,12,0.4166666666666667,9,false,false
988005,AppScale/appscale,74,1351010028,1351027841,1351027841,296,296,0,1,0,1,100,267655,2,0,3,44.015617119052514,3.653957519941716,13.07279893893258,21,shatterednirvana,10,1.0,10,false,false
988006,AppScale/appscale,73,1351009928,1351012085,1351012085,35,35,0,2,0,4,100,267655,96,0,0,44.015617119052514,3.653957519941716,13.07279893893258,21,shatterednirvana,9,1.0,10,false,false
988007,AppScale/appscale,72,1350921618,1351112724,1351112724,3185,3185,0,0,17,0,100,267655,0,0,0,44.015617119052514,3.653957519941716,13.07279893893258,21,nlake44,11,0.36363636363636365,9,false,false
988008,AppScale/appscale,71,1350921457,1351200110,1351200110,4644,4644,0,14,30,10,100,267677,307,0,46,44.01199953675511,3.6536572062597834,13.07172450378628,21,nlake44,10,0.3,9,false,false
987651,AppScale/appscale,70,1350921388,1350921399,1350921399,0,0,0,14,0,144,100,267655,181,0,6,44.015617119052514,3.653957519941716,13.07279893893258,21,nlake44,9,0.2222222222222222,9,true,false
987647,AppScale/appscale,69,1350921312,1350921336,1350921336,0,0,0,15,0,148,100,267655,406,0,6,44.015617119052514,3.653957519941716,13.07279893893258,21,nlake44,8,0.25,9,false,false
987661,AppScale/appscale,68,1350860094,1350860120,1350860120,0,0,0,17,0,145,100,267655,259,0,6,44.015617119052514,3.653957519941716,13.07279893893258,21,nlake44,7,0.2857142857142857,9,false,false
987637,AppScale/appscale,66,1350845399,1350921588,1350921588,1269,1269,0,3,0,1,100,267655,78,0,0,44.015617119052514,3.653957519941716,13.07279893893258,21,nlake44,6,0.3333333333333333,9,false,false
987660,AppScale/appscale,65,1350844281,,1350844343,1,,0,2,0,7,100,267655,251,0,0,44.015617119052514,3.653957519941716,13.07279893893258,21,nlake44,5,0.4,9,false,false
987640,AppScale/appscale,59,1350586780,,1350844183,4290,,0,1,0,6,100,267655,225,0,0,44.015617119052514,3.653957519941716,13.07279893893258,21,nlake44,4,0.5,9,false,false
487168,AppScale/appscale,58,1350577710,1353014203,1353014203,40548,40548,0,19,3,70,100,267655,7730,214,7,44.015617119052514,3.653957519941716,13.07279893893258,21,nlake44,3,0.6666666666666666,9,false,false
445441,AppScale/appscale,38,1348857121,1348880757,1348880758,393,393,0,1,0,139,100,267655,13,0,7,44.015617119052514,3.653957519941716,13.07279893893258,38,shatterednirvana,8,1.0,20,false,false
369798,AppScale/appscale,28,1347417763,1347417890,1347417890,2,2,0,1,0,1,100,267655,6,0,0,44.015617119052514,3.653957519941716,13.07279893893258,19,shatterednirvana,7,1.0,9,true,false
348544,AppScale/appscale,27,1346528441,1347238581,1347238582,11835,11835,0,4,0,2,100,267655,146,0,0,44.015617119052514,3.653957519941716,13.07279893893258,36,shatterednirvana,6,1.0,18,true,false
341140,AppScale/appscale,25,1346215512,1347238525,1347238526,17050,17050,1,1,0,2,96,267655,6,0,0,44.015617119052514,3.653957519941716,13.07279893893258,18,shatterednirvana,5,1.0,9,true,false
333744,AppScale/appscale,24,1346085976,1346119145,1346119145,552,552,1,3,0,3,95,267655,724,0,6,44.015617119052514,3.653957519941716,13.07279893893258,36,shatterednirvana,4,1.0,18,true,false
264380,AppScale/appscale,23,1345732125,1346119262,1346119263,6452,6452,1,4,0,1,93,267655,669,0,4,44.015617119052514,3.653957519941716,13.07279893893258,18,shatterednirvana,3,1.0,9,true,false
256249,AppScale/appscale,20,1345503491,1347238501,1347238501,28916,28916,1,1,0,1,89,267655,8,0,1,44.015617119052514,3.653957519941716,13.07279893893258,18,ariofrio,0,0,1,false,false
7719,AppScale/appscale,17,1343756963,1344268101,1344268101,8518,8518,1,6,2,9,54,267637,2329,0,1,44.018577401480364,3.654203267859078,13.073678153618522,28,shatterednirvana,2,1.0,16,true,false
216634,AppScale/appscale,15,1342706443,1343061380,1343061380,5915,5915,1,1,0,2,31,267637,22,0,3,44.018577401480364,3.654203267859078,13.073678153618522,22,shatterednirvana,1,1.0,16,true,false
62196,AppScale/appscale,14,1342674561,1342675763,1342675763,20,20,1,15,5,16,29,267637,544,0,50,44.018577401480364,3.654203267859078,13.073678153618522,20,shatterednirvana,0,0,16,true,false
59418,AppScale/appscale,13,1342301179,1352159226,1352159226,164240,164240,1,20,77,65,25,267637,7541,214,77,44.018577401480364,3.654203267859078,13.073678153618522,10,nlake44,2,1.0,4,false,false
193452,AppScale/appscale,12,1341615437,1341931366,1341931367,5265,5265,1,3,0,25,12,267637,3841,0,16,44.018577401480364,3.654203267859078,13.073678153618522,20,nicneo925,0,0,0,false,false
193346,AppScale/appscale,11,1341608631,1341608645,1341608645,0,0,1,1,0,1,11,267635,9,0,1,44.01890634632989,3.654230575223719,13.07377585143946,20,nlake44,1,1.0,8,false,false
53503,AppScale/appscale,10,1340603516,1341428599,1341428599,13751,13751,1,3,13,4,6,267636,288,0,64,44.01874187329059,3.654216921490382,13.073727002346471,16,nlake44,0,0,6,false,false
