pull_req_id,project_name,lang,github_id,created_at,merged_at,closed_at,lifetime_minutes,mergetime_minutes,team_size,num_commits,num_comments,files_changed,perc_external_contribs,sloc,src_churn,test_churn,commits_on_files_touched,test_lines_per_kloc,test_cases_per_kloc,asserts_per_kloc,watchers,requester,prev_pullreqs,requester_succ_rate,followers,intra_branch,main_team_member
1943369,candlepin/candlepin,java,346,1376679947,,1376928862,4148,,9,1,0,3,71,28485,9,221,14,1003.0542390731964,54.16886080393189,104.23029664735826,8,alikins,36,0.5833333333333334,12,true,false
1925848,candlepin/candlepin,java,344,1376333125,,1376925573,9874,,9,5,7,2,72,28486,1330,135,70,1003.0190268904022,54.16695920803202,104.22663764656323,8,cakofony,16,0.3125,0,true,false
1910008,candlepin/candlepin,java,343,1375974897,1375977227,1375977227,38,38,9,1,0,2,73,28486,14,0,24,1003.0190268904022,54.16695920803202,104.22663764656323,8,jmrodri,49,0.46938775510204084,2,true,false
1930594,candlepin/candlepin,java,342,1375816297,,1376485990,11161,,9,1,0,1,73,28486,9,0,5,1003.0190268904022,54.16695920803202,104.22663764656323,8,cakofony,15,0.3333333333333333,0,true,false
1883452,candlepin/candlepin,java,340,1375466218,,1375716571,4172,,9,1,0,2,67,28479,6,0,1,1002.5632922504302,54.14515959127778,104.21714245584465,8,dgoodwin,46,0.6739130434782609,20,true,false
1883366,candlepin/candlepin,java,339,1375464863,,1375664984,3335,,9,1,1,2,67,28479,12,26,1,1002.5632922504302,54.14515959127778,104.21714245584465,8,wottop,55,0.4909090909090909,0,true,false
1882747,candlepin/candlepin,java,338,1375456887,,1375708378,4191,,9,1,1,3,66,28479,46,0,22,1002.5632922504302,54.14515959127778,104.21714245584465,8,wottop,54,0.5,0,true,false
1882142,candlepin/candlepin,java,337,1375449168,,1375708413,4320,,9,1,0,1,66,28479,2,0,4,1002.5632922504302,54.14515959127778,104.21714245584465,16,cjschevi,5,0.4,4,true,false
1877679,candlepin/candlepin,java,336,1375374788,,1375446790,1200,,9,1,0,1,65,28479,4,0,0,1002.5632922504302,54.14515959127778,104.21714245584465,7,wottop,53,0.5094339622641509,0,true,false
1877248,candlepin/candlepin,java,335,1375369465,1375436349,1375436349,1114,1114,9,1,0,1,65,28479,0,0,1,1002.5632922504302,54.14515959127778,104.21714245584465,7,beav,11,0.45454545454545453,2,false,false
1834972,candlepin/candlepin,java,334,1374765257,1374765892,1374765892,10,10,9,2,0,2,65,28390,5,26,1,1000.0,53.96266290947517,104.05072208524129,14,beav,10,0.5,4,false,false
1806921,candlepin/candlepin,java,333,1374494671,,1374881694,6450,,9,10,1,20,66,28390,591,246,210,1000.0,53.96266290947517,104.05072208524129,14,awood,17,0.4117647058823529,14,true,false
1785691,candlepin/candlepin,java,329,1374070425,1374144741,1374144741,1238,1238,9,2,0,7,67,28357,30,24,25,1000.7052932256586,53.95493176288041,104.03075078463873,7,beav,9,0.5555555555555556,2,false,false
1785340,candlepin/candlepin,java,328,1374067017,,1374067674,10,,9,9,0,29,67,28329,558,586,346,1004.2359419675951,54.04355960323343,104.34537046842459,14,mstead,27,0.5555555555555556,0,true,false
1780784,candlepin/candlepin,java,327,1373994799,,1374063156,1139,,9,1,0,1,68,28357,0,0,0,1000.7052932256586,53.95493176288041,104.03075078463873,7,bkearney,26,0.7307692307692307,15,true,false
1780741,candlepin/candlepin,java,326,1373994269,,1374146981,2545,,9,3,0,18,68,28357,156,12,54,1000.7052932256586,53.95493176288041,104.03075078463873,7,cjschevi,4,0.5,1,true,false
1779520,candlepin/candlepin,java,325,1373985171,,1374077508,1538,,9,3,2,6,68,28357,125,31,63,1000.7052932256586,53.95493176288041,104.03075078463873,7,cakofony,14,0.35714285714285715,0,true,false
1779502,candlepin/candlepin,java,324,1373984890,,1373984945,0,,9,3,0,15,68,28357,46,16,0,1000.7052932256586,53.95493176288041,104.03075078463873,7,cakofony,13,0.38461538461538464,0,true,false
1775270,candlepin/candlepin,java,323,1373914778,,1374012426,1627,,9,1,0,7,68,28357,14,0,9,1000.7052932256586,53.95493176288041,104.03075078463873,14,cakofony,12,0.4166666666666667,0,true,false
1775141,candlepin/candlepin,java,322,1373913327,,1374012382,1650,,9,2,2,5,68,28357,1,0,19,1000.7052932256586,53.95493176288041,104.03075078463873,7,cakofony,11,0.45454545454545453,0,true,false
1760329,candlepin/candlepin,java,321,1373561657,,1374060467,8313,,9,1,0,1,68,28357,0,0,19,1000.7052932256586,53.95493176288041,104.03075078463873,14,alikins,35,0.6,24,true,false
1755203,candlepin/candlepin,java,320,1373477216,1373482912,1373482912,94,94,9,1,0,3,68,28315,103,0,32,1002.1896521278475,54.03496380010595,104.18506092177292,14,cjschevi,3,0.3333333333333333,2,true,false
1753802,candlepin/candlepin,java,319,1373460062,1373476990,1373476990,282,282,9,1,0,3,68,28332,24,14,2,1002.0471551602428,54.03783707468587,104.22843427926021,14,jmrodri,48,0.4583333333333333,4,true,false
1753629,candlepin/candlepin,java,318,1373456577,1373460027,1373460027,57,57,9,1,0,1,68,28332,19,0,10,1002.0471551602428,54.03783707468587,104.22843427926021,14,wottop,52,0.5,0,true,false
1750918,candlepin/candlepin,java,317,1373398298,1373455124,1373455124,947,947,9,1,1,1,68,28355,69,0,7,1001.2343502027861,53.994004584729325,104.1438899664962,14,cjschevi,2,0.0,2,true,false
1753458,candlepin/candlepin,java,316,1373393806,,1373453496,994,,8,1,0,3,69,28351,9,13,5,1001.0228916087616,53.93107826884413,104.08803922260238,7,jmrodri,47,0.46808510638297873,2,true,false
1747850,candlepin/candlepin,java,315,1373377359,1373390853,1373390854,224,224,8,1,0,7,69,28319,35,36,56,1000.4590557576186,53.92139552950316,104.13503301670258,14,awood,16,0.375,14,true,false
1749795,candlepin/candlepin,java,314,1373375667,1373384782,1373384782,151,151,8,1,0,1,69,28319,0,0,18,1000.4590557576186,53.92139552950316,104.13503301670258,14,mstead,26,0.5384615384615384,0,true,false
1742533,candlepin/candlepin,java,313,1373362196,1373371045,1373371045,147,147,8,1,0,1,69,28339,0,0,17,999.7529905783549,53.883340978863046,104.06154063304986,14,mstead,25,0.52,0,true,false
1750275,candlepin/candlepin,java,312,1373300991,1373391040,1373391040,1500,1500,8,1,0,2,69,28252,31,33,10,1002.8316579357213,54.049270848081555,104.38199065552881,14,cakofony,10,0.4,0,true,false
1719906,candlepin/candlepin,java,311,1373296758,,1373371073,1238,,8,2,0,12,69,28255,113,0,68,1002.7251813838258,54.04353211820917,104.3709078039285,7,jmrodri,46,0.4782608695652174,2,true,false
1717874,candlepin/candlepin,java,310,1373287483,,1373296866,156,,8,1,0,1,69,28255,4,0,3,1002.7251813838258,54.04353211820917,104.3709078039285,14,jmrodri,45,0.4888888888888889,4,true,false
1702595,candlepin/candlepin,java,309,1373046576,,1373296799,4170,,8,2,1,1,69,28255,15,0,9,1002.7251813838258,54.04353211820917,104.3709078039285,7,wottop,51,0.5098039215686274,0,true,false
1690719,candlepin/candlepin,java,308,1372872107,,1373039125,2783,,8,5,0,6,69,28263,34,18,102,1002.5121183172346,54.02823479460779,104.34136503555885,7,jmrodri,44,0.5,2,true,false
1680072,candlepin/candlepin,java,307,1372772171,,1373304256,8868,,8,6,1,6,69,28021,372,0,30,999.5003747189608,54.102280432532744,102.49455765318868,7,cjschevi,1,0.0,1,true,false
1665081,candlepin/candlepin,java,306,1372431317,,1372680253,4148,,8,2,3,2,70,28085,53,20,30,997.222716752715,53.7653551717999,101.44205091685954,14,bkearney,25,0.76,30,true,false
1666067,candlepin/candlepin,java,305,1372426666,,1372426689,0,,8,1,0,0,70,28085,0,0,0,997.222716752715,53.7653551717999,101.44205091685954,7,dcrissman,1,0.0,0,false,false
1657491,candlepin/candlepin,java,304,1372333105,,1372761127,7133,,8,2,0,2,70,28062,1,37,17,995.5099422706863,53.70251585774357,101.52519421281448,14,dgoodwin,45,0.6888888888888889,40,true,false
1654312,candlepin/candlepin,java,303,1372275674,,1372434618,2649,,8,2,0,2,70,28062,16,214,5,995.5099422706863,53.70251585774357,101.52519421281448,7,alikins,34,0.6176470588235294,12,true,false
1651609,candlepin/candlepin,java,302,1372243071,,1372786765,9061,,8,33,8,53,69,28062,2616,912,706,995.5099422706863,53.70251585774357,101.52519421281448,14,dgoodwin,44,0.7045454545454546,38,true,false
1648265,candlepin/candlepin,java,301,1372180681,,1372693634,8549,,8,1,2,5,69,28062,224,164,40,995.5099422706863,53.70251585774357,101.52519421281448,7,cakofony,9,0.4444444444444444,0,true,false
1642526,candlepin/candlepin,java,300,1372098352,,1372694337,9933,,8,1,0,2,69,28062,3,1,6,995.5099422706863,53.70251585774357,101.52519421281448,14,bkearney,24,0.7916666666666666,28,true,false
1631536,candlepin/candlepin,java,299,1371842760,,1372687394,14077,,8,1,0,4,69,28062,15,0,18,995.5099422706863,53.70251585774357,101.52519421281448,14,jmrodri,43,0.5116279069767442,4,true,false
1626126,candlepin/candlepin,java,298,1371754236,,1372780788,17109,,8,4,5,4,69,28062,154,116,77,995.5099422706863,53.70251585774357,101.52519421281448,14,bkearney,23,0.8260869565217391,28,true,false
1620760,candlepin/candlepin,java,297,1371669568,,1372338650,11151,,8,4,0,10,69,28062,159,166,31,995.5099422706863,53.70251585774357,101.52519421281448,7,wottop,50,0.52,0,true,false
1614245,candlepin/candlepin,java,296,1371578818,,1371647013,1136,,8,1,0,2,68,28037,59,25,3,995.0065984235118,53.57206548489496,101.3660520027107,14,alikins,33,0.6363636363636364,24,true,false
1608989,candlepin/candlepin,java,295,1371497982,1371653572,1371653572,2593,2593,8,2,8,8,68,28037,137,37,17,995.0065984235118,53.57206548489496,101.3660520027107,7,beav,8,0.625,2,false,false
1592511,candlepin/candlepin,java,294,1371139887,,1372333492,19893,,8,2,3,5,68,28037,144,131,12,995.0065984235118,53.57206548489496,101.3660520027107,14,wottop,49,0.5306122448979592,0,true,false
1591147,candlepin/candlepin,java,293,1371124869,,1371126312,24,,8,1,0,1,67,28039,2,0,2,994.9356253789364,53.56824423124933,101.35882164128535,7,cjschevi,0,0,1,true,false
1587227,candlepin/candlepin,java,292,1371057968,,1371128545,1176,,8,1,0,1,67,28039,14,0,1,994.9356253789364,53.56824423124933,101.35882164128535,7,jmrodri,42,0.5238095238095238,2,true,false
1581952,candlepin/candlepin,java,291,1370971632,,1370975357,62,,8,1,0,1,67,28054,0,0,3,994.7244599700578,53.57524773650816,101.34027233193127,7,wottop,48,0.5416666666666666,0,true,false
1581827,candlepin/candlepin,java,290,1370970312,,1370975299,83,,8,1,0,2,67,28054,4,0,14,994.7244599700578,53.57524773650816,101.34027233193127,14,wottop,47,0.5531914893617021,0,true,false
1581734,candlepin/candlepin,java,289,1370969091,,1371050374,1354,,8,2,0,4,67,28054,0,0,35,994.7244599700578,53.57524773650816,101.34027233193127,14,dgoodwin,43,0.7209302325581395,38,true,false
1577255,candlepin/candlepin,java,288,1370891580,,1370972187,1343,,8,3,0,3,66,28009,224,19,1,995.8227712520975,53.62562033632047,101.50308829304866,14,jmrodri,41,0.5365853658536586,4,true,false
1576751,candlepin/candlepin,java,287,1370885383,,1370886696,21,,8,1,0,3,66,28009,16,54,63,994.2518476204077,53.482809097075936,101.2174658145596,14,dgoodwin,42,0.7380952380952381,38,true,false
1576348,candlepin/candlepin,java,286,1370879588,,1370975321,1595,,8,1,0,1,66,28004,0,8,6,994.4293672332524,53.49235823453792,101.2355377803171,14,awood,15,0.4,14,true,false
1575824,candlepin/candlepin,java,285,1370872351,,1370875597,54,,8,2,5,3,66,27874,57,12,21,987.7663772691398,53.16782664848963,100.12915261534046,14,cakofony,8,0.5,0,true,false
1566407,candlepin/candlepin,java,284,1370626430,,1370965215,5646,,8,3,1,6,66,27874,179,72,25,987.7663772691398,53.16782664848963,100.12915261534046,14,jmrodri,40,0.55,4,true,false
1565076,candlepin/candlepin,java,283,1370610462,,1370872358,4364,,8,1,0,3,65,27856,14,74,61,986.8251005169443,53.130384836300976,100.01435956346927,14,wottop,46,0.5652173913043478,0,true,false
1561391,candlepin/candlepin,java,282,1370546304,,1370881621,5588,,8,2,1,1,65,27902,65,0,13,985.6999498243854,53.07863235610351,99.84947315604616,14,alikins,32,0.65625,24,true,false
1553537,candlepin/candlepin,java,281,1370432473,,1370612274,2996,,8,1,0,8,66,27902,97,87,82,985.6999498243854,53.07863235610351,99.84947315604616,7,dgoodwin,41,0.7560975609756098,19,true,false
1549723,candlepin/candlepin,java,280,1370368092,,1370876775,8478,,8,20,7,20,66,27902,893,863,152,985.6999498243854,53.07863235610351,99.84947315604616,14,awood,14,0.42857142857142855,14,true,false
1544825,candlepin/candlepin,java,279,1370310883,1370363352,1370363352,874,874,8,2,0,8,66,27971,96,46,9,985.5922205141039,53.054949769404026,98.85238282506882,14,jmrodri,39,0.5384615384615384,4,true,false
1544806,candlepin/candlepin,java,278,1370310706,,1370310755,0,,8,2,0,8,66,27971,96,46,0,985.5922205141039,53.054949769404026,98.85238282506882,14,jmrodri,38,0.5526315789473685,4,true,false
1549178,candlepin/candlepin,java,277,1370033926,1370361816,1370361816,5464,5464,8,17,0,31,65,27959,741,429,391,984.7276368968847,52.97042097356844,98.78751028291427,7,alikins,31,0.6451612903225806,12,true,false
1549432,candlepin/candlepin,java,276,1370004080,1370364795,1370364795,6011,6011,8,1,0,3,65,27959,28,44,30,984.7276368968847,52.97042097356844,98.78751028291427,14,wottop,45,0.5555555555555556,0,true,false
1540819,candlepin/candlepin,java,275,1369930394,,1370273636,5720,,8,1,0,2,64,27959,12,39,1,984.7276368968847,52.97042097356844,98.78751028291427,14,cakofony,7,0.5714285714285714,0,true,false
1537772,candlepin/candlepin,java,274,1369882705,,1369915447,545,,8,11,0,40,64,27986,58,169,149,985.2783534624455,52.883584649467586,98.76366754805974,14,jmrodri,37,0.5675675675675675,4,true,false
1536354,candlepin/candlepin,java,273,1369855532,,1369872333,280,,8,3,0,11,63,27988,122,190,34,985.207946262684,52.87980563098471,98.75660997570387,14,awood,13,0.46153846153846156,14,true,false
1536171,candlepin/candlepin,java,272,1369853211,,1369914110,1014,,8,2,0,2,63,27722,13,13,5,979.8715821369309,52.66575283168603,98.44167087511724,14,jmrodri,36,0.5833333333333334,4,true,false
1534733,candlepin/candlepin,java,271,1369835184,,1369846180,183,,8,10,0,20,63,27289,947,676,22,978.5994356700503,52.145553153285206,97.18201473121039,14,awood,12,0.5,14,true,false
1534549,candlepin/candlepin,java,270,1369833373,,1369842804,157,,8,1,0,2,63,27289,1,2,12,978.5994356700503,52.145553153285206,97.18201473121039,14,wottop,44,0.5681818181818182,0,true,false
1529053,candlepin/candlepin,java,269,1369749902,,1369853284,1723,,8,71,40,36,63,27289,1517,1085,293,978.5994356700503,52.145553153285206,97.18201473121039,12,alikins,30,0.6666666666666666,24,true,false
1528008,candlepin/candlepin,java,268,1369738221,,1369743186,82,,8,1,0,1,63,27289,72,0,0,977.1336435926564,52.07226354941552,97.035435523471,12,dgoodwin,40,0.775,38,true,false
1535354,candlepin/candlepin,java,267,1369401768,,1369842582,7346,,8,2,0,2,63,27289,4,19,63,977.1336435926564,52.07226354941552,97.035435523471,6,cakofony,6,0.6666666666666666,0,true,false
1712179,candlepin/candlepin,java,266,1369399253,1369399355,1369399355,1,1,8,1,0,2,63,27287,33,22,2,976.6921977498442,52.039432696888625,97.00590024553817,12,jmrodri,35,0.5714285714285714,4,true,false
1528274,candlepin/candlepin,java,265,1369248213,,1369741688,8224,,8,1,0,2,63,27305,30,56,8,976.1948361106024,52.005127266068484,96.94195202343893,6,jmrodri,34,0.5882352941176471,2,true,false
1482784,candlepin/candlepin,java,261,1368638221,,1369313016,11246,,8,14,58,54,63,26822,2085,735,405,979.5690105137573,52.38237267914399,96.71165461188578,12,wottop,43,0.5813953488372093,0,true,false
1482706,candlepin/candlepin,java,260,1368637319,,1368700485,1052,,8,1,0,2,63,26822,7,20,22,979.5690105137573,52.38237267914399,96.71165461188578,12,dgoodwin,38,0.8157894736842105,38,true,false
1482705,candlepin/candlepin,java,259,1368637305,,1368642730,90,,8,1,0,1,63,26822,3,0,55,979.5690105137573,52.38237267914399,96.71165461188578,12,dgoodwin,37,0.8378378378378378,38,true,false
1482577,candlepin/candlepin,java,258,1368635864,,1368639816,65,,8,1,0,14,63,26822,4,110,17,979.5690105137573,52.38237267914399,96.71165461188578,12,jmrodri,32,0.625,4,true,false
1482518,candlepin/candlepin,java,257,1368635119,,1368637929,46,,7,7,0,42,63,26822,1603,521,170,979.5690105137573,52.38237267914399,96.71165461188578,12,wottop,42,0.5952380952380952,0,true,false
1482281,candlepin/candlepin,java,256,1368632569,,1368632691,2,,7,4,0,42,63,26822,1598,521,173,979.5690105137573,52.38237267914399,96.71165461188578,12,wottop,41,0.6097560975609756,0,true,false
1480808,candlepin/candlepin,java,255,1368615344,,1368631275,265,,7,1,0,3,63,26822,0,0,10,979.5690105137573,52.38237267914399,96.71165461188578,12,jmrodri,31,0.6451612903225806,4,true,false
1478094,candlepin/candlepin,java,254,1368559184,,1368559216,0,,7,5,0,8,63,26822,33,129,54,979.5690105137573,52.38237267914399,96.71165461188578,12,cakofony,5,0.8,0,true,false
1475893,candlepin/candlepin,java,253,1368532117,,1368645017,1881,,7,1,0,5,63,26822,16,14,45,979.5690105137573,52.38237267914399,96.71165461188578,12,dgoodwin,36,0.8611111111111112,38,true,false
1472310,candlepin/candlepin,java,252,1368468207,,1368493401,419,,7,1,0,1,63,26821,0,0,0,979.6801014130718,52.38432571492487,96.71526043025986,6,jmrodri,30,0.6666666666666666,2,true,false
1471985,candlepin/candlepin,java,251,1368464152,,1368491674,458,,7,1,0,2,63,26822,4,20,10,980.0536872716426,52.38237267914399,96.71165461188578,12,dgoodwin,35,0.8857142857142857,38,true,false
1471532,candlepin/candlepin,java,250,1368458425,,1368464237,96,,7,1,0,1,63,26822,0,0,8,980.0536872716426,52.38237267914399,96.71165461188578,12,alikins,28,0.7142857142857143,22,true,false
1462479,candlepin/candlepin,java,249,1368213313,,1368464208,4181,,7,3,0,5,63,26822,45,40,44,980.0536872716426,52.38237267914399,96.71165461188578,12,awood,11,0.5454545454545454,14,true,false
1456082,candlepin/candlepin,java,248,1368110821,,1368120484,161,,7,2,0,2,63,26767,0,0,7,981.7685956588336,52.49000635110397,96.91037471513431,12,alikins,27,0.7407407407407407,22,true,false
1451537,candlepin/candlepin,java,247,1368030068,,1368117760,1461,,7,5,0,14,63,26639,191,19,213,974.0605878599047,51.91636322684786,96.51263185555013,12,jmrodri,29,0.6896551724137931,4,true,false
1450872,candlepin/candlepin,java,246,1368021837,,1368106059,1403,,7,14,9,21,63,26639,710,772,331,974.0605878599047,51.91636322684786,96.51263185555013,12,awood,10,0.6,14,true,false
1440844,candlepin/candlepin,java,245,1367850521,,1368017185,2777,,7,4,0,7,63,26636,126,6,96,974.1702958402162,51.92221054212344,96.52350202733143,6,dgoodwin,34,0.9117647058823529,19,true,false
1431627,candlepin/candlepin,java,244,1367600129,,1367600538,6,,7,4,0,8,66,26634,0,1218,6,974.8066381317113,51.88856349027559,96.45565818127206,12,dgoodwin,33,0.9393939393939394,38,true,false
1426548,candlepin/candlepin,java,243,1367519691,,1367844035,5405,,7,1,0,2,69,26634,8,0,16,974.8066381317113,51.88856349027559,96.45565818127206,6,bkearney,22,0.8636363636363636,13,true,false
1424345,candlepin/candlepin,java,242,1367494351,,1367836816,5707,,7,2,0,2,73,26634,12,66,20,966.9970714124803,51.47555755800856,94.87872643988885,12,mstead,24,0.5416666666666666,0,true,false
1420711,candlepin/candlepin,java,241,1367430072,,1367516203,1435,,7,8,0,4,74,26634,353,285,269,966.9970714124803,51.47555755800856,94.87872643988885,12,dgoodwin,32,0.96875,38,true,false
1415770,candlepin/candlepin,java,240,1367345947,,1367422655,1278,,7,1,0,2,77,26482,9,8,7,964.7307605165772,51.46892228683634,94.89464541953025,6,bkearney,21,0.9047619047619048,13,true,false
1415106,candlepin/candlepin,java,239,1367337607,,1368017016,11323,,7,1,0,4,77,26482,50,0,9,964.7307605165772,51.46892228683634,94.89464541953025,12,mstead,23,0.5652173913043478,0,true,false
1413253,candlepin/candlepin,java,238,1367315556,,1367411544,1599,,7,1,0,1,77,26482,0,0,5,964.7307605165772,51.46892228683634,94.89464541953025,6,mstead,22,0.5909090909090909,0,true,false
1409114,candlepin/candlepin,java,237,1367249355,,1367410639,2688,,7,2,1,4,77,26482,9,54,67,964.7307605165772,51.46892228683634,94.89464541953025,12,bkearney,20,0.95,26,true,false
1407978,candlepin/candlepin,java,236,1367237312,,1367429796,3208,,7,30,6,15,77,26482,1683,408,290,964.7307605165772,51.46892228683634,94.89464541953025,12,mstead,21,0.6190476190476191,0,true,false
1418953,candlepin/candlepin,java,235,1366995374,,1367408911,6892,,7,1,0,1,77,26482,0,2,4,964.7307605165772,51.46892228683634,94.89464541953025,12,jmrodri,28,0.7142857142857143,4,true,false
1746520,candlepin/candlepin,java,234,1366965194,1366983292,1366983292,301,301,6,1,0,5,78,26486,16,16,29,965.113644944499,51.53666087744468,94.95582571924791,6,dgoodwin,31,0.967741935483871,19,true,false
1730755,candlepin/candlepin,java,233,1366632593,1366657086,1366657086,408,408,6,1,0,3,75,26368,21,192,16,956.5382281553399,51.3501213592233,94.12924757281553,12,dgoodwin,30,0.9666666666666667,38,true,false
1390984,candlepin/candlepin,java,232,1366392518,1366632555,1366632555,4000,4000,6,1,0,2,76,26368,4,75,2,954.1868932038835,51.31219660194175,93.93962378640778,12,jmrodri,27,0.7037037037037037,4,true,false
1325114,candlepin/candlepin,java,231,1366391443,,1366816101,7077,,6,27,21,56,76,26368,221,305,161,954.1868932038835,51.31219660194175,93.93962378640778,6,awood,9,0.6666666666666666,7,true,false
1381692,candlepin/candlepin,java,230,1366213514,1366298217,1366298217,1411,1411,6,15,0,9,76,26333,1883,306,519,943.5689059355182,50.65886909960886,90.79861770402158,12,mstead,20,0.6,0,true,false
1319320,candlepin/candlepin,java,229,1366135117,1366214695,1366214695,1326,1326,6,3,1,5,76,26333,62,38,15,943.5689059355182,50.65886909960886,90.79861770402158,12,bkearney,19,0.9473684210526315,26,true,false
1382007,candlepin/candlepin,java,228,1366120278,1366218286,1366218286,1633,1633,6,1,0,2,76,26333,14,0,5,943.5689059355182,50.65886909960886,90.79861770402158,12,alikins,26,0.7307692307692307,22,true,false
1383136,candlepin/candlepin,java,227,1366028769,1366238453,1366238453,3494,3494,6,3,0,6,76,26335,86,114,46,944.560470856275,50.69299411429656,91.28536168596925,12,bkearney,18,0.9444444444444444,26,true,false
1364002,candlepin/candlepin,java,226,1365598874,1365783334,1365783334,3074,3074,6,2,0,7,77,26367,51,24,127,944.7794591724504,50.7831759396215,90.68153373535101,6,cakofony,4,0.75,0,true,false
1354690,candlepin/candlepin,java,225,1365596873,,1365597156,4,,6,2,0,4,77,26366,13,61,0,944.8152924220587,50.78510202533566,90.6849730713798,12,cakofony,3,1.0,0,true,false
1351249,candlepin/candlepin,java,224,1365524919,1366298186,1366298186,12887,12887,6,2,0,1,76,26366,0,0,14,944.8152924220587,50.78510202533566,90.6849730713798,12,jmrodri,26,0.6923076923076923,4,true,false
1311307,candlepin/candlepin,java,223,1365515424,1365679721,1365679721,2738,2738,6,3,4,3,76,26366,37,0,14,944.8152924220587,50.78510202533566,90.6849730713798,12,wottop,40,0.6,0,true,false
1347020,candlepin/candlepin,java,222,1365436571,1365515116,1365515116,1309,1309,6,1,0,1,76,26366,0,0,6,944.8152924220587,50.78510202533566,90.6849730713798,12,jmrodri,25,0.68,4,true,false
1338287,candlepin/candlepin,java,221,1365181419,1365421218,1365421218,3996,3996,6,1,0,1,76,26366,0,37,13,944.4739437153911,50.78510202533566,90.6849730713798,6,wottop,39,0.5897435897435898,0,true,false
1337812,candlepin/candlepin,java,220,1365173046,1365418310,1365418310,4087,4087,6,2,0,1,76,26366,0,0,4,944.4739437153911,50.78510202533566,90.6849730713798,12,jmrodri,24,0.6666666666666666,4,true,false
1336112,candlepin/candlepin,java,219,1365139155,1365172974,1365172974,563,563,6,1,0,2,77,26366,0,0,3,944.4739437153911,50.78510202533566,90.6849730713798,6,xsuchy,3,0.6666666666666666,3,false,false
1334457,candlepin/candlepin,java,218,1365097115,1365782659,1365782659,11425,11425,6,1,0,12,77,26366,151,110,25,944.4739437153911,50.78510202533566,90.6849730713798,12,wottop,38,0.5789473684210527,0,true,false
1702210,candlepin/candlepin,java,217,1365014606,1365081371,1365081371,1112,1112,6,1,0,4,77,26372,0,95,1,938.5712118913999,50.62187168208706,89.60260882754437,6,wottop,37,0.5675675675675675,0,true,false
1702160,candlepin/candlepin,java,216,1365013408,,1365014192,13,,6,1,0,4,77,26372,0,82,0,938.5712118913999,50.62187168208706,89.60260882754437,6,wottop,36,0.5833333333333334,0,true,false
1701986,candlepin/candlepin,java,215,1365009834,1365013332,1365013332,58,58,6,1,0,1,77,26372,0,0,19,938.5712118913999,50.62187168208706,89.60260882754437,12,beav,7,0.5714285714285714,4,false,false
1326234,candlepin/candlepin,java,214,1364915917,1364985594,1364985594,1161,1161,6,2,0,2,77,26361,0,0,0,935.8901407382117,50.415386366222826,89.26065020295134,12,jmrodri,23,0.6521739130434783,4,true,false
1325752,candlepin/candlepin,java,213,1364904045,1365080870,1365080870,2947,2947,6,2,0,2,77,26372,61,132,55,938.5712118913999,50.62187168208706,89.60260882754437,12,cakofony,2,1.0,0,true,false
1322250,candlepin/candlepin,java,212,1364839977,,1364929208,1487,,6,1,0,2,77,26361,5,7,0,935.8901407382117,50.415386366222826,89.26065020295134,12,beav,6,0.6666666666666666,4,false,false
1312724,candlepin/candlepin,java,211,1364589618,1364994694,1364994694,6811,6811,6,4,0,9,77,26142,90,143,46,932.5606304031826,50.30219570040548,88.97559482824575,12,jmrodri,22,0.6363636363636364,4,true,false
1307802,candlepin/candlepin,java,210,1364502653,1364554365,1364554365,861,861,6,6,0,1,77,26171,23,0,18,933.3995644033473,50.28466623361736,89.1444728898399,12,jmrodri,21,0.6190476190476191,4,true,false
1307254,candlepin/candlepin,java,209,1364496059,1364559977,1364559977,1065,1065,6,3,0,3,76,26171,65,102,87,933.3995644033473,50.28466623361736,89.1444728898399,12,dgoodwin,29,0.9655172413793104,38,true,false
1696669,candlepin/candlepin,java,208,1364483095,1364557567,1364557567,1241,1241,6,1,0,1,76,26171,0,1,5,933.3995644033473,50.28466623361736,89.1444728898399,6,jmrodri,20,0.6,2,true,false
1298254,candlepin/candlepin,java,207,1364416760,1364832236,1364832236,6984,6984,6,47,1,41,76,26171,1262,1165,286,933.3995644033473,50.28466623361736,89.1444728898399,12,jmrodri,19,0.5789473684210527,4,true,false
1296742,candlepin/candlepin,java,206,1364319499,1364500190,1364500190,3011,3011,6,1,0,22,76,26171,0,0,88,933.3995644033473,50.28466623361736,89.1444728898399,12,alikins,25,0.72,22,true,false
1261706,candlepin/candlepin,java,205,1363800034,1363805201,1363805201,86,86,6,6,5,10,77,26125,84,33,23,933.1291866028708,50.2200956937799,89.14832535885166,12,cakofony,1,1.0,0,true,false
1281634,candlepin/candlepin,java,204,1363799048,,1363872658,1226,,6,1,0,4,77,26125,7,39,37,933.1291866028708,50.2200956937799,89.14832535885166,12,awood,8,0.75,14,true,false
1280599,candlepin/candlepin,java,203,1363786559,,1364402430,10264,,6,4,0,16,77,26125,72,17,100,933.1291866028708,50.2200956937799,89.14832535885166,12,wottop,35,0.6,0,true,false
1277367,candlepin/candlepin,java,202,1363718576,1363718931,1363718931,5,5,6,1,0,1,77,26125,5,0,22,933.1291866028708,50.2200956937799,89.14832535885166,12,dgoodwin,28,0.9642857142857143,36,true,false
1275798,candlepin/candlepin,java,201,1363697937,1363875574,1363875574,2960,2960,6,1,0,2,78,26125,0,0,20,933.1291866028708,50.2200956937799,89.14832535885166,12,beav,5,0.8,4,false,false
1273181,candlepin/candlepin,java,200,1363639779,1363697182,1363697182,956,956,6,1,0,2,78,26124,10,84,23,930.9830041341295,50.145460113305774,88.80722707089267,12,awood,7,0.7142857142857143,14,true,false
1271838,candlepin/candlepin,java,199,1363620581,1363621054,1363621054,7,7,6,1,0,1,79,26047,0,4,7,933.0057204284562,50.25530771298038,88.87779782700503,12,alikins,24,0.7083333333333334,20,true,false
1254545,candlepin/candlepin,java,198,1363295204,,1363875677,9674,,6,2,2,3,78,26021,0,0,15,932.5929057299874,50.19023096729565,88.92817339840897,6,alikins,23,0.7391304347826086,10,true,false
1253702,candlepin/candlepin,java,197,1363284042,1363637416,1363637416,5889,5889,6,7,20,6,78,26021,389,77,50,932.5929057299874,50.19023096729565,88.92817339840897,6,cakofony,0,0,0,true,false
1244283,candlepin/candlepin,java,196,1363028819,,1364298451,21160,,6,2,0,1,78,26067,0,0,2,960.256262707638,51.29090420838608,90.34411324663368,10,alikins,22,0.7727272727272727,20,true,false
1243587,candlepin/candlepin,java,195,1363019556,,1363629409,10164,,6,3,4,13,78,26067,179,17,44,960.256262707638,51.29090420838608,90.34411324663368,5,wottop,34,0.6176470588235294,0,true,false
1243347,candlepin/candlepin,java,194,1363016290,1363605118,1363605118,9813,9813,6,5,1,6,78,26067,40,43,55,960.256262707638,51.29090420838608,90.34411324663368,10,beav,4,1.0,4,false,false
1234845,candlepin/candlepin,java,193,1362778296,,1363004812,3775,,6,3,0,5,78,26067,10,0,4,960.256262707638,51.29090420838608,90.34411324663368,10,jmrodri,18,0.6111111111111112,4,true,false
1234240,candlepin/candlepin,java,192,1362770147,,1363689638,15324,,6,1,0,1,79,26067,2,0,4,960.256262707638,51.29090420838608,90.34411324663368,5,jmrodri,17,0.6470588235294118,2,true,false
1220949,candlepin/candlepin,java,191,1362417557,,1363172391,12580,,6,85,59,104,78,26065,7809,3165,278,960.3299443698446,51.29483982351813,90.35104546326492,10,mstead,19,0.631578947368421,0,true,false
1211492,candlepin/candlepin,java,190,1362160670,,1362164282,60,,6,1,0,1,77,26065,0,219,0,953.5008632265491,50.75772108191061,89.929023594859,10,jmrodri,16,0.6875,4,true,false
1211417,candlepin/candlepin,java,189,1362159536,,1362412771,4220,,6,22,0,36,77,25853,782,706,77,912.5439987622326,49.394654392140176,89.00321045913434,10,mstead,18,0.6666666666666666,0,true,false
1209998,candlepin/candlepin,java,188,1362137515,,1362137782,4,,6,4,0,2,77,26126,536,0,56,903.0084972824006,48.87851182729848,88.07318380157697,10,mstead,17,0.7058823529411765,0,true,false
1202195,candlepin/candlepin,java,187,1361985286,,1362068931,1394,,6,2,0,4,78,26144,678,44,18,902.6545287637698,48.844859241126066,88.0125458996328,10,wottop,33,0.6363636363636364,0,true,false
1197861,candlepin/candlepin,java,186,1361904226,,1361985260,1350,,6,2,0,4,78,26144,618,48,0,902.6545287637698,48.844859241126066,88.0125458996328,5,wottop,32,0.65625,0,true,false
1196282,candlepin/candlepin,java,185,1361881978,,1361985250,1721,,6,5,0,5,78,26177,354,26,0,902.6626427780112,48.7068800855713,87.5959812048745,5,wottop,31,0.6774193548387096,0,true,false
1196264,candlepin/candlepin,java,184,1361881597,,1361890534,148,,6,4,0,17,78,26177,796,246,156,902.6626427780112,48.7068800855713,87.5959812048745,10,mstead,16,0.75,0,true,false
1196230,candlepin/candlepin,java,183,1361881204,,1361881621,6,,6,54,0,98,78,26039,6304,2709,191,952.9167786781367,50.731594915319334,89.94201006183033,10,wottop,30,0.7,0,true,false
1176216,candlepin/candlepin,java,182,1361389612,1361813106,1361813106,7058,7058,6,5,0,1,79,26177,600,0,11,902.6626427780112,48.7068800855713,87.5959812048745,10,slagle,0,0,2,false,false
1175180,candlepin/candlepin,java,181,1361373503,1362596327,1362596327,20380,20380,6,5,3,2,77,26039,179,0,2,952.9167786781367,50.731594915319334,89.94201006183033,10,dcrissman,0,0,0,false,false
1168325,candlepin/candlepin,java,180,1361308496,,1361981076,11209,,6,9,4,6,77,26039,96,67,11,952.9167786781367,50.731594915319334,89.94201006183033,10,jmrodri,15,0.7333333333333333,2,true,false
1172281,candlepin/candlepin,java,179,1361308384,,1361362455,901,,6,41,0,44,77,26039,515,842,2,952.9167786781367,50.731594915319334,89.94201006183033,10,jmrodri,14,0.7857142857142857,2,true,false
1171710,candlepin/candlepin,java,178,1361299268,,1362072546,12887,,6,1,0,6,76,26039,61,20,12,952.9167786781367,50.731594915319334,89.94201006183033,10,awood,6,0.8333333333333334,14,true,false
1166351,candlepin/candlepin,java,177,1361212035,1361220355,1361220355,138,138,7,1,1,5,75,26033,34,50,20,951.9456074981754,50.70487458226098,89.92432681596435,10,bkearney,17,0.9411764705882353,26,true,false
1148026,candlepin/candlepin,java,176,1360701399,1360845017,1360845017,2393,2393,7,1,0,5,73,25895,0,0,4,943.0391967561305,50.550299285576365,90.40355280942266,10,bkearney,16,0.9375,26,true,false
1146935,candlepin/candlepin,java,175,1360677533,1360782224,1360782224,1744,1744,7,1,0,1,73,25762,5,0,3,934.050151385762,49.80203400357115,89.9386693579691,10,bkearney,15,0.9333333333333333,26,true,false
1144783,candlepin/candlepin,java,174,1360605003,1360783726,1360783726,2978,2978,7,2,0,9,73,25762,21,317,2,934.050151385762,49.80203400357115,89.9386693579691,10,jmrodri,13,0.7692307692307693,2,true,false
1000322,candlepin/candlepin,java,173,1360347807,,1360854764,8449,,7,5,17,10,73,25762,614,471,6,934.050151385762,49.80203400357115,89.9386693579691,10,wottop,29,0.7241379310344828,0,true,false
961551,candlepin/candlepin,java,172,1360102747,,1367857568,129307,,7,1,0,6,71,25762,53,0,0,934.050151385762,49.80203400357115,89.9386693579691,10,alikins,21,0.8095238095238095,20,true,false
973133,candlepin/candlepin,java,171,1359746182,,1360757140,16849,,7,2,0,3,70,25762,123,0,2,934.050151385762,49.80203400357115,89.9386693579691,10,mstead,15,0.8,0,true,false
948078,candlepin/candlepin,java,170,1359731919,,1360756949,17083,,7,1,0,4,70,25762,15,2,10,934.050151385762,49.80203400357115,89.9386693579691,8,wottop,28,0.75,0,true,false
933158,candlepin/candlepin,java,169,1359398528,1359731227,1359731227,5544,5544,7,1,0,4,70,25771,8,0,7,933.7239532808195,49.784641651468704,89.9072600985604,6,wottop,27,0.7407407407407407,0,true,false
932483,candlepin/candlepin,java,168,1359386516,1359459769,1359459769,1220,1220,7,1,0,4,69,25771,26,0,28,933.7239532808195,49.784641651468704,89.9072600985604,6,dgoodwin,27,0.9629629629629629,36,true,false
932256,candlepin/candlepin,java,167,1359381948,1359383242,1359383242,21,21,7,1,0,1,70,25771,3,0,0,933.7239532808195,49.784641651468704,89.9072600985604,6,alikins,20,0.8,20,true,false
931926,candlepin/candlepin,java,166,1359374481,,1360756849,23039,,7,3,7,14,69,25771,309,202,16,933.7239532808195,49.784641651468704,89.9072600985604,6,wottop,26,0.7692307692307693,0,true,false
925070,candlepin/candlepin,java,165,1359038188,1359730805,1359730805,11543,11543,8,1,0,5,69,25771,14,0,11,933.7239532808195,49.784641651468704,89.9072600985604,6,wottop,25,0.76,0,true,false
836594,candlepin/candlepin,java,164,1358953947,1358954030,1358954030,1,1,8,1,0,1,70,25771,2,0,3,933.7239532808195,49.784641651468704,89.9072600985604,6,wottop,24,0.75,0,true,false
823097,candlepin/candlepin,java,163,1358536520,1358794652,1358794652,4302,4302,8,1,0,2,70,25739,0,0,0,933.2141885854152,49.768833288006526,90.09674035510315,6,dgoodwin,26,0.9615384615384616,36,true,false
822861,candlepin/candlepin,java,162,1358531186,1358532423,1358532423,20,20,8,1,0,1,69,25739,0,1,0,933.175337037181,49.768833288006526,90.09674035510315,3,jmrodri,12,0.75,1,true,false
822794,candlepin/candlepin,java,161,1358529560,1358883196,1358883197,5893,5893,8,2,0,2,69,25739,32,0,1,933.175337037181,49.768833288006526,90.09674035510315,6,wottop,23,0.7391304347826086,0,true,false
818639,candlepin/candlepin,java,160,1358437886,1358450306,1358450306,207,207,8,7,0,30,69,25761,185,131,55,932.494856566127,49.72633049959241,90.0197973681146,6,dgoodwin,25,0.96,36,true,false
832162,candlepin/candlepin,java,159,1358426885,1358864547,1358864548,7294,7294,8,1,0,2,69,25761,0,0,0,932.494856566127,49.72633049959241,90.0197973681146,6,xsuchy,2,0.5,6,false,false
832295,candlepin/candlepin,java,158,1358191775,1358866878,1358866879,11251,11251,8,1,0,15,68,25761,57,22,19,932.494856566127,49.72633049959241,90.0197973681146,6,wottop,22,0.7272727272727273,0,true,false
796019,candlepin/candlepin,java,157,1357907239,1357921127,1357921127,231,231,8,2,0,7,67,25754,82,42,20,931.8552457870622,49.66218839791877,89.6171468509746,6,wottop,21,0.7142857142857143,0,true,false
792245,candlepin/candlepin,java,156,1357829478,,1358880743,17521,,8,1,0,4,66,25754,11,14,0,931.8552457870622,49.66218839791877,89.6171468509746,6,alikins,19,0.8421052631578947,20,true,false
791904,candlepin/candlepin,java,155,1357747740,,1357824540,1280,,8,1,0,1,66,25754,1,0,0,931.8552457870622,49.66218839791877,89.6171468509746,6,alikins,18,0.8888888888888888,20,true,false
784542,candlepin/candlepin,java,154,1357673520,1357674406,1357674406,14,14,8,1,0,1,66,25749,7,0,1,932.0361955804109,49.67183191580256,89.63454891452095,6,dgoodwin,24,0.9583333333333334,36,true,false
784105,candlepin/candlepin,java,153,1357667146,1358885087,1358885087,20299,20299,8,1,0,5,66,25749,63,57,26,932.0361955804109,49.67183191580256,89.63454891452095,6,dgoodwin,23,0.9565217391304348,36,true,false
779806,candlepin/candlepin,java,152,1357577920,1357585682,1357585682,129,129,8,1,0,7,66,25596,194,244,4,929.8718549773403,49.18737302703548,89.74058446632287,3,wottop,20,0.7,0,true,false
973132,candlepin/candlepin,java,151,1357313747,1357323864,1357323864,168,168,8,1,0,2,65,25587,55,46,0,929.0264587485832,49.165591902137805,89.7721499198812,3,dgoodwin,22,0.9545454545454546,18,true,false
779762,candlepin/candlepin,java,150,1357233427,,1357576020,5709,,8,4,5,8,65,25596,227,718,0,929.8718549773403,49.18737302703548,89.74058446632287,3,wottop,19,0.7368421052631579,0,true,false
901446,candlepin/candlepin,java,149,1356119738,1357426063,1357426063,21772,21772,8,1,0,1,64,25579,11,0,9,929.3170178662183,49.180968763438756,89.80022674850463,3,wottop,18,0.7222222222222222,0,true,false
900998,candlepin/candlepin,java,148,1356106076,1357241242,1357241242,18919,18919,8,1,0,1,64,25579,18,0,0,929.3170178662183,49.180968763438756,89.80022674850463,6,bkearney,14,0.9285714285714286,26,true,false
899341,candlepin/candlepin,java,147,1356014721,1357426010,1357426010,23521,23521,8,1,0,1,64,25579,2,0,1,929.3170178662183,49.180968763438756,89.80022674850463,3,wottop,17,0.7058823529411765,0,true,false
898963,candlepin/candlepin,java,146,1356004477,1356014949,1356014949,174,174,8,1,0,1,64,25579,0,12,3,929.3170178662183,49.180968763438756,89.80022674850463,6,mstead,14,0.7857142857142857,0,true,false
779759,candlepin/candlepin,java,145,1355945529,,1357575994,27174,,8,1,17,3,63,25579,54,116,0,929.3170178662183,49.180968763438756,89.80022674850463,3,wottop,16,0.75,0,true,false
973131,candlepin/candlepin,java,144,1355941024,1355941138,1355941138,1,1,8,1,0,1,63,25580,6,0,0,929.2806880375293,49.1790461297889,89.79671618451916,3,mstead,13,0.7692307692307693,0,true,false
894882,candlepin/candlepin,java,143,1355854543,1355855076,1355855076,8,8,8,1,0,4,62,25572,22,12,33,929.4149851399969,49.19443140935398,89.82480838417018,3,mstead,12,0.75,0,true,false
894856,candlepin/candlepin,java,142,1355852575,1355854308,1355854308,28,28,8,1,0,1,62,25569,3,0,0,929.5240330087215,49.20020337126989,89.8353474911025,3,dgoodwin,21,0.9523809523809523,18,true,false
760236,candlepin/candlepin,java,141,1355833949,1355844571,1355844571,177,177,8,1,0,6,62,25572,26,0,9,929.4149851399969,49.19443140935398,89.82480838417018,6,dgoodwin,20,0.95,36,true,false
760225,candlepin/candlepin,java,140,1355833831,1355844519,1355844519,178,178,8,1,0,1,62,25572,1,0,8,929.4149851399969,49.19443140935398,89.82480838417018,6,dgoodwin,19,0.9473684210526315,36,true,false
723502,candlepin/candlepin,java,139,1355763894,1355772416,1355772417,142,142,8,3,4,5,62,25564,219,168,32,927.9846659364732,49.131591300266,89.61821311218901,3,dgoodwin,18,0.9444444444444444,18,true,false
751200,candlepin/candlepin,java,138,1355490578,1355499194,1355499194,143,143,8,1,0,2,61,25564,0,0,20,927.9846659364732,49.131591300266,89.61821311218901,6,bkearney,13,0.9230769230769231,24,true,false
748786,candlepin/candlepin,java,137,1355421371,,1355490560,1153,,8,1,0,2,62,25564,0,0,20,927.9846659364732,49.131591300266,89.61821311218901,3,bkearney,12,1.0,12,true,false
745764,candlepin/candlepin,java,136,1355341050,1355404460,1355404460,1056,1056,8,1,0,3,61,25559,34,2,20,928.0879533628076,49.14120270746117,89.63574474744708,3,dgoodwin,17,0.9411764705882353,18,true,false
661318,candlepin/candlepin,java,135,1355328702,1355337403,1355337404,145,145,8,2,4,6,61,25556,52,198,11,928.0012521521364,49.06871184848959,89.60713726717796,6,dgoodwin,16,0.9375,36,true,false
750000,candlepin/candlepin,java,134,1355148243,1355445472,1355445473,4953,4953,8,1,0,2,61,25556,6,2,11,928.0012521521364,49.06871184848959,89.60713726717796,6,mstead,11,0.7272727272727273,0,true,false
722634,candlepin/candlepin,java,133,1354893422,1354906202,1354906202,213,213,8,1,0,2,61,25548,12,184,16,921.2854235165179,49.04493502426804,89.47862846406764,6,wottop,15,0.7333333333333333,0,true,false
703996,candlepin/candlepin,java,132,1354819669,1354820730,1354820730,17,17,8,1,0,2,62,25547,13,0,7,920.2254667867068,49.00771127725369,89.44298743492386,6,dgoodwin,15,0.9333333333333333,36,true,false
671895,candlepin/candlepin,java,131,1354722312,1354736121,1354736121,230,230,8,1,0,2,62,25547,0,0,9,920.2254667867068,49.00771127725369,89.44298743492386,6,beav,3,1.0,2,false,false
671805,candlepin/candlepin,java,130,1354720621,1354727651,1354727651,117,117,8,1,0,4,62,25547,8,0,22,920.2254667867068,49.00771127725369,89.44298743492386,6,jmrodri,11,0.7272727272727273,2,true,false
671587,candlepin/candlepin,java,129,1354716218,1354893000,1354893000,2946,2946,8,1,0,3,62,25547,35,54,19,920.2254667867068,49.00771127725369,89.44298743492386,6,dgoodwin,14,0.9285714285714286,36,true,false
663448,candlepin/candlepin,java,128,1354646416,1354650239,1354650239,63,63,8,1,0,2,62,25544,5,0,4,920.3335421233949,49.01346695897276,89.45349201378014,6,beav,2,1.0,2,false,false
644774,candlepin/candlepin,java,127,1354557110,1354557398,1354557398,4,4,8,1,0,1,63,25535,18,0,13,920.6579205012727,49.03074211866066,89.48502056001567,3,mstead,10,0.7,0,true,false
606961,candlepin/candlepin,java,126,1354285616,1354302096,1354302096,274,274,8,1,0,3,63,25388,32,7,2,925.2796596817394,49.275248148731684,89.8455963447298,6,jbowes,28,0.8928571428571429,36,true,false
587505,candlepin/candlepin,java,125,1354216321,1354285859,1354285860,1158,1158,8,1,0,1,63,25388,0,0,19,925.2796596817394,49.275248148731684,89.8455963447298,6,jmrodri,10,0.7,2,true,false
586501,candlepin/candlepin,java,124,1354213530,,1354216231,45,,8,1,0,1,63,25388,0,0,19,925.2796596817394,49.275248148731684,89.8455963447298,3,jmrodri,9,0.7777777777777778,1,true,false
582890,candlepin/candlepin,java,123,1354203793,1354205213,1354205213,23,23,8,1,0,22,64,25364,0,0,90,925.8397729064817,49.32187352152658,89.93061031383063,6,alikins,17,0.8823529411764706,20,true,false
885592,candlepin/candlepin,java,122,1354053364,,1354102686,822,,8,4,0,5,63,25364,105,90,0,925.8397729064817,49.32187352152658,89.93061031383063,3,mstead,9,0.7777777777777778,0,true,false
608962,candlepin/candlepin,java,121,1353982896,1354295530,1354295530,5210,5210,8,1,0,9,62,25388,367,34,32,925.2796596817394,49.275248148731684,89.8455963447298,3,wottop,14,0.7142857142857143,0,true,false
584256,candlepin/candlepin,java,120,1353979959,1354207854,1354207854,3798,3798,8,1,0,10,62,25364,58,14,1,925.8397729064817,49.32187352152658,89.93061031383063,3,bkearney,11,1.0,12,true,false
973101,candlepin/candlepin,java,119,1353932530,,1353942341,163,,8,2,0,37,62,25361,2029,1524,104,925.0029572966366,49.32770789795355,89.94124837348686,3,jbowes,27,0.9259259259259259,18,true,false
973102,candlepin/candlepin,java,118,1353679123,1353940490,1353940490,4356,4356,8,1,0,2,61,25361,0,0,24,925.0029572966366,49.32770789795355,89.94124837348686,3,jbowes,26,0.9230769230769231,18,true,false
973103,candlepin/candlepin,java,117,1353516564,1353519608,1353519608,50,50,8,1,0,2,60,25200,7,74,0,907.5396825396825,48.452380952380956,88.53174603174602,3,jmrodri,8,0.75,1,true,false
973100,candlepin/candlepin,java,116,1353446014,,1358866380,90339,,8,30,19,35,59,25200,1130,1045,0,907.5396825396825,48.452380952380956,88.53174603174602,3,jmrodri,7,0.8571428571428571,1,true,false
491092,candlepin/candlepin,java,115,1353075293,1353338364,1353338364,4384,4384,8,2,0,2,59,25200,296,0,0,907.5396825396825,48.452380952380956,88.53174603174602,3,dgoodwin,13,0.9230769230769231,18,true,false
488337,candlepin/candlepin,java,114,1353025853,1353605045,1353605045,9653,9653,8,2,0,2,59,25200,87,356,8,907.5396825396825,48.452380952380956,88.53174603174602,3,wottop,13,0.6923076923076923,0,true,false
481776,candlepin/candlepin,java,113,1352924220,1352925127,1352925127,15,15,8,1,0,1,59,25199,11,0,16,907.5756974483114,48.45430374221199,88.53525933568793,3,bkearney,10,1.0,12,true,false
463421,candlepin/candlepin,java,112,1352478352,,1353982914,25076,,8,2,0,8,58,25199,484,34,0,907.5756974483114,48.45430374221199,88.53525933568793,3,wottop,12,0.75,0,true,false
973104,candlepin/candlepin,java,111,1352312926,1353523330,1353523330,20173,20173,8,6,0,4,58,25260,492,43,86,909.8970704671417,48.653998416468724,88.71733966745843,3,mstead,8,0.75,0,true,false
973106,candlepin/candlepin,java,110,1352300322,1352303184,1352303184,47,47,8,1,0,3,58,25171,17,46,25,907.2345159111677,48.42874736800286,88.31591911326527,3,bkearney,9,1.0,12,true,false
973107,candlepin/candlepin,java,109,1352232548,1352313911,1352313911,1356,1356,8,1,0,4,58,25184,76,0,0,908.1162642947903,48.48316391359593,88.58799237611181,3,bkearney,8,1.0,12,true,false
973108,candlepin/candlepin,java,108,1351776671,1351788073,1351788073,190,190,8,1,0,1,58,25175,18,0,1,907.090367428004,48.421052631578945,88.30188679245283,3,jbowes,25,0.92,18,true,false
973109,candlepin/candlepin,java,107,1351701324,1351701593,1351701593,4,4,8,2,0,23,58,25175,0,0,91,907.090367428004,48.421052631578945,88.30188679245283,3,alikins,16,0.875,10,true,false
973110,candlepin/candlepin,java,106,1351278260,1351787328,1351787329,8424,8424,8,1,0,1,57,25175,0,0,0,907.090367428004,48.421052631578945,88.30188679245283,3,alikins,15,0.8666666666666667,10,true,false
973113,candlepin/candlepin,java,105,1351098095,1353690901,1353690901,43153,43153,8,23,3,20,57,25175,1253,589,328,907.090367428004,48.421052631578945,88.30188679245283,3,mstead,7,0.7142857142857143,0,true,false
973114,candlepin/candlepin,java,104,1351086423,1351775129,1351775129,11418,11418,8,2,0,3,57,25175,0,0,38,907.090367428004,48.421052631578945,88.30188679245283,3,beav,1,1.0,1,false,false
973115,candlepin/candlepin,java,103,1351014567,1351014712,1351014712,2,2,8,1,0,3,57,25146,82,0,8,908.1364829396325,48.47689493358784,88.40372226198997,3,wottop,11,0.7272727272727273,0,true,false
973116,candlepin/candlepin,java,102,1350908888,1351004576,1351004576,1594,1594,8,1,0,1,58,25146,0,0,2,908.1364829396325,48.47689493358784,88.40372226198997,3,jmrodri,6,0.8333333333333334,1,true,false
973117,candlepin/candlepin,java,101,1350905905,,1351014864,1815,,8,3,2,3,58,25146,101,0,0,908.1364829396325,48.47689493358784,88.40372226198997,3,wottop,10,0.8,0,true,false
973118,candlepin/candlepin,java,100,1350732218,1350920815,1350920815,3143,3143,8,1,0,1,58,25146,8,0,10,908.1364829396325,48.47689493358784,88.40372226198997,3,jbowes,24,0.9166666666666666,18,true,false
973119,candlepin/candlepin,java,99,1350732012,,1350732240,3,,8,1,0,1,58,25146,8,0,0,908.1364829396325,48.47689493358784,88.40372226198997,3,jbowes,23,0.9565217391304348,18,true,false
973120,candlepin/candlepin,java,98,1350496767,1350909209,1350909209,6874,6874,8,1,0,1,59,25131,0,0,3,906.9276988579842,48.426246468505035,88.29732203254945,3,bkearney,7,1.0,12,true,false
973121,candlepin/candlepin,java,97,1350496015,1350909185,1350909185,6886,6886,8,1,0,23,59,25131,2,0,67,906.9276988579842,48.426246468505035,88.29732203254945,3,bkearney,6,1.0,12,true,false
850564,candlepin/candlepin,java,96,1350495472,1350497484,1350497484,33,33,8,1,0,1,59,25131,16,0,1,906.9276988579842,48.426246468505035,88.29732203254945,3,dgoodwin,12,0.9166666666666666,18,true,false
850469,candlepin/candlepin,java,95,1350483083,,1353510870,50403,,8,1,0,1,58,25131,0,0,0,906.9276988579842,48.426246468505035,88.29732203254945,6,xsuchy,1,1.0,4,false,false
973122,candlepin/candlepin,java,94,1350480357,1350490123,1350490123,162,162,8,1,0,2,58,25131,19,0,7,906.9276988579842,48.426246468505035,88.29732203254945,3,dgoodwin,11,0.9090909090909091,18,true,false
973123,candlepin/candlepin,java,93,1350478319,1351775166,1351775166,21554,21554,8,1,0,2,58,25131,0,0,5,906.9276988579842,48.426246468505035,88.29732203254945,3,xsuchy,0,0,2,false,false
973124,candlepin/candlepin,java,92,1350390533,1350570830,1350570830,3004,3004,8,1,0,19,59,25131,62,84,14,906.9276988579842,48.426246468505035,88.29732203254945,3,dgoodwin,10,0.9,18,true,false
849275,candlepin/candlepin,java,91,1350253600,1350393123,1350393123,2325,2325,8,1,0,2,59,25131,4,0,11,906.9276988579842,48.426246468505035,88.29732203254945,3,wottop,9,0.7777777777777778,0,true,false
973125,candlepin/candlepin,java,90,1350045720,1350046246,1350046246,8,8,9,1,0,1,59,25131,9,0,3,906.9276988579842,48.426246468505035,88.29732203254945,3,awood,5,0.8,7,true,false
847491,candlepin/candlepin,java,89,1349981575,1350038113,1350038113,942,942,9,2,0,2,60,25131,0,0,3,906.9276988579842,48.426246468505035,88.29732203254945,3,alikins,14,0.8571428571428571,10,true,false
847239,candlepin/candlepin,java,88,1349974045,1349979145,1349979145,85,85,9,1,0,3,60,24953,19,31,7,909.0690498136497,48.61138941209474,88.20582695467479,6,bkearney,5,1.0,24,true,false
847184,candlepin/candlepin,java,87,1349972070,1349973744,1349973744,27,27,9,1,0,1,60,24953,0,0,3,909.0690498136497,48.61138941209474,88.20582695467479,6,jmrodri,5,0.8,2,true,false
846978,candlepin/candlepin,java,86,1349966075,1349978537,1349978537,207,207,9,1,0,13,60,24937,482,130,11,906.8051489754181,48.40197297188916,88.02181497373381,3,dgoodwin,9,0.8888888888888888,18,true,false
846444,candlepin/candlepin,java,85,1349949343,1349971971,1349971971,377,377,9,1,0,2,60,24937,90,95,7,906.8051489754181,48.40197297188916,88.02181497373381,6,jbowes,22,0.9545454545454546,36,true,false
882742,candlepin/candlepin,java,84,1349695469,1349884058,1349884058,3143,3143,9,1,0,7,61,24904,88,105,6,903.4291680051397,48.30549309347896,87.85737230966913,6,wottop,8,0.75,0,true,false
883099,candlepin/candlepin,java,83,1349464697,1349710609,1349710609,4098,4098,9,1,0,21,61,24835,378,609,47,891.4837930340245,47.47332393799074,87.53774914435272,6,jbowes,21,0.9523809523809523,36,true,false
882831,candlepin/candlepin,java,82,1349462275,1349699515,1349699515,3954,3954,9,1,0,2,61,24835,4,0,4,891.4837930340245,47.47332393799074,87.53774914435272,3,bkearney,4,1.0,12,true,false
880995,candlepin/candlepin,java,81,1349448733,1349788659,1349788659,5665,5665,9,1,0,6,61,24889,55,71,39,902.0049017638314,48.254248864960424,87.9103218289204,6,mstead,6,0.6666666666666666,0,true,false
881024,candlepin/candlepin,java,80,1349446004,1349450131,1349450131,68,68,9,1,0,4,61,24843,39,25,6,891.5589904600894,47.49828925653102,87.59006561204363,3,witlessbird,5,0.8,10,false,false
878363,candlepin/candlepin,java,79,1349261454,1349267286,1349267286,97,97,9,1,0,14,61,24768,146,234,19,890.3827519379845,47.44024547803618,87.29005167958655,6,witlessbird,4,0.75,20,false,false
453083,candlepin/candlepin,java,78,1349197634,,1349710683,8550,,9,1,0,2,61,24768,27,83,0,890.3827519379845,47.44024547803618,87.29005167958655,6,jmrodri,4,1.0,2,true,false
452691,candlepin/candlepin,java,77,1349187685,,1349188869,19,,9,1,0,6,61,24768,57,93,0,890.3827519379845,47.44024547803618,87.29005167958655,6,witlessbird,3,1.0,20,false,false
452098,candlepin/candlepin,java,76,1349174161,1349184299,1349184301,169,168,9,1,0,7,61,24778,17,125,19,892.0009686011786,47.542174509645655,87.45661473888126,6,jbowes,20,0.95,36,true,false
450048,candlepin/candlepin,java,75,1349101623,1349182648,1349182648,1350,1350,9,1,0,1,61,24778,6,0,0,892.0009686011786,47.542174509645655,87.45661473888126,3,jbowes,19,0.9473684210526315,18,true,false
439242,candlepin/candlepin,java,74,1348667146,1348671429,1348671431,71,71,10,1,0,0,61,27155,3878,0,34,813.9200883815136,43.38059289265329,79.8011415945498,3,jbowes,18,0.9444444444444444,18,true,false
877506,candlepin/candlepin,java,73,1348581904,1348581915,1348581915,0,0,10,1,0,1,61,27153,3,0,0,813.9800390380437,43.38378816337053,79.8070194821935,3,wottop,7,0.7142857142857143,0,false,false
436345,candlepin/candlepin,java,72,1348578571,1349349391,1349141331,9379,12847,10,2,0,4,61,27153,27,0,6,813.9800390380437,43.38378816337053,79.8070194821935,3,bcrochet,0,0,3,false,false
432840,candlepin/candlepin,java,71,1348472797,1348583356,1348583357,1842,1842,10,1,0,1,61,27153,3,0,0,813.9800390380437,43.38378816337053,79.8070194821935,3,witlessbird,2,1.0,10,false,false
876764,candlepin/candlepin,java,70,1348079228,1348079327,1348079328,1,1,10,1,0,2,63,27147,12,25,21,813.4232143514937,43.35654031753048,79.67731241021107,6,jbowes,17,0.9411764705882353,36,true,false
876758,candlepin/candlepin,java,69,1348077362,1348079349,1348079349,33,33,10,1,0,22,63,27147,0,0,70,813.4232143514937,43.35654031753048,79.67731241021107,3,alikins,13,0.8461538461538461,10,true,false
424021,candlepin/candlepin,java,68,1348051162,1348064696,1348064697,225,225,10,4,0,10,65,27111,171,37,73,807.6426542731733,43.045258382206484,78.63966655601047,3,jbowes,16,0.9375,18,true,false
408458,candlepin/candlepin,java,67,1347969209,1348063327,1348063328,1568,1568,10,1,1,7,64,27111,114,0,29,807.6426542731733,43.045258382206484,78.63966655601047,6,jbowes,15,0.9333333333333333,36,true,false
419951,candlepin/candlepin,java,66,1347894689,1347904212,1347904212,158,158,10,1,0,1,64,26367,0,0,0,823.415633177836,44.07023931429438,79.72086320021239,3,awood,4,0.75,7,true,false
409215,candlepin/candlepin,java,65,1347635161,1348066162,1348066163,7183,7183,10,2,0,2,65,26367,0,0,11,823.415633177836,44.07023931429438,79.72086320021239,6,jmrodri,3,1.0,2,true,false
364993,candlepin/candlepin,java,64,1347270265,1347907631,1347907632,10622,10622,10,15,7,23,66,26367,2740,443,145,823.415633177836,44.07023931429438,79.72086320021239,6,wottop,6,0.6666666666666666,0,true,false
360662,candlepin/candlepin,java,63,1347028029,1347636304,1347636304,10137,10137,10,1,0,1,66,26367,0,0,9,823.415633177836,44.07023931429438,79.72086320021239,6,jbowes,14,0.9285714285714286,36,true,false
355967,candlepin/candlepin,java,62,1346865356,1347387034,1347387035,8694,8694,10,4,0,3,65,26367,236,0,18,823.415633177836,44.07023931429438,79.72086320021239,3,dgoodwin,8,0.875,18,true,false
353119,candlepin/candlepin,java,61,1346771594,1348053509,1348053509,21365,21365,10,1,0,1,64,26367,6,0,14,823.415633177836,44.07023931429438,79.72086320021239,3,alikins,12,0.8333333333333334,10,true,false
347016,candlepin/candlepin,java,60,1346430265,1348069669,1348069669,27323,27323,10,3,0,10,63,26367,134,301,38,823.415633177836,44.07023931429438,79.72086320021239,3,mstead,5,0.6,0,true,false
346904,candlepin/candlepin,java,59,1346426702,1346760812,1346760813,5568,5568,10,1,0,1,62,26289,36,0,1,822.0168131157518,44.08688044429229,79.57700939556469,6,jbowes,13,0.9230769230769231,36,true,false
324523,candlepin/candlepin,java,58,1346352192,1346427209,1346427212,1250,1250,10,22,6,29,63,26289,659,1075,128,822.0168131157518,44.08688044429229,79.57700939556469,6,alikins,11,0.8181818181818182,20,true,false
411654,candlepin/candlepin,java,57,1346343406,1346343756,1346343756,5,5,10,6,0,10,63,23867,236,158,92,902.7527548497926,48.47697657853941,87.6943059454477,6,dgoodwin,7,0.8571428571428571,30,true,false
411642,candlepin/candlepin,java,56,1346341550,1346352062,1346352062,175,175,10,5,0,2,63,23738,0,0,3,905.1731401128992,48.69828966214508,88.21299182744966,6,alikins,10,0.8,20,true,false
411621,candlepin/candlepin,java,55,1346338839,1346345682,1346345682,114,114,10,1,0,34,62,23912,3878,0,0,903.730344596855,48.46938775510204,87.48745399799265,6,jbowes,12,0.9166666666666666,36,true,false
411532,candlepin/candlepin,java,54,1346317199,,1346343421,437,,10,5,0,10,62,23872,235,129,0,903.5690348525469,48.50871313672922,87.71782841823055,6,dgoodwin,6,1.0,30,true,false
411154,candlepin/candlepin,java,53,1346205664,1346264784,1346264784,985,985,10,2,0,1,61,23736,64,0,6,905.2494101786316,48.70239298955174,88.22042467138523,3,mstead,4,0.5,0,true,false
339638,candlepin/candlepin,java,52,1346161615,1346229746,1346229746,1135,1135,9,4,0,3,62,23733,15,0,22,905.1531622635149,48.70854927737749,88.2315762861838,6,jmrodri,2,1.0,2,true,false
300456,candlepin/candlepin,java,51,1346159990,1346341948,1346341949,3032,3032,9,4,6,38,62,23733,585,306,87,905.1531622635149,48.70854927737749,88.2315762861838,3,mstead,3,0.3333333333333333,0,true,false
339444,candlepin/candlepin,java,50,1346156921,,1346157444,8,,9,1,0,37,62,23733,578,270,0,905.1531622635149,48.70854927737749,88.2315762861838,6,mstead,2,0.5,0,true,false
333439,candlepin/candlepin,java,49,1346078761,1346175792,1346175792,1617,1617,9,1,0,1,61,23733,0,7,2,905.1531622635149,48.70854927737749,88.2315762861838,4,jbowes,11,0.9090909090909091,34,true,false
333421,candlepin/candlepin,java,48,1346078398,1346084999,1346084999,110,110,9,2,0,4,61,23733,0,0,13,905.1531622635149,48.70854927737749,88.2315762861838,4,alikins,9,0.7777777777777778,20,true,false
333196,candlepin/candlepin,java,47,1346072891,1346176338,1346176338,1724,1724,9,1,0,1,60,23733,5,0,3,905.1531622635149,48.70854927737749,88.2315762861838,4,alikins,8,0.75,20,true,false
333132,candlepin/candlepin,java,46,1346071707,,1346077740,100,,9,3,0,4,60,23733,0,0,0,905.1531622635149,48.70854927737749,88.2315762861838,4,alikins,7,0.8571428571428571,20,true,false
337249,candlepin/candlepin,java,45,1345731374,1345738286,1345738286,115,115,9,3,0,5,61,23526,425,115,25,904.3611323641928,48.71206324917113,88.49783218566692,4,jbowes,10,0.9,34,true,false
336060,candlepin/candlepin,java,44,1345595896,1345797895,1345797895,3366,3366,9,4,0,12,60,23526,288,273,32,904.2761200374055,48.71206324917113,88.49783218566692,2,jmrodri,1,1.0,1,true,false
335906,candlepin/candlepin,java,43,1345572862,1345658359,1345658359,1424,1424,9,1,0,1,60,23526,0,2,2,904.2761200374055,48.71206324917113,88.49783218566692,4,alikins,6,0.8333333333333334,20,true,false
250978,candlepin/candlepin,java,42,1345218438,1345569145,1345569145,5845,5845,9,1,0,11,61,23431,191,61,28,905.8939012419445,48.824207246809785,88.60057189193803,4,awood,3,0.6666666666666666,12,true,false
248560,candlepin/candlepin,java,41,1345129534,1345206131,1345206131,1276,1276,9,1,0,3,57,23431,6,12,9,905.8939012419445,48.824207246809785,88.60057189193803,4,awood,2,0.5,12,true,false
241015,candlepin/candlepin,java,40,1344873018,,1345127908,4248,,9,1,0,5,56,23431,14,6,0,905.8939012419445,48.824207246809785,88.60057189193803,2,awood,1,1.0,6,true,false
240417,candlepin/candlepin,java,39,1344858054,1344858287,1344858288,3,3,9,1,0,1,57,23440,236,0,10,905.5460750853242,48.80546075085324,88.56655290102388,4,wottop,5,0.6,0,true,false
237187,candlepin/candlepin,java,38,1344615502,,1344857959,4040,,9,2,0,1,56,23440,235,0,0,905.5460750853242,48.80546075085324,88.56655290102388,4,wottop,4,0.75,0,true,false
237148,candlepin/candlepin,java,37,1344614655,1345027755,1345027755,6885,6885,9,1,0,1,56,23440,91,0,0,905.5460750853242,48.80546075085324,88.56655290102388,4,dgoodwin,5,1.0,30,true,false
16124,candlepin/candlepin,java,36,1344514944,1344534681,1344534682,328,328,9,1,0,1,53,23440,0,0,1,905.5460750853242,48.80546075085324,88.56655290102388,4,alikins,5,0.8,20,true,false
13961,candlepin/candlepin,java,35,1344444511,1344445187,1344445187,11,11,10,1,0,22,54,23440,0,0,64,905.5460750853242,48.80546075085324,88.56655290102388,4,wottop,3,0.6666666666666666,0,true,false
230885,candlepin/candlepin,java,34,1343988295,1344009437,1344009438,352,352,10,1,0,1,51,23449,6,0,2,905.1985159281845,48.78672864514478,88.53256002388162,4,dgoodwin,4,1.0,30,true,false
229227,candlepin/candlepin,java,33,1343924774,1344008943,1344008946,1402,1402,10,1,0,3,50,23449,76,0,6,905.1985159281845,48.78672864514478,88.53256002388162,4,dgoodwin,3,1.0,30,true,false
231606,candlepin/candlepin,java,32,1343756738,1344008865,1344008866,4202,4202,10,1,0,9,46,22842,105,0,16,918.1770422905174,49.90806409246125,88.69626127309343,4,dgoodwin,2,1.0,30,true,false
229221,candlepin/candlepin,java,31,1343394062,,1343924736,8844,,10,4,0,15,44,22804,354,13,0,915.9796526925102,49.859673741448866,88.66865462199614,4,mstead,1,1.0,0,true,false
872779,candlepin/candlepin,java,30,1343318483,1343403492,1343403492,1416,1416,10,1,0,6,43,22804,76,117,13,915.9796526925102,49.859673741448866,88.66865462199614,4,awood,0,0,12,true,false
223142,candlepin/candlepin,java,29,1343068023,1343135303,1343135304,1121,1121,10,6,0,19,41,24945,293,15,8,817.9194227300061,44.37763078773301,77.49047905391862,4,mstead,0,0,0,true,false
218483,candlepin/candlepin,java,28,1342786033,1343034680,1343034680,4144,4144,10,1,0,3,37,22804,0,0,2,915.9796526925102,49.859673741448866,88.66865462199614,4,bkearney,3,1.0,24,true,false
214753,candlepin/candlepin,java,27,1342628490,1342628849,1342628849,5,5,10,1,0,1,35,22804,10,0,3,915.9796526925102,49.859673741448866,88.66865462199614,4,alikins,4,0.75,18,true,false
214621,candlepin/candlepin,java,26,1342624675,1343065975,1343065975,7355,7355,10,1,0,5,35,22804,50,0,3,915.9796526925102,49.859673741448866,88.66865462199614,4,jbowes,9,0.8888888888888888,32,true,false
214604,candlepin/candlepin,java,25,1342624074,1342789037,1342789037,2749,2749,10,3,0,22,35,22804,0,0,42,915.9796526925102,49.859673741448866,88.66865462199614,4,alikins,3,0.6666666666666666,18,true,false
214215,candlepin/candlepin,java,24,1342613134,1343916647,1343916648,21725,21725,10,15,0,28,35,22842,2005,400,41,918.1770422905174,49.90806409246125,88.69626127309343,4,wottop,2,0.5,0,true,false
209408,candlepin/candlepin,java,23,1342438549,1342621911,1342621911,3056,3056,10,7,0,16,31,22787,151,0,12,916.663009610743,49.896871022951686,88.73480493263702,4,jbowes,8,0.875,32,true,false
201703,candlepin/candlepin,java,22,1342045798,1342198783,1342198783,2549,2549,10,1,0,2,26,22787,44,0,2,916.663009610743,49.896871022951686,88.73480493263702,4,jbowes,7,0.8571428571428571,32,true,false
200438,candlepin/candlepin,java,21,1341982786,1342008734,1342008734,432,432,10,1,0,1,25,22784,12,0,2,916.7837078651685,49.903441011235955,88.74648876404495,2,bkearney,2,1.0,12,true,false
196696,candlepin/candlepin,java,20,1341832915,1341847287,1341847287,239,239,10,1,0,1,24,22784,0,0,2,916.7837078651685,49.903441011235955,88.74648876404495,4,alikins,2,0.5,16,true,false
192923,candlepin/candlepin,java,19,1341590132,1341594404,1341594404,71,71,10,1,0,1,24,25337,25,0,3,828.2353869834628,45.15135967162647,79.80423886016499,4,jbowes,6,0.8333333333333334,32,true,false
192403,candlepin/candlepin,java,18,1341577855,1341593091,1341593091,253,253,10,1,0,0,23,25337,4362,134,43,828.2353869834628,45.15135967162647,79.80423886016499,4,jbowes,5,0.8,32,true,false
179979,candlepin/candlepin,java,17,1340889769,1340894605,1340894605,80,80,9,1,0,6,21,25309,213,232,7,829.6258248054052,45.240823422497925,80.01106325812952,4,beav,0,0,2,false,false
177994,candlepin/candlepin,java,16,1340803442,1340893264,1340893265,1497,1497,9,1,0,1,20,25179,19,0,2,830.0170777234997,45.15667818420112,79.66956590809802,4,jbowes,4,0.75,32,true,false
174911,candlepin/candlepin,java,15,1340656804,1340706897,1340706897,834,834,9,2,0,5,19,25179,138,0,5,830.0170777234997,45.15667818420112,79.66956590809802,4,witlessbird,1,1.0,20,false,false
174319,candlepin/candlepin,java,14,1340639340,1340816863,1340816863,2958,2958,9,6,0,16,19,25179,255,156,26,830.0170777234997,45.15667818420112,79.66956590809802,4,alikins,1,0.0,16,true,false
172558,candlepin/candlepin,java,13,1340529336,1340624140,1340624141,1580,1580,9,1,0,569,18,25179,588,2,532,824.3377417689345,44.918384367925654,78.8752531871798,4,jbowes,3,0.6666666666666666,32,true,false
171404,candlepin/candlepin,java,12,1340404241,1340626127,1340626127,3698,3698,9,1,0,3,18,25179,83,253,3,824.3377417689345,44.918384367925654,78.8752531871798,2,jbowes,2,0.5,16,true,false
169071,candlepin/candlepin,java,11,1340291638,,1340639370,5795,,9,7,0,19,16,25179,255,158,0,824.3377417689345,44.918384367925654,78.8752531871798,2,alikins,0,0,16,true,false
165052,candlepin/candlepin,java,10,1340104811,1340105600,1340105600,13,13,9,2,0,673,15,25154,1617,0,13,822.8512363838754,44.80400731493997,78.75487000079511,2,jbowes,1,0.0,32,true,false
163933,candlepin/candlepin,java,9,1340034796,1340117409,1340117409,1376,1376,9,2,0,6,13,25154,37,106,69,822.8512363838754,44.80400731493997,78.75487000079511,1,jmrodri,0,0,1,true,false
161298,candlepin/candlepin,java,8,1339780691,1340014205,1340014205,3891,3891,9,1,0,8,11,25079,34,8,15,827.1462179512739,44.977869931017985,78.75114637744726,1,bkearney,1,1.0,11,true,false
161181,candlepin/candlepin,java,7,1339774202,1340022349,1340022349,4135,4135,9,1,0,2,11,25079,25,32,0,827.1462179512739,44.977869931017985,78.75114637744726,2,bkearney,0,0,22,true,false
159878,candlepin/candlepin,java,6,1339692617,1340036494,1340036494,5731,5731,9,17,0,29,11,25062,346,340,273,826.5900566594845,44.928577128720775,78.92426781581676,2,dgoodwin,1,1.0,30,true,false
158130,candlepin/candlepin,java,5,1339598319,,1339603848,92,,9,1,0,7,8,24981,157,0,0,828.7898803090349,45.07425643489052,79.14014651134862,2,jbowes,0,0,32,true,false
155231,candlepin/candlepin,java,4,1339436385,1339496744,1339496744,1005,1005,9,1,0,2,5,24981,0,14,2,828.7098194627918,45.07425643489052,79.06008566510549,1,dgoodwin,0,0,15,true,false
155104,candlepin/candlepin,java,3,1339429911,1339681545,1339681545,4193,4193,9,1,0,15,5,25011,75,50,47,827.7957698612611,45.020191115909,79.0452201031546,2,wottop,1,0.0,0,true,false
154898,candlepin/candlepin,java,2,1339420915,,1339429791,147,,9,1,0,14,4,24981,71,50,0,828.7098194627918,45.07425643489052,79.06008566510549,0,wottop,0,0,0,true,false
323196,candlepin/candlepin,java,1,1339164626,1339777066,1339777066,10207,10207,9,1,0,6,3,24981,19,97,34,828.7098194627918,45.07425643489052,79.06008566510549,0,witlessbird,0,0,20,false,false
