pull_req_id,project_name,lang,github_id,created_at,merged_at,closed_at,lifetime_minutes,mergetime_minutes,git_merged,conflict,team_size,num_commits,num_comments,files_changed,perc_external_contribs,sloc,src_churn,test_churn,commits_on_files_touched,test_lines_per_kloc,test_cases_per_kloc,asserts_per_kloc,watchers,requester,prev_pullreqs,requester_succ_rate,followers,intra_branch,main_team_member
1957486,cylc/cylc,python,652,1377001916,1377026834,1377026834,415,415,true,false,5,1,1,1,79,13609,2,0,17,140.05437578073335,8.744213388198986,20.942023660812698,6,benfitzpatrick,44,0.7272727272727273,8,false,false
1954243,cylc/cylc,python,649,1376945303,,1376984580,654,,false,false,5,1,2,1,80,13609,10,0,56,140.05437578073335,8.744213388198986,20.942023660812698,6,hjoliver,191,0.4973821989528796,6,false,false
1950496,cylc/cylc,python,648,1376904025,1376942888,1376942888,647,647,true,false,5,2,2,1,80,13606,7,0,8,140.0852565044833,8.746141408202265,20.946641187711304,6,matthewrmshin,46,0.6956521739130435,2,false,false
1941491,cylc/cylc,python,646,1376658211,1376658351,1376658351,2,2,true,false,5,1,2,1,80,13612,2,0,5,140.02350866882162,8.742286218042903,20.937408169262415,6,matthewrmshin,45,0.7111111111111111,2,false,false
1940515,cylc/cylc,python,644,1376645928,1376645991,1376645991,1,1,true,false,5,1,2,1,81,13612,13,0,4,140.02350866882162,8.742286218042903,20.937408169262415,3,matthewrmshin,44,0.7272727272727273,1,false,false
1940489,cylc/cylc,python,643,1376645497,1376645556,1376645556,0,0,true,false,5,1,1,1,81,13613,3,0,7,140.01322265481525,8.741644016748696,20.935870124146035,6,hjoliver,190,0.5,6,false,false
1940271,cylc/cylc,python,642,1376642262,1376909801,1376909801,4458,4458,true,false,5,1,2,1,81,13604,9,0,0,140.10585122022934,8.747427227286092,20.94972067039106,3,hjoliver,189,0.5026455026455027,3,false,false
1940102,cylc/cylc,python,641,1376639781,1376640801,1376640801,17,17,true,false,5,1,1,1,81,13604,0,0,0,140.10585122022934,8.747427227286092,20.94972067039106,3,matthewrmshin,43,0.7441860465116279,1,false,false
1939961,cylc/cylc,python,640,1376637626,1376642476,1376642476,80,80,true,false,5,1,5,9,81,13600,60,0,41,140.1470588235294,8.75,20.955882352941174,6,benfitzpatrick,43,0.7441860465116279,8,false,false
1939366,cylc/cylc,python,638,1376626021,1376901619,1376901619,4593,4593,true,false,5,5,2,9,81,13596,91,0,36,140.18829067372758,8.75257428655487,20.962047661076788,3,hjoliver,188,0.5053191489361702,3,false,false
1938788,cylc/cylc,python,637,1376601691,1376634661,1376634661,549,549,true,false,5,2,1,2,81,13596,59,0,58,140.18829067372758,8.75257428655487,20.962047661076788,6,hjoliver,187,0.5080213903743316,6,false,false
1938672,cylc/cylc,python,636,1376598906,1376639737,1376639737,680,680,true,false,5,2,3,1,81,13596,19,0,10,140.18829067372758,8.75257428655487,20.962047661076788,3,hjoliver,186,0.510752688172043,3,false,false
1934866,cylc/cylc,python,635,1376551078,1376559213,1376559213,135,135,true,false,5,1,1,2,82,13589,59,0,8,140.26050482007508,8.757082934726617,20.972845684009123,3,hjoliver,185,0.5135135135135135,3,false,false
1933820,cylc/cylc,python,634,1376526533,,1376533779,120,,false,false,5,2,1,2,82,13589,34,0,0,140.26050482007508,8.757082934726617,20.972845684009123,6,hjoliver,184,0.5163043478260869,6,false,false
1933178,cylc/cylc,python,633,1376513870,1376549343,1376549343,591,591,true,false,5,1,1,2,82,13590,9,0,11,140.25018395879323,8.756438557763062,20.97130242825607,6,hjoliver,183,0.5191256830601093,6,false,false
1929725,cylc/cylc,python,632,1376478000,1376545944,1376545944,1132,1132,true,false,5,2,0,2,83,13618,0,0,31,139.9618152445293,8.738434425025702,20.92818328682626,3,hjoliver,182,0.521978021978022,3,false,false
1929198,cylc/cylc,python,631,1376472221,1376473213,1376473213,16,16,false,false,5,1,2,1,83,13618,8,0,57,139.9618152445293,8.738434425025702,20.92818328682626,3,arjclark,36,0.5,2,false,false
1928907,cylc/cylc,python,630,1376467903,1376469166,1376469166,21,21,false,false,5,1,2,1,84,13614,15,0,3,140.00293815190247,8.741001909798737,20.934332304980167,3,hjoliver,181,0.5193370165745856,3,false,false
1928897,cylc/cylc,python,629,1376467565,1376469366,1376469366,30,30,false,false,5,3,2,2,84,13614,7,0,7,140.00293815190247,8.741001909798737,20.934332304980167,6,arjclark,35,0.4857142857142857,4,false,false
1906529,cylc/cylc,python,626,1375913434,1376474006,1376474006,9342,9342,true,false,5,1,0,1,84,15166,4,0,17,121.45588817090861,17.275484636687327,28.682579454041935,3,hjoliver,179,0.5251396648044693,3,false,false
1903768,cylc/cylc,python,625,1375883349,1375898825,1375898826,257,257,false,false,5,2,1,1,84,15168,25,0,84,121.43987341772151,17.273206751054854,28.678797468354432,3,arjclark,34,0.47058823529411764,2,false,false
1902154,cylc/cylc,python,624,1375866264,1375898750,1375898750,541,541,false,false,5,1,2,1,84,15168,9,0,2,121.43987341772151,17.273206751054854,28.678797468354432,3,arjclark,33,0.45454545454545453,2,false,false
1902082,cylc/cylc,python,623,1375865463,1375916239,1375916240,846,846,false,false,5,10,2,3,84,15168,116,0,264,121.43987341772151,17.273206751054854,28.678797468354432,6,arjclark,32,0.4375,4,false,false
1899580,cylc/cylc,python,622,1375825192,1375941749,1375941749,1942,1942,true,false,5,1,0,2,85,15152,11,0,22,121.56810982048574,17.29144667370644,28.709081309398098,3,hjoliver,178,0.5280898876404494,3,false,false
1896074,cylc/cylc,python,619,1375783687,1375862443,1375862443,1312,1312,true,false,5,2,2,10,84,15152,233,0,97,121.56810982048574,17.29144667370644,28.709081309398098,3,hjoliver,177,0.5310734463276836,3,false,false
1895799,cylc/cylc,python,618,1375779534,1375860745,1375860745,1353,1353,true,false,5,5,3,4,84,15151,85,0,76,121.576133588542,17.29258794799023,28.710976173189888,6,benfitzpatrick,42,0.7619047619047619,8,false,false
1895582,cylc/cylc,python,617,1375776047,1375779537,1375779537,58,58,false,false,5,1,1,2,84,15151,19,0,44,121.576133588542,17.29258794799023,28.710976173189888,6,benfitzpatrick,41,0.7560975609756098,8,false,false
1892053,cylc/cylc,python,614,1375708381,1375756077,1375756077,794,794,true,false,5,1,1,1,84,15129,58,0,0,121.75292484632163,17.317734152951285,28.752726551655762,6,aosprey,0,0,0,false,false
1891876,cylc/cylc,python,613,1375706556,1375834931,1375834931,2139,2139,true,false,5,3,6,8,84,15129,116,0,299,121.75292484632163,17.317734152951285,28.752726551655762,6,arjclark,31,0.45161290322580644,4,false,false
1874950,cylc/cylc,python,611,1375339222,1376461024,1376461024,18696,18696,true,false,5,9,9,4,83,15129,74,0,231,121.75292484632163,17.317734152951285,28.752726551655762,3,arjclark,30,0.4666666666666667,2,false,false
1871229,cylc/cylc,python,609,1375278636,1375326080,1375326080,790,790,true,false,5,1,1,1,83,15129,11,0,43,121.75292484632163,17.317734152951285,28.752726551655762,6,arjclark,29,0.4827586206896552,4,false,false
1868610,cylc/cylc,python,608,1375239376,1375253199,1375253199,230,230,false,false,5,1,0,1,83,15128,3,0,16,121.76097303014278,17.318878900052884,28.75462718138551,6,hjoliver,175,0.5314285714285715,6,false,false
1864036,cylc/cylc,python,607,1375176242,1375180532,1375180532,71,71,true,false,5,1,1,1,84,15121,12,0,18,121.81734012300774,17.326896369287745,28.767938628397594,6,arjclark,28,0.5,4,false,false
1863954,cylc/cylc,python,606,1375175105,1375258573,1375258573,1391,1391,true,false,5,2,4,1,84,15121,5,0,8,121.81734012300774,17.326896369287745,28.767938628397594,3,arjclark,27,0.5185185185185185,2,false,false
1855666,cylc/cylc,python,605,1375035895,1375174940,1375174940,2317,2317,true,false,5,1,1,1,84,15121,2,0,1,121.81734012300774,17.326896369287745,28.767938628397594,6,hjoliver,174,0.5344827586206896,6,false,false
1841564,cylc/cylc,python,604,1374843936,1375083236,1375083236,3988,3988,true,false,5,3,1,2,83,15121,8,0,17,121.81734012300774,17.326896369287745,28.767938628397594,6,benfitzpatrick,40,0.775,8,false,false
1841404,cylc/cylc,python,603,1374842806,1375083022,1375083022,4003,4003,true,false,5,1,1,1,83,15121,5,0,8,121.81734012300774,17.326896369287745,28.767938628397594,3,benfitzpatrick,39,0.7948717948717948,4,false,false
1825575,cylc/cylc,python,599,1374665901,1374671579,1374671579,94,94,true,false,5,1,0,1,84,14131,1,0,14,130.35170900856275,18.540796829665275,30.783384049253414,6,benfitzpatrick,38,0.8157894736842105,8,false,false
1824491,cylc/cylc,python,598,1374651266,1374697950,1374697950,778,778,true,false,5,1,1,1,84,14128,8,0,15,130.37938844847113,18.544733861834654,30.78992072480181,3,benfitzpatrick,37,0.8378378378378378,4,false,false
1824369,cylc/cylc,python,597,1374650157,1374700834,1374700834,844,844,true,false,5,3,1,4,84,14128,459,0,0,130.37938844847113,18.544733861834654,30.78992072480181,3,benfitzpatrick,36,0.8611111111111112,4,false,false
1818170,cylc/cylc,python,593,1374612525,1374665284,1374665284,879,879,true,false,5,1,2,2,84,14128,5,0,0,130.37938844847113,18.544733861834654,30.78992072480181,3,hjoliver,173,0.5375722543352601,3,false,false
1814588,cylc/cylc,python,592,1374586226,1374649417,1374649417,1053,1053,true,false,5,3,5,10,84,14128,0,0,0,130.37938844847113,18.544733861834654,30.78992072480181,3,arjclark,26,0.5384615384615384,2,false,false
1811032,cylc/cylc,python,590,1374540717,1374666545,1374666545,2097,2097,true,false,5,4,6,3,84,14128,268,0,164,130.37938844847113,18.544733861834654,30.78992072480181,3,hjoliver,172,0.5406976744186046,3,false,false
1807518,cylc/cylc,python,588,1374499624,1374499870,1374499870,4,4,true,false,5,2,1,2,84,14122,34,0,18,130.43478260869566,18.552612944342158,30.80300240759099,3,arjclark,25,0.56,2,false,false
1806326,cylc/cylc,python,587,1374488687,1374493059,1374493059,72,72,true,false,5,1,2,1,84,14122,3,0,44,130.43478260869566,18.552612944342158,30.80300240759099,6,hjoliver,171,0.543859649122807,6,false,false
1801198,cylc/cylc,python,585,1374156699,1374232050,1374232050,1255,1255,false,false,5,3,2,2,85,14129,41,0,42,130.37016066246727,18.543421332012173,30.78774152452403,3,matthewrmshin,42,0.7380952380952381,1,false,false
1783868,cylc/cylc,python,582,1374046512,1374047753,1374047753,20,20,true,false,5,1,2,1,85,14023,9,0,15,131.35563003636884,18.683591242958,31.020466376666906,6,matthewrmshin,41,0.7560975609756098,2,false,false
1777340,cylc/cylc,python,580,1373955837,1373962492,1373962492,110,110,true,false,5,1,1,1,85,14023,2,0,36,131.35563003636884,18.683591242958,31.020466376666906,6,matthewrmshin,40,0.775,2,false,false
1773898,cylc/cylc,python,579,1373897286,1373914332,1373914332,284,284,true,false,5,1,2,1,85,14021,2,0,35,131.3743670208972,18.686256329791025,31.024891234576707,3,matthewrmshin,39,0.7948717948717948,1,false,false
1753908,cylc/cylc,python,576,1373461102,1374047886,1374047886,9779,9779,true,false,5,11,8,9,84,13993,314,0,82,131.63724719502608,18.723647538054742,31.0869720574573,6,arjclark,24,0.5833333333333334,4,false,false
1753574,cylc/cylc,python,575,1373455696,1373545530,1373545530,1497,1497,true,false,5,1,2,2,84,13994,3,0,43,131.62784050307275,18.722309561240532,31.084750607403173,3,hjoliver,169,0.5502958579881657,3,false,false
1753235,cylc/cylc,python,574,1373449553,1373457612,1373457612,134,134,false,false,5,2,4,5,84,13994,3,0,60,131.62784050307275,18.722309561240532,31.084750607403173,6,hjoliver,168,0.5476190476190477,6,false,false
1753168,cylc/cylc,python,573,1373448376,1373448525,1373448525,2,2,false,false,5,1,0,2,84,13994,4,0,26,131.62784050307275,18.722309561240532,31.084750607403173,6,hjoliver,167,0.5449101796407185,6,false,false
1752815,cylc/cylc,python,572,1373441615,1373448465,1373448465,114,114,false,false,5,2,2,1,84,13994,0,0,0,131.62784050307275,18.722309561240532,31.084750607403173,3,arjclark,23,0.5652173913043478,2,false,false
1752277,cylc/cylc,python,571,1373431365,1373891929,1373891929,7676,7676,true,false,5,2,5,1,84,13993,37,0,58,131.63724719502608,18.723647538054742,31.0869720574573,6,hjoliver,166,0.5481927710843374,6,false,false
1752064,cylc/cylc,python,569,1373425974,1373535557,1373535557,1826,1826,true,false,5,1,1,1,84,13993,6,0,29,131.63724719502608,18.723647538054742,31.0869720574573,6,hjoliver,165,0.5515151515151515,6,false,false
1751544,cylc/cylc,python,568,1373412030,1374478233,1374478233,17770,17770,true,false,5,3,2,6,84,12322,78,0,95,149.48871936373965,21.26278201590651,35.30271059892875,6,hjoliver,164,0.5548780487804879,6,false,false
1729810,cylc/cylc,python,567,1373337797,1373376337,1373376337,642,642,true,false,4,2,3,2,84,12305,54,0,47,149.6952458350264,21.292157659488012,35.3514831369362,6,hjoliver,163,0.558282208588957,6,false,false
1727145,cylc/cylc,python,566,1373327735,1373345159,1373345159,290,290,true,false,4,1,1,1,84,12305,2,0,5,149.6952458350264,21.292157659488012,35.3514831369362,6,hjoliver,162,0.5617283950617284,6,false,false
1726998,cylc/cylc,python,565,1373327179,1373353498,1373353498,438,438,true,true,4,6,4,5,84,12305,39,0,138,149.6952458350264,21.292157659488012,35.3514831369362,6,hjoliver,161,0.5652173913043478,6,false,false
1701044,cylc/cylc,python,561,1373029887,1373041116,1373041116,187,187,false,false,4,1,1,1,83,12305,4,0,2,149.6952458350264,21.292157659488012,35.3514831369362,6,arjclark,22,0.5454545454545454,4,false,false
1695229,cylc/cylc,python,560,1372936065,1372939023,1372939023,49,49,false,false,4,1,0,2,83,12305,3,0,11,149.6952458350264,21.292157659488012,35.3514831369362,6,benfitzpatrick,35,0.8571428571428571,8,false,false
1695187,cylc/cylc,python,559,1372934768,1372935425,1372935425,10,10,false,false,4,1,0,1,84,12303,2,0,6,149.71958059009998,21.295618954726493,35.35722994391612,6,benfitzpatrick,34,0.8529411764705882,8,false,false
1686958,cylc/cylc,python,554,1372839572,1372852541,1372852541,216,216,false,false,4,4,1,8,83,12318,801,0,45,149.53726254262057,21.269686637441144,35.314174378957624,6,benfitzpatrick,33,0.8484848484848485,8,false,false
1680479,cylc/cylc,python,553,1372776771,1372836196,1372836196,990,990,true,false,4,1,1,1,84,12318,7,0,56,149.53726254262057,21.269686637441144,35.314174378957624,6,benfitzpatrick,32,0.875,8,false,false
1679329,cylc/cylc,python,552,1372763908,1372765577,1372765577,27,27,true,false,4,1,1,1,84,12318,6,0,55,149.53726254262057,21.269686637441144,35.314174378957624,6,benfitzpatrick,31,0.9032258064516129,8,false,false
1664368,cylc/cylc,python,550,1372402776,1372402991,1372402991,3,3,false,false,4,1,0,1,84,12318,0,0,1,149.53726254262057,21.269686637441144,35.314174378957624,3,arjclark,21,0.5238095238095238,2,false,false
1647414,cylc/cylc,python,547,1372171232,1373418204,1373418204,20782,20782,true,false,4,22,13,19,83,12318,2239,0,86,149.53726254262057,21.269686637441144,35.314174378957624,6,benfitzpatrick,30,0.9333333333333333,8,false,false
1645543,cylc/cylc,python,546,1372149994,1372151745,1372151745,29,29,true,false,3,1,2,1,83,12318,4,0,31,149.53726254262057,21.269686637441144,35.314174378957624,3,matthewrmshin,38,0.8157894736842105,1,false,false
1645403,cylc/cylc,python,544,1372148129,1372175949,1372175949,463,463,true,false,3,2,6,1,83,12318,0,0,26,149.53726254262057,21.269686637441144,35.314174378957624,6,arjclark,20,0.55,4,false,false
1623837,cylc/cylc,python,543,1371726179,1371733786,1371733786,126,126,true,false,3,2,3,1,82,12318,4,0,4,149.53726254262057,21.269686637441144,35.314174378957624,3,ScottWales,3,0.6666666666666666,1,false,false
1616191,cylc/cylc,python,536,1371610277,1371637667,1371637667,456,456,true,false,3,1,1,1,81,12320,2,0,4,149.51298701298703,21.266233766233768,35.30844155844156,3,hjoliver,160,0.56875,3,false,false
1616149,cylc/cylc,python,535,1371609543,1371637684,1371637684,469,469,true,false,3,1,1,1,81,12320,32,0,1,149.51298701298703,21.266233766233768,35.30844155844156,3,hjoliver,159,0.5723270440251572,3,false,false
1613297,cylc/cylc,python,534,1371568099,1371648827,1371648827,1345,1345,true,false,3,1,0,3,81,12298,7,0,27,149.7804521060335,21.304277118230605,35.371605139047,6,hjoliver,158,0.5759493670886076,6,false,false
1606632,cylc/cylc,python,532,1371471521,1371608865,1371608865,2289,2289,true,false,3,5,2,2,81,12298,103,0,35,149.7804521060335,21.304277118230605,35.371605139047,6,arjclark,19,0.5789473684210527,4,false,false
1604414,cylc/cylc,python,531,1371427716,1371457147,1371457147,490,490,true,false,3,1,1,1,81,12298,0,0,8,149.7804521060335,21.304277118230605,35.371605139047,6,hjoliver,157,0.5796178343949044,6,false,false
1592034,cylc/cylc,python,530,1371133919,1371152674,1371152674,312,312,true,false,3,1,1,1,81,12298,0,0,31,149.7804521060335,21.304277118230605,35.371605139047,6,trwhitcomb,3,0.3333333333333333,0,false,false
1588851,cylc/cylc,python,529,1371083729,1371136793,1371136793,884,884,true,false,3,1,4,2,81,12284,0,0,39,149.95115597525236,21.328557473135785,35.41191794203842,6,hjoliver,156,0.5833333333333334,6,false,false
1588708,cylc/cylc,python,528,1371080116,1371126403,1371126403,771,771,true,false,3,3,7,2,81,12284,89,0,253,149.95115597525236,21.328557473135785,35.41191794203842,3,hjoliver,155,0.5870967741935483,3,false,false
1588377,cylc/cylc,python,527,1371072906,1371102012,1371102012,485,485,true,false,3,1,0,2,81,12284,6,0,15,149.95115597525236,21.328557473135785,35.41191794203842,6,hjoliver,154,0.5909090909090909,6,false,false
1584906,cylc/cylc,python,523,1371028986,1371030673,1371030673,28,28,true,false,3,1,0,2,81,12284,0,0,37,149.95115597525236,21.328557473135785,35.41191794203842,6,hjoliver,153,0.5947712418300654,6,false,false
1583642,cylc/cylc,python,521,1371001821,1371018058,1371018058,270,270,true,false,3,2,0,3,81,12284,0,0,8,149.95115597525236,21.328557473135785,35.41191794203842,3,hjoliver,152,0.5986842105263158,3,false,false
1583626,cylc/cylc,python,520,1371000946,1371017284,1371017284,272,272,true,false,3,1,1,1,81,12284,0,0,25,149.95115597525236,21.328557473135785,35.41191794203842,6,hjoliver,151,0.6026490066225165,6,false,false
1583590,cylc/cylc,python,519,1370999888,1371019514,1371019514,327,327,true,false,3,5,2,5,81,12284,8,0,209,149.95115597525236,21.328557473135785,35.41191794203842,6,hjoliver,150,0.6066666666666667,6,false,false
1574481,cylc/cylc,python,516,1370852798,1370853709,1370853709,15,15,true,false,3,1,1,2,81,12125,0,0,44,151.91752577319588,21.608247422680414,35.876288659793815,3,hjoliver,149,0.610738255033557,3,false,false
1562967,cylc/cylc,python,513,1370573441,1370639132,1370639132,1094,1094,true,false,3,1,2,1,81,11801,8,0,44,156.0884670790611,22.201508346750277,36.861282942123545,3,hjoliver,148,0.6148648648648649,3,false,false
1556807,cylc/cylc,python,509,1370478249,1370513900,1370513900,594,594,true,false,3,6,5,12,81,11872,242,0,118,155.15498652291103,22.068733153638814,36.64083557951482,6,hjoliver,147,0.6190476190476191,6,false,false
1552767,cylc/cylc,python,508,1370420211,1370421322,1370421322,18,18,false,false,3,1,0,1,81,11872,0,0,2,155.15498652291103,22.068733153638814,36.64083557951482,6,hjoliver,146,0.6164383561643836,6,false,false
1549773,cylc/cylc,python,507,1370400134,1370589266,1370589266,3152,3152,true,false,3,4,12,11,81,11872,115,0,194,155.15498652291103,22.068733153638814,36.64083557951482,6,hjoliver,145,0.6206896551724138,6,false,false
1550836,cylc/cylc,python,506,1370381856,1370414175,1370414175,538,538,false,false,3,1,0,1,81,11872,0,0,17,155.15498652291103,22.068733153638814,36.64083557951482,3,hjoliver,144,0.6180555555555556,3,false,false
1547379,cylc/cylc,python,505,1370343246,1370501011,1370501011,2629,2629,true,false,3,2,2,2,81,11872,4,0,62,155.15498652291103,22.068733153638814,36.64083557951482,6,hjoliver,143,0.6223776223776224,6,false,false
1559392,cylc/cylc,python,504,1370219907,1370850527,1370850527,10510,10510,true,false,3,16,6,23,81,11865,684,0,1194,155.24652338811632,22.08175305520438,36.662452591656134,3,hjoliver,142,0.6267605633802817,3,false,false
1724794,cylc/cylc,python,502,1370146039,1370239609,1370239609,1559,1559,false,false,3,2,0,3,81,11865,45,0,96,155.24652338811632,22.08175305520438,36.662452591656134,6,hjoliver,141,0.624113475177305,6,false,false
1718375,cylc/cylc,python,500,1370001806,1370252681,1370252681,4181,4181,false,false,3,5,0,6,81,11865,24,0,227,155.24652338811632,22.08175305520438,36.662452591656134,6,arjclark,18,0.5555555555555556,4,false,false
1526217,cylc/cylc,python,498,1369702112,1370984575,1370984575,21374,21374,true,false,3,21,16,16,79,11969,296,0,263,153.89756871919124,21.88988219567215,36.34388837831064,6,hjoliver,140,0.6285714285714286,6,false,false
1522838,cylc/cylc,python,497,1369647519,1369828052,1369828052,3008,3008,true,false,3,3,3,4,79,11969,353,0,161,153.89756871919124,21.88988219567215,36.34388837831064,6,hjoliver,139,0.6330935251798561,6,false,false
1521405,cylc/cylc,python,496,1369614278,1369820259,1369820259,3433,3433,true,false,3,2,4,1,79,11969,8,0,2,153.89756871919124,21.88988219567215,36.34388837831064,6,hjoliver,138,0.6376811594202898,6,false,false
1520657,cylc/cylc,python,495,1369596098,1369813579,1369813579,3624,3624,true,false,3,1,0,1,79,11969,0,0,2,153.89756871919124,21.88988219567215,36.34388837831064,6,hjoliver,137,0.6423357664233577,6,false,false
1516719,cylc/cylc,python,492,1369477094,1369815846,1369815846,5645,5645,true,false,3,1,0,1,80,11969,47,0,72,153.89756871919124,21.88988219567215,36.34388837831064,3,hjoliver,136,0.6470588235294118,3,false,false
1516053,cylc/cylc,python,491,1369457441,1369813164,1369813164,5928,5928,true,false,3,1,2,1,79,11969,0,0,10,153.89756871919124,21.88988219567215,36.34388837831064,6,hjoliver,135,0.6518518518518519,6,false,false
1533137,cylc/cylc,python,490,1369394798,1369815323,1369815323,7008,7008,true,false,3,2,1,4,79,11969,97,0,157,153.89756871919124,21.88988219567215,36.34388837831064,3,hjoliver,134,0.6567164179104478,3,false,false
1518712,cylc/cylc,python,488,1369316004,1369855984,1369855984,8999,8999,true,false,3,4,5,1,79,11964,0,0,21,153.9618856569709,21.899030424607155,36.35907723169508,3,arjclark,17,0.5882352941176471,2,false,false
1506979,cylc/cylc,python,483,1369168662,1369293568,1369293568,2081,2081,true,false,3,1,0,1,79,12058,14,0,10,152.76165201525956,21.72831315309338,36.07563443357107,6,trwhitcomb,2,0.5,0,false,false
1507136,cylc/cylc,python,482,1369158434,1369814890,1369814890,10940,10940,true,false,3,2,2,3,79,12058,16,0,108,152.76165201525956,21.72831315309338,36.07563443357107,3,hjoliver,133,0.6616541353383458,3,false,false
1502462,cylc/cylc,python,478,1369059873,1369081122,1369081122,354,354,true,false,3,1,1,1,79,12038,53,0,0,153.01545107160658,21.764412693138393,36.13557069280612,6,areinecke,0,0,0,false,false
1501456,cylc/cylc,python,477,1369046086,1369347796,1369347796,5028,5028,true,false,3,12,3,25,79,12038,210,0,521,153.01545107160658,21.764412693138393,36.13557069280612,6,hjoliver,132,0.6666666666666666,6,false,false
1489253,cylc/cylc,python,475,1368741145,1369829173,1369829173,18133,18133,true,false,3,3,2,4,79,12038,45,0,109,153.01545107160658,21.764412693138393,36.13557069280612,6,hjoliver,131,0.6717557251908397,6,false,false
1485132,cylc/cylc,python,472,1368707774,,1369045568,5629,,false,false,3,7,17,23,79,12162,286,0,0,151.4553527380365,21.542509455681632,35.76714356191416,6,hjoliver,130,0.676923076923077,6,false,false
1482373,cylc/cylc,python,470,1368633567,1368726470,1368726470,1548,1548,true,false,3,4,11,1,79,12162,30,0,84,151.4553527380365,21.542509455681632,35.76714356191416,6,trwhitcomb,1,1.0,0,false,false
1479292,cylc/cylc,python,468,1368584096,1368607296,1368607296,386,386,true,false,3,2,1,5,79,12162,53,0,176,151.4553527380365,21.542509455681632,35.76714356191416,6,hjoliver,129,0.6821705426356589,6,false,false
1475091,cylc/cylc,python,467,1368520389,1368539302,1368539302,315,315,true,false,3,1,3,2,79,12161,14,0,14,151.4678069237727,21.544280897952472,35.77008469698215,6,hjoliver,128,0.6875,6,false,false
1473475,cylc/cylc,python,466,1368484269,1368514715,1368514715,507,507,true,false,3,1,3,3,79,12146,37,0,40,151.65486579944016,21.570887534990945,35.81425983863,3,hjoliver,127,0.6929133858267716,3,false,false
1472961,cylc/cylc,python,465,1368476293,1368511978,1368511978,594,594,true,false,3,4,1,8,78,12146,41,0,111,151.65486579944016,21.570887534990945,35.81425983863,6,hjoliver,126,0.6984126984126984,6,false,false
1469053,cylc/cylc,python,463,1368417721,1368426864,1368426864,152,152,true,false,3,1,2,4,78,12146,6,0,28,151.65486579944016,21.570887534990945,35.81425983863,6,hjoliver,125,0.704,6,false,false
1454445,cylc/cylc,python,460,1368085929,1368173304,1368173304,1456,1456,true,false,3,8,4,15,79,12132,63,0,46,151.82987141444116,21.595779756017144,35.85558852621167,6,hjoliver,123,0.7154471544715447,6,false,false
1450259,cylc/cylc,python,459,1368014980,1368134001,1368134001,1983,1983,true,false,3,2,2,1,78,12132,2,0,1,151.82987141444116,21.595779756017144,35.85558852621167,6,matthewrmshin,37,0.8378378378378378,2,false,false
1449952,cylc/cylc,python,458,1368011145,1368042365,1368042365,520,520,true,false,3,1,2,1,78,12132,2,0,1,151.82987141444116,21.595779756017144,35.85558852621167,6,matthewrmshin,36,0.8611111111111112,2,false,false
1448862,cylc/cylc,python,457,1367994329,1368001342,1368001342,116,116,true,false,3,1,1,1,78,12109,3,0,0,152.11825914608968,21.63679907506813,35.92369312081922,3,matthewrmshin,35,0.8857142857142857,1,false,false
1445255,cylc/cylc,python,455,1367928268,1368004097,1368004097,1263,1263,true,false,3,2,3,1,79,12109,4,0,12,152.11825914608968,21.63679907506813,35.92369312081922,6,arjclark,16,0.625,4,false,false
1442418,cylc/cylc,python,454,1367872167,1367997009,1367997009,2080,2080,true,false,3,1,2,1,80,12109,66,0,14,152.11825914608968,21.63679907506813,35.92369312081922,6,hjoliver,122,0.7213114754098361,6,false,false
1427445,cylc/cylc,python,453,1367531240,1368009642,1368009642,7973,7973,true,false,3,4,20,4,82,12109,64,0,47,152.11825914608968,21.63679907506813,35.92369312081922,3,hjoliver,121,0.7272727272727273,3,false,false
1418006,cylc/cylc,python,452,1367404437,1367410098,1367410098,94,94,true,false,3,2,4,5,82,12138,128,0,23,151.75481957488878,21.58510463008733,35.83786455758774,6,hjoliver,120,0.7333333333333333,6,false,false
1418291,cylc/cylc,python,451,1367395196,1367396673,1367396673,24,24,false,false,3,1,1,1,82,12138,0,0,21,151.75481957488878,21.58510463008733,35.83786455758774,6,hjoliver,119,0.7310924369747899,6,false,false
1418127,cylc/cylc,python,450,1367391692,1367393991,1367393991,38,38,false,false,3,1,2,1,82,12138,3,0,55,151.75481957488878,21.58510463008733,35.83786455758774,6,matthewrmshin,34,0.8823529411764706,2,false,false
1417856,cylc/cylc,python,448,1367385561,1367386231,1367386231,11,11,true,false,3,1,1,1,83,12138,0,0,6,151.75481957488878,21.58510463008733,35.83786455758774,3,hjoliver,118,0.7372881355932204,3,false,false
1414603,cylc/cylc,python,447,1367331799,1367347522,1367347522,262,262,true,false,3,2,1,2,79,12138,0,0,0,151.75481957488878,21.58510463008733,35.83786455758774,6,benfitzpatrick,29,0.9655172413793104,8,false,false
1412555,cylc/cylc,python,446,1367304440,1367311835,1367311835,123,123,true,false,3,1,2,3,79,12136,4,0,59,151.77982860909688,21.588661832564274,35.84377059986816,6,matthewrmshin,33,0.9090909090909091,2,false,false
1411012,cylc/cylc,python,445,1367270790,1367300340,1367300340,492,492,true,false,3,1,2,3,79,12147,100,0,77,151.64238083477403,21.569111714826708,35.8113114349222,6,hjoliver,117,0.7435897435897436,6,false,false
1405492,cylc/cylc,python,444,1367197383,1367232852,1367232852,591,591,true,false,3,2,4,4,79,12210,95,0,186,150.85995085995086,21.457821457821456,35.62653562653563,6,hjoliver,116,0.75,6,false,false
1402703,cylc/cylc,python,442,1367135195,,1367885610,12506,,false,false,3,3,7,32,79,12210,514,0,0,150.85995085995086,21.457821457821456,35.62653562653563,6,hjoliver,115,0.7565217391304347,6,false,false
1749260,cylc/cylc,python,441,1367009441,1367010265,1367010265,13,13,false,false,3,1,0,2,80,12210,10,0,3,150.85995085995086,21.457821457821456,35.62653562653563,3,trwhitcomb,0,0,0,false,false
1396912,cylc/cylc,python,437,1366581401,1366614641,1366614641,554,554,false,false,3,1,0,1,80,12240,2,0,1,150.49019607843135,21.405228758169933,35.53921568627451,6,hjoliver,114,0.7543859649122807,6,false,false
1324637,cylc/cylc,python,436,1366580220,1366623542,1366623542,722,722,false,false,3,1,1,1,80,12240,52,0,57,150.49019607843135,21.405228758169933,35.53921568627451,6,hjoliver,113,0.7522123893805309,6,false,false
1389406,cylc/cylc,python,433,1366366891,1366581099,1366581099,3570,3570,false,false,3,1,0,1,80,12240,0,0,0,150.49019607843135,21.405228758169933,35.53921568627451,3,benfitzpatrick,28,0.9642857142857143,4,false,false
1383092,cylc/cylc,python,432,1366199434,1366237031,1366237031,626,626,false,false,2,2,0,1,80,12244,3,0,30,150.44103234237178,21.398235870630515,35.52760535772624,3,arjclark,15,0.6,2,false,false
1380268,cylc/cylc,python,431,1366192302,1366269812,1366269812,1291,1291,false,false,2,2,0,7,80,12244,28,0,46,150.44103234237178,21.398235870630515,35.52760535772624,6,hjoliver,112,0.75,6,false,false
1374012,cylc/cylc,python,428,1366057881,1366101171,1366101171,721,721,false,false,2,5,0,7,80,12282,84,0,65,149.97557401074744,21.332030613906532,35.417684416218854,3,hjoliver,111,0.7477477477477478,3,false,false
1368604,cylc/cylc,python,425,1365934799,1366008944,1366008944,1235,1235,false,false,2,4,0,8,81,12429,146,0,492,148.20178614530533,21.079732882774156,34.99879314506396,3,hjoliver,110,0.7454545454545455,3,false,false
1364966,cylc/cylc,python,424,1365798973,1366009515,1366009515,3509,3509,false,false,2,5,0,9,81,12429,59,0,61,148.20178614530533,21.079732882774156,34.99879314506396,6,hjoliver,109,0.7431192660550459,6,false,false
1361015,cylc/cylc,python,422,1365721112,1365798697,1365798697,1293,1293,true,false,2,4,0,9,82,12449,59,0,61,147.96369186280023,21.045867137922723,34.94256566792513,6,hjoliver,108,0.75,6,false,false
1360454,cylc/cylc,python,420,1365709943,1365744703,1365744703,579,579,false,false,2,1,0,5,82,12449,45,0,70,147.96369186280023,21.045867137922723,34.94256566792513,6,hjoliver,107,0.7476635514018691,6,false,false
1360207,cylc/cylc,python,418,1365687426,1365706530,1365706530,318,318,false,false,2,1,0,1,82,12447,2,0,57,147.98746685948421,21.049248814975495,34.948180284405886,6,matthewrmshin,32,0.90625,2,false,false
1358568,cylc/cylc,python,417,1365679214,1365707129,1365707129,465,465,false,false,2,1,0,1,82,12447,2,0,13,147.98746685948421,21.049248814975495,34.948180284405886,6,matthewrmshin,31,0.9032258064516129,2,false,false
1358301,cylc/cylc,python,416,1365674104,1366026631,1366026631,5875,5875,false,false,2,5,0,18,82,12587,1046,0,367,146.34146341463415,20.815126718042425,34.5594661158338,6,hjoliver,106,0.7452830188679245,6,false,false
1355818,cylc/cylc,python,412,1365598883,1365616399,1365616399,291,291,false,false,2,1,0,1,82,12454,3,0,16,147.90428777902682,21.037417697125424,34.928537016219686,6,matthewrmshin,30,0.9,2,false,false
1348641,cylc/cylc,python,409,1365464979,1365771071,1365771071,5101,5101,false,false,2,5,0,5,83,12417,162,0,305,148.34501087219135,21.10010469517597,35.0326165740517,6,hjoliver,105,0.7428571428571429,6,false,false
1348624,cylc/cylc,python,408,1365464641,1365486500,1365486500,364,364,false,false,2,1,0,1,83,12619,0,0,3,145.97036215231003,20.76234249940566,34.4718281955781,3,hjoliver,104,0.7403846153846154,3,false,false
1346272,cylc/cylc,python,407,1365422163,1365425611,1365425611,57,57,false,false,2,2,0,2,83,12613,13,0,16,146.03980020613653,20.77221913898359,34.48822643304527,6,matthewrmshin,29,0.896551724137931,2,false,false
1346249,cylc/cylc,python,406,1365421754,1365426390,1365426390,77,77,false,false,2,2,0,4,83,12613,23,0,236,146.03980020613653,20.77221913898359,34.48822643304527,3,hjoliver,103,0.7378640776699029,3,false,false
1344670,cylc/cylc,python,404,1365380049,,1366764650,23076,,false,false,2,3,0,7,84,12619,398,0,0,145.97036215231003,20.76234249940566,34.4718281955781,3,hjoliver,102,0.7450980392156863,3,false,false
1340133,cylc/cylc,python,403,1365236785,1365409746,1365409746,2882,2882,false,false,2,1,0,5,84,12646,112,0,83,145.65870631029574,20.7180136011387,34.39822868891349,6,hjoliver,101,0.7425742574257426,6,false,false
1339542,cylc/cylc,python,401,1365210168,1365405688,1365405688,3258,3258,false,false,2,4,0,11,84,12646,83,0,137,145.65870631029574,20.7180136011387,34.39822868891349,6,hjoliver,100,0.74,6,false,false
1335243,cylc/cylc,python,400,1365113196,1365405985,1365405985,4879,4879,false,false,2,9,0,18,84,12636,90,0,219,145.77397910731244,20.73440962329851,34.42545109211776,6,hjoliver,99,0.7373737373737373,6,false,false
1333079,cylc/cylc,python,397,1365063780,1365065658,1365065658,31,31,false,false,2,2,0,1,84,12887,8,0,118,142.9347404360984,20.330565686350585,33.75494684565841,3,hjoliver,98,0.7346938775510204,3,false,false
1333009,cylc/cylc,python,396,1365062257,1365078155,1365078155,264,264,false,false,2,1,0,1,84,12887,0,0,0,142.9347404360984,20.330565686350585,33.75494684565841,6,hjoliver,97,0.7319587628865979,6,false,false
1320836,cylc/cylc,python,393,1364817305,1365151436,1365151436,5568,5568,false,false,2,13,3,25,85,12573,885,0,716,146.50441422094966,20.838304302871233,34.59794798377475,6,hjoliver,96,0.7291666666666666,6,false,false
1320063,cylc/cylc,python,392,1364798342,1365014600,1365014600,3604,3604,false,false,2,1,3,2,85,12887,1,0,3,142.9347404360984,20.330565686350585,33.75494684565841,6,hjoliver,95,0.7263157894736842,6,false,false
1298880,cylc/cylc,python,391,1364415428,1365579400,1365579400,19459,19459,false,true,2,27,11,8,85,12619,239,0,342,145.97036215231003,20.76234249940566,34.4718281955781,6,matthewrmshin,28,0.8928571428571429,2,false,false
1296184,cylc/cylc,python,388,1364304460,1364323108,1364323108,310,310,false,false,2,2,2,1,85,12879,28,0,28,143.0235266713254,20.343194347387218,33.77591427905893,6,arjclark,14,0.5714285714285714,4,false,false
1295241,cylc/cylc,python,385,1364244375,1364290823,1364290824,774,774,false,false,2,10,1,5,85,12942,154,0,503,142.3273064441354,20.244166280327615,33.61149745016227,3,hjoliver,94,0.723404255319149,3,false,false
1287514,cylc/cylc,python,378,1363905414,1363946182,1363946182,679,679,true,false,2,1,1,1,86,12950,40,0,4,142.23938223938222,20.231660231660232,33.59073359073359,3,hjoliver,92,0.7391304347826086,3,false,false
1284646,cylc/cylc,python,375,1363863329,1365074793,1365074793,20251,20251,true,false,2,4,1,8,87,12918,25,0,42,142.59173246632605,20.281777364917172,33.67394333488156,3,hjoliver,91,0.7472527472527473,3,false,false
1284654,cylc/cylc,python,374,1363863087,1363865488,1363865488,40,40,false,false,2,3,0,1,87,12918,7,0,156,142.59173246632605,20.281777364917172,33.67394333488156,6,arjclark,13,0.5384615384615384,4,false,false
1273820,cylc/cylc,python,370,1363650891,1363682657,1363682657,529,529,false,false,2,2,1,1,87,12918,17,0,108,142.59173246632605,20.281777364917172,33.67394333488156,3,hjoliver,90,0.7444444444444445,3,false,false
1273011,cylc/cylc,python,368,1363637660,1363874174,1363874174,3941,3941,true,false,2,8,8,23,87,12918,195,0,118,142.59173246632605,20.281777364917172,33.67394333488156,6,hjoliver,89,0.7528089887640449,6,false,false
1269627,cylc/cylc,python,367,1363569578,1363595366,1363595366,429,429,false,false,2,2,0,1,87,12918,6,0,2,142.59173246632605,20.281777364917172,33.67394333488156,3,ScottWales,2,0.5,1,false,false
1267721,cylc/cylc,python,366,1363517062,1363683374,1363683374,2771,2771,false,false,2,4,2,9,87,12918,19,0,96,142.59173246632605,20.281777364917172,33.67394333488156,6,hjoliver,88,0.75,6,false,false
1267488,cylc/cylc,python,365,1363507053,1363592147,1363592147,1418,1418,false,false,2,1,0,1,87,12918,0,0,1,142.59173246632605,20.281777364917172,33.67394333488156,6,hjoliver,87,0.7471264367816092,6,false,false
1257074,cylc/cylc,python,364,1363346968,1365069598,1365069598,28770,28770,true,false,2,34,30,24,87,12918,972,0,1189,142.59173246632605,20.281777364917172,33.67394333488156,6,hjoliver,86,0.7558139534883721,6,false,false
1260825,cylc/cylc,python,362,1363334330,1363337343,1363337343,50,50,false,false,2,1,0,3,88,12918,66,0,68,142.59173246632605,20.281777364917172,33.67394333488156,6,hjoliver,85,0.7529411764705882,6,false,false
1260192,cylc/cylc,python,361,1363316714,1363332986,1363332986,271,271,false,false,2,1,0,1,88,12918,27,0,11,142.59173246632605,20.281777364917172,33.67394333488156,6,hjoliver,84,0.75,6,false,false
1257900,cylc/cylc,python,359,1363251309,1363282112,1363282112,513,513,false,false,2,1,0,3,88,12984,183,0,56,141.8669131238447,20.17868145409735,33.50277264325324,6,hjoliver,83,0.7469879518072289,6,false,false
1255171,cylc/cylc,python,357,1363209224,1363248622,1363248622,656,656,false,false,2,1,0,1,88,12984,2,0,2,141.8669131238447,20.17868145409735,33.50277264325324,3,hjoliver,82,0.7439024390243902,3,false,false
1252062,cylc/cylc,python,356,1363169207,1363205463,1363205463,604,604,true,false,2,3,1,2,88,12949,7,0,8,142.25036682369293,20.23322264267511,33.59332767009036,3,matthewrmshin,27,0.9259259259259259,1,false,false
1250287,cylc/cylc,python,354,1363127491,1363169080,1363169080,693,693,true,false,2,1,0,2,87,12949,7,0,55,142.25036682369293,20.23322264267511,33.59332767009036,6,hjoliver,81,0.7530864197530864,6,false,false
1249913,cylc/cylc,python,352,1363121538,1363175394,1363175394,897,897,true,false,2,3,1,6,88,12959,365,0,143,142.14059726830774,20.21760938344008,33.567404892352805,3,hjoliver,80,0.7625,3,false,false
1247232,cylc/cylc,python,349,1363088236,1363109314,1363109314,351,351,true,false,2,1,2,1,87,12959,0,0,7,142.14059726830774,20.21760938344008,33.567404892352805,6,arjclark,12,0.5833333333333334,4,false,false
1244559,cylc/cylc,python,346,1363032805,1363075243,1363075243,707,707,true,false,2,2,1,5,87,12951,2,0,31,142.22839935140144,20.23009806192572,33.58813991197591,6,hjoliver,79,0.7721518987341772,6,false,false
1242149,cylc/cylc,python,344,1362997870,1363035870,1363035870,633,633,true,false,2,4,2,6,87,14650,54,0,150,125.73378839590444,17.883959044368602,29.692832764505116,6,arjclark,11,0.6363636363636364,4,false,false
1242076,cylc/cylc,python,343,1362996229,1363032772,1363032772,609,609,true,false,2,1,3,5,87,14650,2,0,31,125.73378839590444,17.883959044368602,29.692832764505116,6,devkev,0,0,0,false,false
1233443,cylc/cylc,python,340,1362758788,1363033153,1363033153,4572,4572,true,false,2,6,9,1,86,14638,39,0,68,125.83686295942067,17.89862003005875,29.717174477387623,3,matthewrmshin,26,0.9615384615384616,1,false,false
1231639,cylc/cylc,python,336,1362616429,1362991081,1362991081,6244,6244,true,false,3,8,17,7,85,14653,230,0,160,125.7080461338975,17.880297549989763,29.6867535658227,6,hjoliver,78,0.782051282051282,6,false,false
1243369,cylc/cylc,python,334,1362603640,1363016680,1363016680,6884,6884,true,false,3,1,0,1,85,14653,3,0,35,125.7080461338975,17.880297549989763,29.6867535658227,6,hjoliver,77,0.7922077922077922,6,false,false
1223970,cylc/cylc,python,332,1362570246,1362688440,1362688440,1969,1969,true,false,3,1,2,1,85,14653,38,0,2,125.7080461338975,17.880297549989763,29.6867535658227,3,matthewrmshin,25,1.0,1,false,false
1229745,cylc/cylc,python,331,1362566270,1362689566,1362689566,2054,2054,true,false,3,1,1,3,85,14653,48,0,75,125.7080461338975,17.880297549989763,29.6867535658227,3,arjclark,10,0.7,2,false,false
1240757,cylc/cylc,python,329,1362564624,1363001536,1363001536,7281,7281,true,false,3,23,22,27,85,14653,2106,0,501,125.7080461338975,17.880297549989763,29.6867535658227,3,hjoliver,76,0.8026315789473685,3,false,false
1220137,cylc/cylc,python,328,1362407130,1362466123,1362466123,983,983,true,false,3,3,2,1,83,14648,39,0,168,125.75095576187876,17.88640087383943,29.696886947023486,6,arjclark,9,0.7777777777777778,4,false,false
1217969,cylc/cylc,python,325,1362352463,1362389238,1362389238,612,612,true,false,3,1,0,5,82,14648,6,0,46,125.75095576187876,17.88640087383943,29.696886947023486,6,hjoliver,75,0.8133333333333334,6,false,false
1208667,cylc/cylc,python,323,1362104087,1362123281,1362123281,319,319,true,false,3,1,0,1,83,14661,0,0,20,125.63945160630244,17.87054089079872,29.670554532432984,3,hjoliver,74,0.8243243243243243,3,false,false
1208415,cylc/cylc,python,322,1362097541,1362126335,1362126335,479,479,true,false,3,2,1,2,83,14661,103,0,75,125.63945160630244,17.87054089079872,29.670554532432984,6,hjoliver,73,0.8356164383561644,6,false,false
1203362,cylc/cylc,python,319,1362001192,1362038103,1362038103,615,615,true,false,3,1,1,1,82,14262,2,0,1,129.15439629785445,18.370495021736083,30.500631047538914,6,hjoliver,72,0.8472222222222222,6,false,false
1198298,cylc/cylc,python,318,1361910405,1362048601,1362048601,2303,2303,true,false,3,7,8,2,81,14261,392,0,190,129.1634527732978,18.371783184909894,30.502769791739713,6,hjoliver,71,0.8591549295774648,6,false,false
1191406,cylc/cylc,python,316,1361796167,1361866806,1361866806,1177,1177,true,false,3,2,0,5,80,14261,0,0,12,129.1634527732978,18.371783184909894,30.502769791739713,6,hjoliver,70,0.8714285714285714,6,false,false
1191097,cylc/cylc,python,315,1361789894,1361790953,1361790953,17,17,true,false,3,1,1,1,80,14257,21,0,70,129.19969137967314,18.37693764466578,30.511327768815317,6,hjoliver,69,0.8840579710144928,6,false,false
1190879,cylc/cylc,python,314,1361785878,1361956287,1361956287,2840,2840,true,false,3,6,4,12,80,14257,14,0,187,129.19969137967314,18.37693764466578,30.511327768815317,3,hjoliver,68,0.8970588235294118,3,false,false
1181084,cylc/cylc,python,312,1361487689,1361868242,1361868242,6342,6342,true,false,3,1,2,1,80,14216,36,0,25,129.572312886888,18.42993809791784,30.599324704558246,6,hjoliver,67,0.9104477611940298,6,false,false
1180945,cylc/cylc,python,311,1361484557,1361792018,1361792018,5124,5124,true,false,3,1,2,1,80,14216,5,0,25,129.572312886888,18.42993809791784,30.599324704558246,6,hjoliver,66,0.9242424242424242,6,false,false
1178243,cylc/cylc,python,307,1361438799,1361456764,1361456764,299,299,false,false,3,1,1,1,80,14215,2,0,66,129.58142806894128,18.431234611326065,30.601477312697856,6,hjoliver,65,0.9230769230769231,6,false,false
1176351,cylc/cylc,python,306,1361391924,1361487868,1361487868,1599,1599,false,false,3,1,3,1,78,14215,8,0,10,129.58142806894128,18.431234611326065,30.601477312697856,6,hjoliver,64,0.921875,6,false,false
1175350,cylc/cylc,python,305,1361376148,1361390113,1361390113,232,232,false,false,3,2,2,2,78,14215,7,0,10,129.58142806894128,18.431234611326065,30.601477312697856,3,matthewrmshin,24,1.0,1,false,false
1174346,cylc/cylc,python,304,1361358398,1361488574,1361488574,2169,2169,false,false,3,2,9,4,78,14162,56,0,168,130.06637480581838,18.500211834486656,30.716000564891964,6,arjclark,8,0.75,4,false,false
1157403,cylc/cylc,python,302,1360938632,1361783908,1361783908,14087,14087,true,false,3,5,4,51,77,14156,236,0,477,130.1215032495055,18.508053122350944,30.72901949703306,6,arjclark,7,0.8571428571428571,4,false,false
1154613,cylc/cylc,python,298,1360870612,1360915308,1360915308,744,744,true,false,3,1,1,1,75,14155,9,0,70,130.13069586718473,18.509360649947016,30.7311903920876,3,hjoliver,63,0.9365079365079365,3,false,false
1152857,cylc/cylc,python,296,1360836898,1361318235,1361318235,8022,8022,true,false,3,2,3,2,75,14155,51,0,182,130.13069586718473,18.509360649947016,30.7311903920876,6,arjclark,6,1.0,4,false,false
1146330,cylc/cylc,python,293,1360660615,1360661260,1360661260,10,10,false,false,3,1,1,1,71,14156,4,0,1,130.1215032495055,18.508053122350944,30.72901949703306,6,arjclark,5,1.0,4,false,false
1008810,cylc/cylc,python,288,1360248659,1360299616,1360299616,849,849,false,false,3,10,2,5,68,14125,171,0,36,130.4070796460177,18.548672566371682,30.79646017699115,6,arjclark,4,1.0,4,false,false
978664,cylc/cylc,python,287,1360194287,1360225142,1360225142,514,514,false,false,3,1,0,1,66,14124,4,0,23,130.41631265930332,18.549985839705467,30.798640611724725,3,hjoliver,62,0.9354838709677419,3,false,false
962856,cylc/cylc,python,286,1360140488,1360144499,1360144499,66,66,false,false,3,1,1,1,64,14123,2,0,8,130.42554698010338,18.551299299015792,30.80082135523614,6,matthewrmshin,23,1.0,2,false,false
962713,cylc/cylc,python,285,1360135914,1360137099,1360137099,19,19,false,false,3,1,0,1,63,14043,0,0,9,131.16855372783593,18.656982126326284,30.97628711813715,3,hjoliver,61,0.9344262295081968,3,false,false
962603,cylc/cylc,python,284,1360134886,1360179769,1360179769,748,748,false,false,3,1,4,1,63,14043,8,0,22,131.16855372783593,18.656982126326284,30.97628711813715,6,hjoliver,60,0.9333333333333333,6,false,false
959473,cylc/cylc,python,283,1360063438,1361372099,1361372099,21811,21811,true,false,3,17,8,20,61,14043,611,0,549,131.16855372783593,18.656982126326284,30.97628711813715,6,hjoliver,59,0.9491525423728814,6,false,false
959136,cylc/cylc,python,282,1360057933,1360136846,1360136846,1315,1315,false,false,3,5,2,8,60,14043,186,0,95,131.16855372783593,18.656982126326284,30.97628711813715,6,matthewrmshin,22,1.0,2,false,false
957974,cylc/cylc,python,281,1360022269,1360054008,1360054009,529,528,false,false,3,2,1,3,58,14044,35,0,139,131.15921389917403,18.65565365992595,30.974081458273997,6,hjoliver,58,0.9482758620689655,6,false,false
957938,cylc/cylc,python,280,1360021468,1360021584,1360021584,1,1,true,false,3,5,1,10,57,14044,208,0,89,131.15921389917403,18.65565365992595,30.974081458273997,3,hjoliver,57,0.9649122807017544,3,false,false
945692,cylc/cylc,python,278,1359672140,1359711355,1359711355,653,653,false,false,3,3,1,21,55,14044,77,0,338,131.15921389917403,18.65565365992595,30.974081458273997,6,hjoliver,56,0.9642857142857143,6,false,false
943229,cylc/cylc,python,277,1359633284,1359710797,1359710797,1291,1291,false,false,3,6,3,124,54,14044,112,0,67,131.15921389917403,18.65565365992595,30.974081458273997,3,hjoliver,55,0.9636363636363636,3,false,false
940919,cylc/cylc,python,276,1359575248,1359660481,1359660482,1420,1420,false,true,3,2,2,2,64,14044,0,0,11,131.15921389917403,18.65565365992595,30.974081458273997,6,hjoliver,54,0.9629629629629629,6,false,false
937769,cylc/cylc,python,272,1359507994,1359532912,1359532913,415,415,false,false,3,1,0,4,62,14044,0,0,25,131.15921389917403,18.65565365992595,30.974081458273997,6,hjoliver,53,0.9622641509433962,6,false,false
938616,cylc/cylc,python,270,1359503757,1359532957,1359532957,486,486,false,false,3,1,0,2,61,14044,0,0,23,131.15921389917403,18.65565365992595,30.974081458273997,6,hjoliver,52,0.9615384615384616,6,false,false
938625,cylc/cylc,python,269,1359501528,1359532998,1359532998,524,524,false,false,3,1,0,1,61,14044,0,0,1,131.15921389917403,18.65565365992595,30.974081458273997,6,hjoliver,51,0.9607843137254902,6,false,false
1008845,cylc/cylc,python,268,1359459505,1359462917,1359462917,56,56,false,false,3,1,0,1,59,14044,4,0,5,131.15921389917403,18.65565365992595,30.974081458273997,3,hjoliver,50,0.96,3,false,false
949925,cylc/cylc,python,267,1359453809,1359455744,1359455744,32,32,false,false,3,1,1,1,58,14044,4,0,4,131.15921389917403,18.65565365992595,30.974081458273997,6,matthewrmshin,21,1.0,2,false,false
931700,cylc/cylc,python,265,1359368381,1359398239,1359398239,497,497,false,false,3,2,0,2,55,14046,0,0,0,131.140538231525,18.65299729460345,30.969671080734727,6,benfitzpatrick,27,0.9629629629629629,8,false,false
933834,cylc/cylc,python,264,1359106528,1359409061,1359409061,5042,5042,false,false,3,1,0,2,54,14046,6,0,71,131.140538231525,18.65299729460345,30.969671080734727,3,arjclark,3,1.0,2,false,false
839973,cylc/cylc,python,260,1359000382,1359014740,1359014741,239,239,false,false,3,6,0,21,51,14140,140,0,140,130.26874115983028,18.528995756718526,30.763790664780764,6,hjoliver,49,0.9591836734693877,6,false,false
835050,cylc/cylc,python,258,1358930347,1358935962,1358935963,93,93,false,false,3,9,1,50,50,14113,259,3213,246,4.39311273294126,10.132501948558067,10.628498547438532,6,hjoliver,48,0.9583333333333334,6,false,false
831731,cylc/cylc,python,257,1358854799,1358940275,1358940275,1424,1424,false,false,3,7,9,1,49,14113,73,0,233,4.39311273294126,10.132501948558067,10.628498547438532,6,arjclark,2,1.0,4,false,false
830716,cylc/cylc,python,256,1358819115,1358851424,1358851424,538,538,false,false,3,4,7,9,49,14061,364,0,388,4.40935922053908,10.16997368608207,10.667804565820354,3,hjoliver,47,0.9574468085106383,3,false,false
820906,cylc/cylc,python,252,1358477363,1358760817,1358760817,4724,4724,false,false,3,5,4,14,48,14057,348,0,166,4.410613929003344,10.172867610443197,10.670840150814541,6,hjoliver,46,0.9565217391304348,6,false,false
820796,cylc/cylc,python,251,1358473347,1358494635,1358494635,354,354,false,false,3,1,0,1,46,14057,122,0,6,4.410613929003344,10.172867610443197,10.670840150814541,6,hjoliver,45,0.9555555555555556,6,false,false
921163,cylc/cylc,python,250,1358388627,1358410415,1358410415,363,363,false,false,3,2,0,2,45,13980,33,0,72,4.434907010014307,10.228898426323319,10.729613733905579,3,hjoliver,44,0.9545454545454546,3,false,false
821728,cylc/cylc,python,248,1358376939,1358505954,1358505954,2150,2150,false,false,3,2,0,1,45,14057,56,0,9,4.410613929003344,10.172867610443197,10.670840150814541,3,hjoliver,43,0.9534883720930233,3,false,false
920725,cylc/cylc,python,247,1358330232,1358330639,1358330639,6,6,false,false,3,1,0,1,43,13980,16,0,60,4.434907010014307,10.228898426323319,10.729613733905579,6,hjoliver,42,0.9523809523809523,6,false,false
920081,cylc/cylc,python,246,1358304482,1358324913,1358324913,340,340,false,false,3,1,0,2,42,13974,45,0,39,4.436811220838701,10.23329039645055,10.734220695577502,6,hjoliver,41,0.9512195121951219,6,false,false
920044,cylc/cylc,python,245,1358302454,1358330217,1358330218,462,462,false,false,3,1,0,4,42,13974,64,0,110,4.436811220838701,10.23329039645055,10.734220695577502,3,hjoliver,40,0.95,3,false,false
919770,cylc/cylc,python,243,1358292841,1358324935,1358324935,534,534,false,false,3,2,0,2,41,13803,6,0,4,4.491777149894951,10.360066652177064,10.867202782003913,6,hjoliver,39,0.9487179487179487,6,false,false
919557,cylc/cylc,python,242,1358286594,1358324815,1358324815,637,637,false,false,3,2,0,4,41,13803,1,0,70,4.491777149894951,10.360066652177064,10.867202782003913,6,hjoliver,38,0.9473684210526315,6,false,false
917175,cylc/cylc,python,241,1358209334,1358242140,1358242140,546,546,false,false,3,5,0,83,40,13803,182,0,62,4.491777149894951,10.360066652177064,10.867202782003913,6,hjoliver,37,0.9459459459459459,6,false,false
914996,cylc/cylc,python,240,1358158934,1358164519,1358164519,93,93,false,false,3,1,0,2,39,13803,16,0,13,4.491777149894951,10.360066652177064,10.867202782003913,6,hjoliver,36,0.9444444444444444,6,false,false
914520,cylc/cylc,python,239,1358126488,1358151877,1358151877,423,423,false,false,3,1,0,2,38,13799,20,0,29,4.4930792086383065,10.363069787665774,10.870352924124935,3,hjoliver,35,0.9428571428571428,3,false,false
914352,cylc/cylc,python,238,1358116691,1358151771,1358151771,584,584,false,false,3,4,0,1,38,13799,0,0,32,4.4930792086383065,10.363069787665774,10.870352924124935,6,hjoliver,34,0.9411764705882353,6,false,false
914242,cylc/cylc,python,237,1358111665,1358116393,1358116393,78,78,true,false,3,5,0,1,38,13799,0,0,24,4.4930792086383065,10.363069787665774,10.870352924124935,3,hjoliver,33,0.9696969696969697,3,false,false
794464,cylc/cylc,python,236,1357865476,1357889682,1357889682,403,403,false,false,3,1,0,1,34,13799,0,0,0,4.4930792086383065,10.363069787665774,10.870352924124935,6,hjoliver,32,0.96875,6,false,false
794441,cylc/cylc,python,235,1357864559,1357892074,1357892075,458,458,false,false,3,2,0,3,34,13799,68,0,15,4.4930792086383065,10.363069787665774,10.870352924124935,3,hjoliver,31,0.967741935483871,3,false,false
793502,cylc/cylc,python,234,1357848504,1357852447,1357852448,65,65,false,false,3,1,0,214,31,13799,280,0,419,4.4930792086383065,10.363069787665774,10.870352924124935,2,hjoliver,30,0.9666666666666667,3,false,false
793389,cylc/cylc,python,233,1357846803,1357892144,1357892144,755,755,false,false,3,1,0,1,30,13797,21,0,25,4.493730521127781,10.364572008407624,10.871928680147857,4,hjoliver,29,0.9655172413793104,6,false,false
792457,cylc/cylc,python,232,1357832453,1357846700,1357846700,237,237,false,false,3,1,0,1,28,13797,2,0,1,4.493730521127781,10.364572008407624,10.871928680147857,2,matthewrmshin,20,1.0,1,false,false
791820,cylc/cylc,python,230,1357823362,1357847473,1357847474,401,401,false,false,3,1,2,1,28,13797,5,0,1,4.493730521127781,10.364572008407624,10.871928680147857,2,matthewrmshin,19,1.0,1,false,false
786135,cylc/cylc,python,229,1357705305,1357722042,1357722043,278,278,false,false,3,3,2,5,26,13786,147,0,26,4.4973161178006675,10.372842013637023,10.880603510808067,2,hjoliver,28,0.9642857142857143,3,false,false
781242,cylc/cylc,python,228,1357612928,1357635175,1357635176,370,370,false,false,3,1,0,1,25,13782,0,0,3,4.498621390219126,10.375852561311856,10.8837614279495,4,hjoliver,27,0.9629629629629629,6,false,false
782406,cylc/cylc,python,227,1357607073,1357639648,1357639648,542,542,false,false,3,1,1,1,23,13782,4,0,21,4.498621390219126,10.375852561311856,10.8837614279495,2,hjoliver,26,0.9615384615384616,3,false,false
780611,cylc/cylc,python,226,1357599347,1357640838,1357640838,691,691,false,false,3,2,2,1,23,13782,33,0,42,4.498621390219126,10.375852561311856,10.8837614279495,2,hjoliver,25,0.96,3,false,false
780442,cylc/cylc,python,225,1357596227,1357635252,1357635253,650,650,false,false,3,1,1,3,23,13782,17,0,39,4.498621390219126,10.375852561311856,10.8837614279495,4,hjoliver,24,0.9583333333333334,6,false,false
779638,cylc/cylc,python,224,1357569894,1357569945,1357569946,0,0,false,false,3,4,0,1,21,13781,3,0,16,4.498947826717945,10.376605471301067,10.884551193672447,2,arjclark,1,1.0,2,false,false
785612,cylc/cylc,python,220,1357537260,1357740477,1357740477,3386,3386,false,false,3,3,7,2,20,14139,222,0,67,4.385034302284462,10.113869439139966,10.608953957139827,2,hjoliver,23,0.9565217391304348,3,false,false
778729,cylc/cylc,python,219,1357535578,1357548869,1357548869,221,221,false,false,3,3,0,4,20,14139,0,0,36,4.385034302284462,10.113869439139966,10.608953957139827,2,hjoliver,22,0.9545454545454546,3,false,false
778738,cylc/cylc,python,218,1357510236,1357548981,1357548982,645,645,false,false,3,2,0,7,20,14139,2,0,36,4.385034302284462,10.113869439139966,10.608953957139827,2,hjoliver,21,0.9523809523809523,3,false,false
1008907,cylc/cylc,python,217,1357376262,1357407348,1357407348,518,518,false,false,3,1,0,1,18,14139,16,0,1,4.385034302284462,10.113869439139966,10.608953957139827,2,hjoliver,20,0.95,3,false,false
1008908,cylc/cylc,python,216,1357227277,1357279736,1357279736,874,874,false,false,3,2,0,2,16,14139,0,0,0,4.385034302284462,10.113869439139966,10.608953957139827,2,matthewrmshin,18,1.0,1,false,false
898988,cylc/cylc,python,213,1356004987,1356316670,1356316671,5194,5194,false,false,4,1,0,2,13,14528,162,0,40,4.2676211453744495,9.84306167400881,10.32488986784141,2,matthewrmshin,17,1.0,0,false,false
756199,cylc/cylc,python,211,1355718999,1355932272,1355932272,3554,3554,false,false,4,1,4,2,14,14526,0,0,11,4.268208729175272,9.844416907613933,10.326311441553077,2,hjoliver,19,0.9473684210526315,3,false,false
756181,cylc/cylc,python,210,1355718299,1358761278,1358761279,50716,50716,false,true,4,10,13,10,14,14526,101,0,91,4.268208729175272,9.844416907613933,10.326311441553077,4,ScottWales,1,0.0,2,false,false
756143,cylc/cylc,python,209,1355716073,1355739992,1355739992,398,398,false,false,4,1,0,2,14,14526,10,0,13,4.268208729175272,9.844416907613933,10.326311441553077,4,hjoliver,18,0.9444444444444444,6,false,false
756141,cylc/cylc,python,208,1355716014,1355732432,1355732432,273,273,false,false,4,1,0,1,14,14526,0,0,1,4.268208729175272,9.844416907613933,10.326311441553077,2,hjoliver,17,0.9411764705882353,3,false,false
744166,cylc/cylc,python,207,1355311322,1357548202,1357548202,37281,37281,false,false,4,17,1,53,11,14526,2412,0,613,4.268208729175272,9.844416907613933,10.326311441553077,4,hjoliver,16,0.9375,6,false,false
890352,cylc/cylc,python,206,1355127342,1355215481,1355215481,1468,1468,false,false,4,1,0,1,11,13515,2,0,1,4.587495375508694,10.580836108028118,11.098779134295228,2,hjoliver,15,0.9333333333333333,3,false,false
736096,cylc/cylc,python,205,1355040436,1355412208,1355412209,6196,6196,false,false,4,4,1,9,9,13515,161,0,172,4.587495375508694,10.580836108028118,11.098779134295228,4,hjoliver,14,0.9285714285714286,6,false,false
717002,cylc/cylc,python,202,1354871103,1354874248,1354874248,52,52,false,false,3,1,1,2,9,14397,31,0,39,4.306452733208307,9.932624852399806,10.418837257762034,2,hjoliver,13,0.9230769230769231,3,false,false
713791,cylc/cylc,python,201,1354856856,1355717650,1355717650,14346,14346,true,false,3,18,5,18,9,14397,377,0,204,4.306452733208307,9.932624852399806,10.418837257762034,4,ScottWales,0,0,2,false,false
708858,cylc/cylc,python,200,1354831757,1354865980,1354865980,570,570,false,false,3,1,0,2,9,14397,16,0,42,4.306452733208307,9.932624852399806,10.418837257762034,2,hjoliver,12,0.9166666666666666,3,false,false
707694,cylc/cylc,python,199,1354830402,,1354831605,20,,false,false,3,1,0,2,9,14397,16,0,0,4.306452733208307,9.932624852399806,10.418837257762034,4,hjoliver,11,1.0,6,false,false
697391,cylc/cylc,python,198,1354807887,1358299239,1358299240,58189,58189,false,false,3,53,12,94,13,14397,3355,0,959,4.306452733208307,9.932624852399806,10.418837257762034,2,arjclark,0,0,1,false,false
676860,cylc/cylc,python,196,1354737974,1354781395,1354781396,723,723,false,false,2,2,0,2,14,14478,0,0,10,4.282359441911866,9.877054841828981,10.360547036883547,2,hjoliver,10,1.0,6,false,false
671220,cylc/cylc,python,195,1354706956,1358418348,1358418349,61856,61856,false,false,2,18,9,17,14,14478,509,0,500,4.282359441911866,9.877054841828981,10.360547036883547,2,hjoliver,9,1.0,6,false,false
637767,cylc/cylc,python,193,1354513647,1354875511,1354875511,6031,6031,false,true,2,7,2,7,15,14478,317,0,216,4.282359441911866,9.877054841828981,10.360547036883547,2,hjoliver,8,1.0,6,false,false
600274,cylc/cylc,python,191,1354256506,1354570267,1354570267,5229,5229,false,false,2,3,1,12,15,14594,234,0,111,4.248321227901878,9.798547348225298,10.278196519117445,2,hjoliver,7,1.0,6,false,false
597201,cylc/cylc,python,190,1354238860,1354273779,1354273779,581,581,false,false,2,2,1,4,15,14594,38,0,56,4.248321227901878,9.798547348225298,10.278196519117445,2,hjoliver,6,1.0,6,false,false
595262,cylc/cylc,python,188,1354235385,1354781664,1354781666,9104,9104,false,true,2,4,9,15,15,14594,157,0,225,4.248321227901878,9.798547348225298,10.278196519117445,1,hjoliver,5,1.0,3,false,false
587704,cylc/cylc,python,187,1354216468,1354267478,1354267478,850,850,false,false,2,1,1,2,15,14594,3,0,7,4.248321227901878,9.798547348225298,10.278196519117445,1,hjoliver,4,1.0,3,false,false
574691,cylc/cylc,python,186,1354180200,1354266769,1354266770,1442,1442,false,false,2,5,2,30,15,14594,813,0,342,4.248321227901878,9.798547348225298,10.278196519117445,1,hjoliver,3,1.0,3,false,false
1008918,cylc/cylc,python,182,1353509966,1353518765,1353518765,146,146,false,false,2,1,0,1,14,14524,4,0,5,4.26879647480033,9.845772514458828,10.327733406774993,1,matthewrmshin,16,1.0,0,false,false
1008790,cylc/cylc,python,169,1351801889,1351814307,1351814307,206,206,false,false,2,2,0,3,18,14286,30,0,148,2.51994960100798,10.00979980400392,10.499790004199916,1,dpmatthews,1,1.0,2,false,false
1008920,cylc/cylc,python,167,1351501126,1351501421,1351501421,4,4,false,false,2,2,0,2,18,14282,16,0,88,2.520655370396303,10.01260327685198,10.502730709984595,1,benfitzpatrick,26,0.9615384615384616,3,false,false
1008922,cylc/cylc,python,163,1351148025,1351423351,1351423351,4528,4528,false,false,2,7,0,2,19,14233,349,0,118,2.5293332396543247,10.047073701960233,10.538888498559684,1,benfitzpatrick,25,0.96,3,false,false
1008923,cylc/cylc,python,162,1351064201,1351104671,1351104671,674,674,false,false,2,3,0,4,19,14116,135,0,82,2.5502975347123833,10.130348540663078,10.626239727968263,1,benfitzpatrick,24,0.9583333333333334,3,false,false
1008927,cylc/cylc,python,159,1350903971,1350929035,1350929035,417,417,false,false,2,1,0,2,19,14090,6,0,51,2.55500354861604,10.149041873669269,10.645848119233499,1,benfitzpatrick,23,0.9565217391304348,3,false,false
1008928,cylc/cylc,python,157,1350891178,1350892833,1350892833,27,27,false,false,2,1,0,2,19,14090,3,0,43,2.55500354861604,10.149041873669269,10.645848119233499,1,benfitzpatrick,22,0.9545454545454546,3,false,false
844747,cylc/cylc,python,151,1349875899,1349903672,1349903672,462,462,false,false,2,1,0,1,22,14100,0,0,7,2.553191489361702,10.141843971631205,10.638297872340425,0,matthewrmshin,15,1.0,0,false,false
878284,cylc/cylc,python,146,1349255504,1349255524,1349255524,0,0,false,false,2,2,0,3,22,14096,23,0,89,2.553916004540295,10.14472190692395,10.641316685584563,0,hjoliver,2,1.0,6,false,false
878277,cylc/cylc,python,145,1349255114,1349255151,1349255151,0,0,false,false,2,1,0,3,23,14088,49,0,89,2.555366269165247,10.150482680295285,10.647359454855195,0,hjoliver,1,1.0,6,false,false
451495,cylc/cylc,python,142,1349150280,1349150312,1349150312,0,0,false,false,2,1,0,1,24,14089,18,0,8,2.55518489601817,10.149762225849955,10.646603733409043,0,hjoliver,0,0,3,false,false
449732,cylc/cylc,python,136,1349094894,1349116558,1349116562,361,361,false,false,2,1,0,6,25,14080,36,0,136,2.5568181818181817,10.15625,10.65340909090909,0,benfitzpatrick,21,0.9523809523809523,4,false,false
449344,cylc/cylc,python,135,1349083839,1349116395,1349116396,542,542,false,false,2,2,0,1,25,14080,14,0,50,2.5568181818181817,10.15625,10.65340909090909,0,benfitzpatrick,20,0.95,2,false,false
435508,cylc/cylc,python,130,1348555336,1348600317,1348600317,749,749,false,false,2,3,0,4,27,13112,11,0,87,2.7455765710799267,10.906040268456376,11.439902379499696,0,benfitzpatrick,19,0.9473684210526315,2,false,false
435499,cylc/cylc,python,129,1348554998,1348600886,1348600886,764,764,false,false,2,2,0,2,27,13112,44,0,75,2.7455765710799267,10.906040268456376,11.439902379499696,0,benfitzpatrick,18,0.9444444444444444,2,false,false
432811,cylc/cylc,python,128,1348471525,1348480362,1348480363,147,147,false,false,2,1,0,1,26,13072,2,0,53,2.7539779681762546,10.939412484700123,11.474908200734394,0,benfitzpatrick,17,0.9411764705882353,2,false,false
432738,cylc/cylc,python,127,1348468728,1348480426,1348480429,195,194,false,false,2,10,0,6,26,13072,341,0,164,2.7539779681762546,10.939412484700123,11.474908200734394,0,benfitzpatrick,16,0.9375,2,false,false
423897,cylc/cylc,python,123,1348046724,1348175039,1348175039,2138,2138,false,false,2,1,0,1,19,12966,5,0,7,2.699367576739164,11.028844670677156,11.56871818602499,0,benfitzpatrick,15,0.9333333333333333,2,false,false
1008942,cylc/cylc,python,110,1346943226,1346956328,1346956328,218,218,false,false,2,7,0,4,16,13065,573,0,236,2.6789131266743205,10.945273631840797,11.481056257175661,0,benfitzpatrick,14,0.9285714285714286,1,false,false
1008944,cylc/cylc,python,109,1346748295,1346800389,1346800389,868,868,false,false,2,5,0,4,6,13886,281,0,169,2.520524269047962,10.298142013538815,10.802246867348408,0,benfitzpatrick,13,0.9230769230769231,1,false,false
1008945,cylc/cylc,python,106,1346679930,1346699715,1346699715,329,329,false,false,2,1,0,1,0,13878,55,0,42,2.5219772301484364,10.304078397463613,10.808473843493298,0,benfitzpatrick,12,0.9166666666666666,1,false,false
1008946,cylc/cylc,python,105,1346661795,1346666107,1346666107,71,71,false,false,2,8,0,4,0,12951,551,0,265,2.7024940159061077,11.041618407844954,11.582117211026175,0,benfitzpatrick,11,0.9090909090909091,1,false,false
1008775,cylc/cylc,python,103,1346656282,1346663459,1346663459,119,119,false,false,2,2,0,1,0,12951,51,0,34,2.7024940159061077,11.041618407844954,11.582117211026175,0,benfitzpatrick,10,0.9,1,false,false
1008948,cylc/cylc,python,100,1346333027,1346357809,1346357809,413,413,false,false,2,2,0,8,0,13693,167,0,137,2.556050536770613,10.443292193091361,10.954502300445482,0,benfitzpatrick,9,0.8888888888888888,1,false,false
1008951,cylc/cylc,python,99,1346247906,,1346269228,355,,false,false,2,1,0,1,0,13733,8,0,0,2.548605548678366,10.412874098885895,10.922595208621567,0,benfitzpatrick,8,1.0,1,false,false
1008954,cylc/cylc,python,97,1346139364,1346268866,1346268866,2158,2158,false,false,2,7,0,3,0,13733,146,0,92,2.548605548678366,10.412874098885895,10.922595208621567,0,benfitzpatrick,7,1.0,1,false,false
1008779,cylc/cylc,python,95,1345630345,1345662210,1345662210,531,531,false,false,2,1,0,1,0,13726,25,0,6,2.549905289232114,10.418184467434067,10.92816552528049,0,m214089,2,0.5,1,false,false
1008962,cylc/cylc,python,81,1343887276,1343892549,1343892549,87,87,false,false,2,2,0,2,0,13321,9,0,12,2.627430373095113,10.73492981007432,11.260415884693343,0,matthewrmshin,14,1.0,0,false,false
1008964,cylc/cylc,python,80,1343036775,1343068801,1343068801,533,533,false,false,2,1,0,1,0,13048,8,0,9,2.6824034334763946,10.959534028203556,11.496014714898836,0,matthewrmshin,13,1.0,0,false,false
1008965,cylc/cylc,python,78,1341304187,1341388433,1341388433,1404,1404,false,false,2,16,0,7,0,13421,1128,0,339,2.6078533641308397,10.65494374487743,11.176514417703599,0,benfitzpatrick,6,1.0,1,false,false
1008967,cylc/cylc,python,77,1340960300,1341009855,1341009855,825,825,false,false,2,2,0,5,0,13393,124,0,19,2.613305458075114,10.677219442992607,11.199880534607631,0,matthewrmshin,12,1.0,0,false,false
1008968,cylc/cylc,python,70,1340372277,1340418838,1340418838,776,776,false,false,2,1,0,1,0,13392,2,0,37,2.613500597371565,10.678016726403822,11.200716845878135,0,benfitzpatrick,5,1.0,1,false,false
1008971,cylc/cylc,python,69,1340369649,1340418568,1340418568,815,815,false,false,2,1,0,1,0,13392,11,0,37,2.613500597371565,10.678016726403822,11.200716845878135,0,benfitzpatrick,4,1.0,1,false,false
1008972,cylc/cylc,python,65,1340208522,1340241153,1340241153,543,543,false,false,2,6,0,10,0,13581,321,0,147,2.5771298137103305,10.529416096016494,11.04484205875856,0,benfitzpatrick,3,1.0,1,false,false
1008974,cylc/cylc,python,64,1340205908,1340226664,1340226664,345,345,false,false,2,4,0,10,0,13581,473,0,114,2.5771298137103305,10.529416096016494,11.04484205875856,0,benfitzpatrick,2,1.0,1,false,false
1008976,cylc/cylc,python,63,1340084784,1340136807,1340136807,867,867,false,false,2,3,0,1,0,13524,43,0,12,2.587991718426501,10.573794735285418,11.091393078970718,0,matthewrmshin,11,1.0,0,false,false
1008979,cylc/cylc,python,62,1340003554,1340066813,1340066813,1054,1054,false,false,2,1,0,2,0,13516,7,0,40,2.5895235276709085,10.580053270198283,11.097957975732466,0,matthewrmshin,10,1.0,0,false,false
1008981,cylc/cylc,python,60,1339395339,1340067220,1340067220,11198,11198,true,false,2,24,0,14,0,13516,274,132,11,2.5895235276709085,10.580053270198283,11.097957975732466,0,m214089,1,1.0,0,false,false
1008985,cylc/cylc,python,59,1338549772,1340067299,1340067299,25292,25292,false,false,2,1,0,1,0,13503,8,0,2,2.592016588906169,10.590239206102348,11.108642523883582,0,matthewrmshin,9,1.0,0,false,false
1008987,cylc/cylc,python,46,1338206849,1338213795,1338213795,115,115,false,false,2,22,0,13,0,13427,2595,0,221,2.6066880166828033,10.650182468161168,11.171520071497728,0,benfitzpatrick,1,1.0,1,false,false
1008990,cylc/cylc,python,45,1337929402,1337947192,1337947192,296,296,false,false,2,1,0,1,0,13441,5,0,3,2.603972918681646,10.639089353470725,11.159883937207052,0,matthewrmshin,8,1.0,0,false,false
1008992,cylc/cylc,python,39,1334828111,1335343143,1335343143,8583,8583,false,false,2,1,0,1,0,13813,0,0,3,2.533844928690364,10.352566422934917,10.859335408672989,0,matthewrmshin,7,1.0,0,false,false
1008995,cylc/cylc,python,38,1333611342,1333622124,1333622124,179,179,false,false,1,1,0,14,0,13196,18,0,63,2.652318884510458,10.836617156714155,11.367080933616247,0,m214089,0,0,0,false,false
1008996,cylc/cylc,python,23,1327315389,1327394672,1327394672,1321,1321,false,false,1,1,0,2,0,13427,2,0,30,0.0,10.650182468161168,11.171520071497728,0,matthewrmshin,6,1.0,0,false,false
1009001,cylc/cylc,python,20,1319622779,1319656371,1319656371,559,559,false,false,1,2,0,1,22,13081,22,0,2,0.0,10.931885941441786,11.467013225288586,0,benfitzpatrick,0,0,1,false,false
1009007,cylc/cylc,python,19,1318597360,1318669842,1318669842,1208,1208,false,false,1,1,0,1,16,13070,0,0,21,0.0,10.941086457536343,11.476664116296863,0,matthewrmshin,5,1.0,0,false,false
1009024,cylc/cylc,python,18,1317887656,1317932587,1317932587,748,748,false,false,1,1,0,2,4,12892,2,0,103,0.0,11.092150170648464,11.635122556624264,0,matthewrmshin,4,1.0,0,false,false
1009032,cylc/cylc,python,17,1317209646,1317345433,1317345433,2263,2263,false,false,1,5,0,8,3,12848,170,0,539,0.0,11.13013698630137,11.674968866749689,0,matthewrmshin,3,1.0,0,false,false
1009049,cylc/cylc,python,16,1314955169,1315164301,1315164301,3485,3485,false,false,1,30,0,12,0,13437,674,0,377,0.0,10.642256456054177,11.163206072784103,0,matthewrmshin,2,1.0,0,false,false
1009086,cylc/cylc,python,15,1313588038,1313649926,1313649926,1031,1031,false,false,1,1,0,4,0,13517,0,0,34,0.0,10.579270548198565,11.097136938669824,0,matthewrmshin,1,1.0,0,false,false
1009090,cylc/cylc,python,14,1312464503,1312764491,1312764491,4999,4999,false,false,1,1,0,143,0,13433,276,0,398,0.0,10.645425444800118,11.166530186853272,0,matthewrmshin,0,0,0,false,false
1009095,cylc/cylc,python,12,1310969097,1311197658,1311197658,3809,3809,false,false,1,3,0,2,0,13132,19,0,40,0.0,10.889430399025281,11.422479439537009,0,dpmatthews,0,0,0,false,false
