pull_req_id, project_name, github_id, created_at,merged_at, lifetime_minutes, team_size_at_merge, num_commits, num_commit_comments, num_issue_comments, num_comments, files_changed, total_commits_last_month, main_team_commits_last_month, sloc, churn, commits_on_files_touched, test_lines_per_1000_lines, test_cases_per_1000_lines, assertions_per_1000_lines
521623, jboss-as, 3486, 1353569529, 1353581621, 201, 44, 2, 0, 6, 6, 2, 415, 99, 366798, 6, 16, 478.04786285639506, 10.294494517418308, 36.97402930223174
521622, jboss-as, 3487, 1353569734, 1353581549, 196, 44, 2, 0, 6, 6, 2, 415, 99, 355616, 6, 5, 434.97761630522814, 9.44839377305858, 32.18359128948079
505613, jboss-as, 3469, 1353409302, 1353436313, 450, 42, 1, 0, 3, 3, 10, 404, 91, 366808, 258, 0, 477.48685961047744, 10.291487644762382, 36.94848531111644
487966, jboss-as, 3450, 1353016205, 1353056325, 668, 38, 1, 0, 4, 4, 1, 472, 80, 355555, 6, 1, 434.239428499107, 9.447202261253533, 32.172237769121516
467074, jboss-as, 3421, 1352627000, 1352721141, 1569, 36, 1, 0, 7, 7, 6, 440, 59, 367052, 119, 8, 476.1586914115711, 10.262851040179594, 36.82312042980286
467105, jboss-as, 3422, 1352628681, 1352721141, 1541, 36, 2, 0, 9, 9, 9, 440, 59, 367052, 218, 11, 476.1586914115711, 10.262851040179594, 36.82312042980286
486968, jboss-as, 3416, 1352346665, 1352351527, 81, 35, 2, 0, 3, 3, 3, 517, 56, 355399, 79, 1, 434.1317786487863, 9.448535308202892, 32.19761451213988
484411, jboss-as, 3414, 1352325497, 1352346058, 342, 35, 1, 0, 4, 4, 1, 522, 56, 366675, 19, 2, 476.3509920229086, 10.270675666462125, 36.86370764300811
487427, jboss-as, 3408, 1352191776, 1352216032, 404, 34, 1, 0, 3, 3, 25, 504, 50, 355305, 1925, 16, 434.2775924909585, 9.451035026245057, 32.203318275847515
487442, jboss-as, 3401, 1352121864, 1352168525, 777, 34, 1, 0, 4, 4, 2, 507, 49, 355304, 6, 4, 434.2788147614437, 9.451061626100467, 32.2034089118051
487483, jboss-as, 3387, 1351744367, 1351804885, 1008, 33, 1, 0, 4, 4, 2, 576, 43, 366129, 105, 2, 476.06990978589516, 10.253216762397953, 36.839474611407454
487485, jboss-as, 3386, 1351725928, 1351804870, 1315, 33, 2, 0, 4, 4, 6, 576, 43, 355253, 64, 23, 434.0934488941684, 9.435529045497153, 32.13484474444973
487494, jboss-as, 3378, 1351668035, 1351707163, 652, 33, 1, 0, 2, 2, 1, 591, 42, 355253, 2, 1, 434.0934488941684, 9.435529045497153, 32.13484474444973
487498, jboss-as, 3375, 1351658542, 1351666814, 137, 32, 1, 0, 4, 4, 2, 582, 39, 355248, 26, 2, 434.0573345944242, 9.432846912579382, 32.13529703193262
487510, jboss-as, 3362, 1351529195, 1351615032, 1430, 31, 2, 0, 13, 13, 25, 578, 38, 366573, 2326, 39, 474.18385969506755, 10.216246150152902, 36.65845547817215
487534, jboss-as, 3342, 1351181370, 1351592491, 6792, 31, 13, 0, 11, 11, 132, 563, 33, 367219, 7595, 33, 472.99023198690696, 10.190104542520949, 36.54767318684491
487583, jboss-as, 3307, 1350894633, 1351550857, 10877, 31, 0, 0, 15, 15, 0, 553, 30, 367219, 0, 0, 472.99023198690696, 10.190104542520949, 36.54767318684491
487511, jboss-as, 3359, 1351513417, 1351529339, 265, 30, 2, 0, 4, 4, 2, 549, 29, 355248, 3, 17, 434.0573345944242, 9.432846912579382, 32.13529703193262
487521, jboss-as, 3349, 1351251837, 1351430549, 2918, 28, 1, 0, 4, 4, 1, 543, 24, 355246, 4, 1, 434.0597782944776, 9.432900018578675, 32.135477950490646
487519, jboss-as, 3350, 1351257292, 1351261206, 65, 27, 1, 0, 5, 5, 1, 595, 24, 367182, 3, 2, 472.8526997510771, 10.188407928493227, 36.548632558240875
487550, jboss-as, 3332, 1351082533, 1351176730, 1569, 26, 1, 0, 7, 7, 1, 626, 28, 355238, 14, 1, 434.06955336985345, 9.433112448555617, 32.136201645094275
487559, jboss-as, 3323, 1350998159, 1351009352, 186, 24, 1, 0, 3, 3, 1, 634, 29, 355238, 2, 16, 434.06955336985345, 9.433112448555617, 32.136201645094275
487585, jboss-as, 3305, 1350866294, 1350990933, 2077, 24, 2, 0, 7, 7, 12, 628, 29, 367299, 1176, 20, 470.28715025088553, 10.171549609446254, 36.47981617156595
487573, jboss-as, 3315, 1350952530, 1350956773, 70, 24, 1, 0, 3, 3, 1, 617, 30, 355238, 2, 15, 434.06955336985345, 9.433112448555617, 32.136201645094275
487577, jboss-as, 3313, 1350910049, 1350956764, 778, 24, 1, 0, 6, 6, 1, 617, 30, 367299, 2, 36, 470.28715025088553, 10.171549609446254, 36.47981617156595
487616, jboss-as, 3293, 1350658643, 1350941319, 4711, 24, 1, 0, 12, 12, 2, 613, 30, 355238, 6, 2, 434.06955336985345, 9.433112448555617, 32.136201645094275
487617, jboss-as, 3292, 1350658043, 1350941309, 4721, 24, 1, 0, 9, 9, 2, 613, 30, 367077, 6, 4, 470.42990980094095, 10.174976912200982, 36.471911887696585
487586, jboss-as, 3304, 1350862079, 1350890607, 475, 24, 1, 0, 4, 4, 1, 609, 36, 367081, 2, 4, 470.38936910382176, 10.172141843353375, 36.460617683835444
487591, jboss-as, 3300, 1350814237, 1350834695, 340, 24, 1, 0, 3, 3, 3, 609, 36, 367082, 16, 40, 470.38808767523335, 10.172114132537144, 36.460518358295964
487592, jboss-as, 3299, 1350754762, 1350834504, 1329, 24, 2, 0, 3, 3, 3, 609, 36, 355232, 108, 3, 434.0543644716692, 9.433271777317358, 32.13674443743807
487613, jboss-as, 3296, 1350660084, 1350746775, 1444, 25, 1, 0, 3, 3, 4, 646, 38, 355232, 305, 4, 433.73063237546165, 9.424826592198901, 32.12829925231961
487628, jboss-as, 3281, 1350578847, 1350602211, 389, 27, 1, 0, 7, 7, 11, 653, 48, 355096, 432, 12, 433.89111676842316, 9.428436253858111, 32.14060423096853
487629, jboss-as, 3280, 1350578777, 1350598850, 334, 27, 1, 0, 3, 3, 12, 653, 48, 367108, 442, 17, 469.4476829706789, 10.15504974013097, 36.370768275275935
487633, jboss-as, 3277, 1350561175, 1350573748, 209, 27, 1, 0, 5, 5, 1, 664, 48, 355096, 2, 10, 433.89111676842316, 9.428436253858111, 32.14060423096853
487644, jboss-as, 3269, 1350525743, 1350551531, 429, 26, 1, 0, 4, 4, 2, 662, 48, 367437, 11, 3, 468.34423316105887, 10.132349219049797, 36.237504660662914
487656, jboss-as, 3261, 1350462287, 1350469686, 123, 26, 1, 0, 3, 3, 1, 659, 48, 354962, 18, 1, 434.0549129202563, 9.431995537550499, 32.1527374761242
487669, jboss-as, 3253, 1350343401, 1350373221, 497, 26, 1, 0, 4, 4, 2, 642, 48, 367171, 9, 28, 468.9068581124326, 10.136966154734443, 36.23652194753943
487676, jboss-as, 3247, 1350278177, 1350284047, 97, 26, 1, 0, 4, 4, 1, 621, 48, 367162, 20, 1, 468.86660384244556, 10.137214635501495, 36.23741018950763
487699, jboss-as, 3232, 1349964286, 1350060678, 1606, 26, 2, 0, 19, 19, 26, 659, 48, 367162, 85, 77, 468.6459927770303, 10.137214635501495, 36.23741018950763
487688, jboss-as, 3237, 1349999143, 1350042848, 728, 26, 1, 0, 4, 4, 112, 663, 48, 354923, 304, 120, 433.8631196062244, 9.433031953409612, 32.15627051501312
487689, jboss-as, 3236, 1349976473, 1349988263, 196, 26, 9, 0, 4, 4, 35, 665, 48, 366946, 2294, 77, 467.4366255525336, 10.11047947109384, 35.87993873757991
487701, jboss-as, 3228, 1349885845, 1349953502, 1127, 26, 1, 0, 4, 4, 2, 677, 49, 354922, 12, 2, 433.8643420244448, 9.433058531170229, 32.156361115963506
487702, jboss-as, 3227, 1349879915, 1349885808, 98, 25, 6, 0, 7, 7, 30, 671, 47, 366546, 2216, 27, 467.3328859133642, 10.118784545459507, 35.91909337436502
487715, jboss-as, 3217, 1349806404, 1349813567, 119, 25, 2, 0, 5, 5, 12, 662, 47, 366302, 641, 48, 464.2426194779171, 10.0545451567286, 35.7437305829616
487718, jboss-as, 3215, 1349778208, 1349813566, 589, 25, 1, 0, 10, 10, 8, 662, 47, 366302, 465, 43, 464.2426194779171, 10.0545451567286, 35.7437305829616
487757, jboss-as, 3179, 1349350750, 1349738016, 6454, 25, 1, 0, 7, 7, 23, 647, 47, 354592, 635, 3, 434.1750518906236, 9.43619709412508, 32.15808591282375
487724, jboss-as, 3210, 1349732556, 1349738015, 90, 25, 1, 0, 3, 3, 1, 647, 47, 366285, 6, 2, 463.862839046098, 10.046821464160422, 35.69897757210915
487775, jboss-as, 3165, 1349244491, 1349705877, 7689, 25, 1, 0, 32, 32, 12, 638, 47, 366258, 667, 40, 463.8670008573191, 10.047562101032605, 35.71526082706726
487734, jboss-as, 3200, 1349472372, 1349501170, 479, 26, 1, 0, 4, 4, 1, 684, 51, 354592, 2, 9, 434.1750518906236, 9.43619709412508, 32.15808591282375
487744, jboss-as, 3191, 1349438898, 1349462916, 400, 27, 1, 0, 3, 3, 1, 687, 52, 354581, 80, 1, 434.1885210995513, 9.436489828840237, 32.159083538035034
487745, jboss-as, 3190, 1349438837, 1349462898, 401, 27, 1, 0, 3, 3, 1, 687, 52, 365902, 84, 1, 464.31831474001234, 10.057337757104362, 35.750009565402756
487755, jboss-as, 3181, 1349354406, 1349360691, 104, 27, 1, 0, 10, 10, 1, 707, 56, 365967, 4, 17, 464.1456743367571, 10.044621509589662, 35.729997513437
487754, jboss-as, 3182, 1349354613, 1349360661, 100, 27, 1, 0, 3, 3, 1, 707, 56, 354581, 4, 9, 434.1885210995513, 9.436489828840237, 32.159083538035034
487770, jboss-as, 3169, 1349267940, 1349316056, 801, 27, 1, 0, 3, 3, 5, 709, 56, 354567, 42, 6, 434.2056649377974, 9.43686242656536, 32.16035333237441
487767, jboss-as, 3172, 1349297629, 1349307406, 162, 27, 1, 0, 3, 3, 1, 708, 56, 365840, 11, 4, 464.03345724907064, 10.042641591952766, 35.723267001968075
487774, jboss-as, 3166, 1349262566, 1349269967, 123, 28, 1, 0, 4, 4, 1, 711, 55, 365840, 6, 2, 464.03345724907064, 10.042641591952766, 35.723267001968075
487786, jboss-as, 3083, 1348153899, 1348157947, 67, 28, 1, 0, 2, 2, 4, 619, 22, 354354, 273, 4, 433.50999283202674, 9.422780609221286, 32.10631176732872
487787, jboss-as, 3080, 1348049887, 1348074557, 411, 27, 2, 0, 3, 3, 8, 615, 17, 365458, 93, 4, 453.22034269327804, 9.836971690317355, 34.32952623830919
487790, jboss-as, 3066, 1347920473, 1347939963, 324, 26, 1, 0, 3, 3, 7, 566, 11, 354387, 364, 9, 433.29749680434105, 9.419081399712743, 32.09767852658252
487791, jboss-as, 3065, 1347920451, 1347939961, 325, 26, 1, 0, 3, 3, 7, 566, 11, 365216, 364, 10, 452.9949399807237, 9.832537457285552, 34.2482257075265
487792, jboss-as, 3064, 1347893854, 1347898743, 81, 26, 4, 0, 5, 5, 22, 568, 11, 365350, 848, 54, 452.87532503079234, 9.83714246612837, 34.235664431367184
487793, jboss-as, 3063, 1347887211, 1347889038, 30, 26, 1, 0, 3, 3, 1, 556, 11, 354387, 2, 1, 433.29749680434105, 9.419081399712743, 32.09767852658252
487795, jboss-as, 3060, 1347869917, 1347875305, 89, 26, 1, 0, 4, 4, 5, 550, 11, 365246, 33, 29, 452.82357643889327, 9.837205609370123, 34.23172327691474
397870, jboss-as, 3052, 1347519450, 1347591528, 1201, 26, 1, 0, 4, 4, 1, 616, 17, 365151, 2, 16, 451.71997338087533, 9.839764919170424, 34.24062921914496
387108, jboss-as, 3041, 1347427021, 1347458146, 518, 26, 2, 0, 11, 11, 15, 635, 17, 365133, 1826, 19, 451.7422418680316, 9.840249991099133, 34.24231718305384
414978, jboss-as, 3043, 1347432114, 1347449963, 297, 26, 1, 0, 4, 4, 1, 628, 17, 354366, 3, 1, 433.3231743451685, 9.419639581675442, 32.09958065954409
414979, jboss-as, 3042, 1347432078, 1347449907, 297, 26, 1, 0, 4, 4, 1, 628, 17, 365185, 3, 1, 451.6450566151403, 9.838848802661666, 34.245656311184746
341563, jboss-as, 2983, 1346233144, 1346366857, 2228, 26, 1, 0, 7, 7, 1, 691, 22, 354139, 35, 1, 433.397620708253, 9.420029988224961, 32.089094959888634
339447, jboss-as, 2979, 1346156932, 1346175225, 304, 26, 2, 0, 4, 4, 2, 659, 26, 364326, 16, 29, 446.893716067478, 9.774213204657368, 34.13700916212403
336065, jboss-as, 2957, 1345597063, 1345684864, 1463, 26, 1, 0, 7, 7, 2, 717, 30, 354106, 52, 2, 433.438010087375, 9.420907863747015, 32.09208542074972
335701, jboss-as, 2954, 1345550090, 1345557407, 121, 26, 1, 0, 4, 4, 1, 702, 33, 364294, 1, 1, 446.77924972686895, 9.775071782681023, 34.14000779590111
335497, jboss-as, 2951, 1345520098, 1345539147, 317, 26, 2, 0, 4, 4, 4, 702, 33, 354081, 426, 4, 432.5874588017996, 9.404627754666306, 32.07175759218936
335496, jboss-as, 2950, 1345520056, 1345539136, 318, 26, 2, 0, 4, 4, 4, 702, 33, 364244, 426, 4, 445.88243045870354, 9.754450313526098, 34.08704055523221
238837, jboss-as, 2875, 1344773739, 1344778017, 71, 25, 1, 0, 3, 3, 1, 729, 37, 353974, 2, 17, 432.5148174724697, 9.398995406442282, 32.05885178007424
238836, jboss-as, 2874, 1344773713, 1344778004, 71, 25, 1, 0, 3, 3, 1, 729, 37, 363863, 2, 23, 445.98104231537695, 9.750922737403913, 34.092501848223094
135033, jboss-as, 2865, 1344632583, 1344709590, 1283, 25, 1, 0, 6, 6, 1, 759, 38, 363863, 2, 21, 445.98104231537695, 9.750922737403913, 34.092501848223094
231601, jboss-as, 2800, 1344008787, 1344116719, 1798, 27, 1, 0, 3, 3, 1, 717, 45, 353490, 2, 10, 429.79999434213136, 9.318509717389459, 31.938668703499395
473019, jboss-as, 2757, 1343607486, 1343674071, 1109, 33, 1, 0, 12, 12, 2, 672, 52, 353263, 30, 2, 431.62176621950215, 9.366958894647897, 32.03562218517082
473020, jboss-as, 2756, 1343607320, 1343674005, 1111, 33, 1, 0, 13, 13, 2, 672, 52, 361105, 30, 2, 442.6607219506792, 9.717395217457526, 34.17011672505227
222681, jboss-as, 2736, 1343053244, 1343096629, 723, 42, 1, 0, 4, 4, 17, 660, 64, 353251, 54, 22, 431.63642848852515, 9.367277091926137, 32.03671044101786
212853, jboss-as, 2701, 1342554355, 1342624514, 1169, 42, 1, 0, 3, 3, 4, 656, 69, 352865, 629, 4, 430.57259858586144, 9.292505632465673, 31.71751236308503
202665, jboss-as, 2671, 1342094485, 1342431941, 5624, 47, 6, 0, 12, 12, 10, 600, 70, 352423, 219, 2, 430.56497447669415, 9.295647559892515, 31.700541678607806
205049, jboss-as, 2683, 1342182114, 1342402006, 3664, 47, 1, 0, 4, 4, 1, 600, 70, 358401, 64, 2, 435.6265747026375, 9.453098624166786, 32.452476416081424
196407, jboss-as, 2637, 1341820322, 1341820672, 5, 49, 1, 0, 2, 2, 1, 488, 70, 355911, 4, 1, 434.42883192708285, 9.404036402359017, 32.08386366254485
195999, jboss-as, 2632, 1341666678, 1341787292, 2010, 49, 1, 0, 3, 3, 4, 485, 70, 355919, 30, 11, 434.4190672596855, 9.403825027604595, 32.083142512762734
194596, jboss-as, 2633, 1341666759, 1341787283, 2008, 49, 1, 0, 3, 3, 2, 485, 70, 352208, 13, 9, 430.4416708308726, 9.29848271475946, 31.711375096533864
54775, jboss-as, 2629, 1341591424, 1341605144, 228, 50, 8, 3, 12, 15, 128, 495, 69, 351152, 8231, 98, 426.70980088394765, 9.295120061967467, 31.687132637718143
156292, jboss-as, 2487, 1339503574, 1341535574, 33866, 51, 5, 0, 26, 26, 31, 484, 68, 353729, 1228, 31, 425.87687184256873, 9.315040610184631, 31.78139196955862
187125, jboss-as, 2590, 1341322784, 1341336789, 233, 53, 1, 0, 3, 3, 1, 457, 55, 350543, 3, 1, 427.3855133321732, 9.302710366488562, 31.74218284204791
184697, jboss-as, 2577, 1341212788, 1341261465, 811, 53, 1, 0, 4, 4, 1, 433, 48, 353627, 15, 1, 425.02693516049396, 9.29227689062204, 31.705723827648907
185296, jboss-as, 2581, 1341238349, 1341259738, 356, 53, 1, 0, 3, 3, 42, 433, 48, 350519, 496, 44, 426.39058082443466, 9.277671110553209, 31.658768854184796
179880, jboss-as, 2569, 1340886645, 1340895436, 146, 55, 1, 0, 4, 4, 1, 532, 46, 350519, 23, 1, 426.35349296329156, 9.277671110553209, 31.658768854184796
179736, jboss-as, 2568, 1340881286, 1340895405, 235, 55, 1, 0, 4, 4, 1, 532, 46, 353331, 23, 1, 424.74620115415854, 9.280249963914857, 31.712473572938688
169275, jboss-as, 2550, 1340298660, 1340334616, 599, 58, 1, 0, 4, 4, 1, 511, 26, 353338, 4, 11, 421.75763716328277, 9.299877171433584, 31.788259400347545
169273, jboss-as, 2549, 1340298615, 1340334607, 599, 58, 1, 0, 3, 3, 1, 511, 26, 350414, 4, 7, 423.33068884234075, 9.280451123528168, 31.68823163458081
166561, jboss-as, 2538, 1340182170, 1340203167, 349, 58, 1, 0, 7, 7, 34, 487, 18, 350337, 13357, 34, 423.0954766410627, 9.196859024310879, 31.695196339524514
164876, jboss-as, 2526, 1340094904, 1340111432, 275, 59, 1, 0, 3, 3, 1, 458, 18, 350336, 3, 1, 423.0966843259042, 9.19688527584947, 31.695286810376324
164874, jboss-as, 2525, 1340094853, 1340111415, 276, 59, 1, 0, 3, 3, 1, 458, 18, 352508, 3, 1, 421.8429085297355, 9.233832991024316, 31.846085762592622
159194, jboss-as, 2504, 1339660310, 1339690076, 496, 60, 1, 0, 3, 3, 1, 551, 12, 351130, 3, 1, 420.9324181926922, 9.187480420357133, 31.726141315182414
159191, jboss-as, 2503, 1339660122, 1339690021, 498, 60, 1, 0, 6, 6, 1, 551, 12, 349970, 3, 1, 421.53613166842877, 9.157927822384776, 31.622710518044403
157411, jboss-as, 2493, 1339562562, 1339587439, 414, 60, 1, 0, 5, 5, 3, 546, 11, 350292, 143, 8, 421.21144645038993, 9.149509552030878, 31.58222283123794
156959, jboss-as, 2492, 1339529494, 1339531844, 39, 60, 1, 0, 2, 2, 1, 545, 11, 351452, 2, 3, 420.60935775013377, 9.17906285922402, 31.685692498548878
156840, jboss-as, 2489, 1339515904, 1339524801, 148, 60, 1, 0, 3, 3, 3, 541, 11, 350261, 97, 3, 421.24872595007724, 9.150319333297169, 31.585018029412353
142797, jboss-as, 2418, 1338486014, 1339442869, 15947, 60, 15, 0, 33, 33, 95, 538, 10, 349933, 2738, 57, 421.4635373057128, 9.124603852737524, 31.47745425552891
313747, jboss-as, 2334, 1337239666, 1339442646, 36716, 60, 15, 0, 40, 40, 95, 538, 10, 351062, 2738, 57, 420.86013296796574, 9.15222952071144, 31.57277062171354
320383, jboss-as, 2431, 1338554825, 1338828562, 4562, 62, 2, 0, 3, 3, 3, 656, 36, 349530, 9, 4, 423.2483620862301, 9.126541355534574, 31.519469001230224
320385, jboss-as, 2432, 1338554868, 1338828523, 4560, 62, 2, 0, 3, 3, 3, 656, 36, 349530, 9, 4, 423.251223070981, 9.126541355534574, 31.519469001230224
141031, jboss-as, 2404, 1338381640, 1338392352, 178, 63, 1, 0, 3, 3, 1, 709, 84, 349482, 2, 3, 418.9543381347251, 9.0762900521343, 31.36069954961915
317638, jboss-as, 2382, 1337936037, 1337970143, 568, 63, 1, 0, 3, 3, 1, 789, 155, 349569, 1, 4, 418.79857767708233, 9.074031164090636, 31.35289456444936
317639, jboss-as, 2383, 1337936052, 1337970085, 567, 63, 1, 0, 5, 5, 1, 789, 155, 349565, 1, 4, 418.8033699025932, 9.074134996352608, 31.353253329137644
317387, jboss-as, 2377, 1337882618, 1337888755, 102, 63, 1, 0, 3, 3, 2, 808, 165, 349562, 22, 6, 418.8069641436998, 9.074212872108523, 31.353522408042068
317386, jboss-as, 2376, 1337882545, 1337888739, 103, 63, 1, 0, 3, 3, 2, 808, 165, 349558, 22, 6, 418.81175656114294, 9.074316708529057, 31.353881187099134
316759, jboss-as, 2372, 1337790563, 1337796415, 97, 63, 2, 0, 3, 3, 34, 837, 170, 348875, 1359, 92, 419.5743461125045, 9.092081691150126, 31.4152633464708
316769, jboss-as, 2373, 1337791670, 1337796380, 78, 63, 2, 0, 3, 3, 34, 837, 170, 348871, 1359, 92, 419.5791567656813, 9.092185936922244, 31.4156235399331
130825, jboss-as, 2355, 1337608129, 1337624374, 270, 63, 1, 0, 3, 3, 41, 811, 174, 348875, 1464, 111, 419.5743461125045, 9.092081691150126, 31.4152633464708
130824, jboss-as, 2354, 1337608049, 1337624332, 271, 63, 1, 0, 4, 4, 41, 811, 174, 348871, 1464, 114, 419.5791567656813, 9.092185936922244, 31.4156235399331
313950, jboss-as, 2339, 1337267167, 1337271948, 79, 64, 1, 0, 3, 3, 19, 877, 203, 348875, 127, 73, 419.5743461125045, 9.092081691150126, 31.4152633464708
313948, jboss-as, 2338, 1337267044, 1337271863, 80, 64, 1, 0, 3, 3, 19, 877, 203, 348871, 127, 75, 419.5791567656813, 9.092185936922244, 31.4156235399331
312183, jboss-as, 2309, 1337002456, 1337099476, 1617, 64, 1, 0, 4, 4, 1, 843, 225, 348870, 2, 1, 419.58035944621207, 9.092211998738785, 31.41571358958924
312113, jboss-as, 2307, 1336994107, 1337004089, 166, 67, 2, 0, 3, 3, 389, 814, 225, 348870, 11656, 539, 419.58035944621207, 9.092211998738785, 31.41571358958924
312112, jboss-as, 2306, 1336993972, 1336999525, 92, 67, 1, 0, 3, 3, 370, 813, 226, 348870, 11604, 520, 419.58035944621207, 9.092211998738785, 31.41571358958924
310894, jboss-as, 2293, 1336704138, 1336944915, 4012, 67, 2, 0, 2, 2, 6, 810, 228, 348809, 152, 18, 419.52185866763756, 9.090935153622757, 31.415473797981132
310161, jboss-as, 2284, 1336591172, 1336596570, 89, 67, 1, 0, 2, 2, 3, 928, 298, 348809, 11, 5, 419.5189917691344, 9.090935153622757, 31.415473797981132
309977, jboss-as, 2277, 1336569087, 1336577043, 132, 67, 1, 0, 2, 2, 2, 909, 299, 348766, 45, 4, 419.57071503529585, 9.092055991696439, 31.419347069381764
390592, jboss-as, 2275, 1336555379, 1336564743, 156, 67, 1, 0, 2, 2, 1, 906, 299, 348773, 2, 2, 419.5020830167473, 9.08900631642931, 31.415849277323645
309438, jboss-as, 2263, 1336486479, 1336494088, 126, 68, 1, 0, 2, 2, 2, 866, 301, 348724, 43, 11, 418.56597194342805, 9.084548238721739, 31.40592560305571
309213, jboss-as, 2255, 1336453433, 1336467134, 228, 69, 3, 0, 4, 4, 21, 853, 300, 348542, 495, 36, 418.7845367272811, 9.089291964813423, 31.422324999569636
309123, jboss-as, 2254, 1336429832, 1336431318, 24, 69, 1, 0, 1, 1, 2, 846, 297, 348200, 424, 2, 418.4865020103389, 9.095347501435958, 31.447443997702468
307971, jboss-as, 2239, 1336153052, 1336157477, 73, 69, 2, 0, 1, 1, 7, 842, 291, 347980, 72, 24, 417.92631760446005, 9.09822403586413, 31.366745215242258
306436, jboss-as, 2211, 1335917916, 1335946423, 475, 68, 1, 0, 4, 4, 4, 846, 291, 346093, 10, 7, 416.6250111964125, 9.0900422718749, 31.185259453383917
305276, jboss-as, 2186, 1335732875, 1335737356, 74, 67, 1, 0, 1, 1, 9, 796, 261, 343434, 82, 18, 418.44430079724197, 9.137126784185607, 31.388854918266684
303999, jboss-as, 2153, 1335443868, 1335463385, 325, 65, 1, 0, 2, 2, 4, 796, 258, 342678, 318, 10, 414.24894507380105, 9.075575321438784, 31.28593023187949
303602, jboss-as, 2143, 1335376978, 1335415509, 642, 65, 1, 0, 5, 5, 1, 803, 263, 342277, 7, 2, 409.85517577868217, 8.957657102288499, 31.31089731416367
303154, jboss-as, 2132, 1335309735, 1335313413, 61, 66, 2, 0, 1, 1, 5, 754, 252, 341860, 870, 7, 410.3580413034575, 8.968583630726027, 31.34909027087112
302591, jboss-as, 2117, 1335224474, 1335225808, 22, 67, 1, 0, 2, 2, 3, 718, 246, 341261, 58, 7, 410.68273257125776, 8.981395471501285, 31.371882518072677
302211, jboss-as, 2112, 1335178947, 1335187060, 135, 67, 1, 0, 3, 3, 3, 723, 251, 340927, 13, 6, 410.6069627808886, 8.984328023301178, 31.338087039160875
300992, jboss-as, 2095, 1334869360, 1334901746, 539, 68, 1, 0, 3, 3, 3, 792, 304, 339505, 43, 11, 410.727382512776, 8.977776468682347, 31.245489757146434
300238, jboss-as, 2080, 1334764450, 1334838677, 1237, 68, 1, 0, 6, 6, 11, 804, 314, 339404, 268, 18, 410.73175330874125, 8.97455539710787, 31.254787804504364
293457, jboss-as, 1972, 1333539258, 1334829527, 21504, 69, 0, 0, 11, 11, 0, 804, 315, 339404, 0, 0, 410.73175330874125, 8.97455539710787, 31.254787804504364
298988, jboss-as, 2055, 1334573459, 1334601102, 460, 68, 4, 0, 2, 2, 20, 712, 286, 337586, 492, 47, 407.22660299893954, 8.91032211051406, 31.097261142345953
298932, jboss-as, 2054, 1334563905, 1334572344, 140, 69, 1, 0, 4, 4, 3, 721, 291, 337586, 32, 3, 407.2236407907911, 8.91032211051406, 31.097261142345953
298093, jboss-as, 2046, 1334341052, 1334355275, 237, 69, 1, 0, 3, 3, 2, 798, 332, 335845, 9, 4, 407.25334603760666, 8.893983831827184, 31.18105078235496
296759, jboss-as, 2021, 1334142468, 1334151107, 143, 74, 4, 0, 4, 4, 11, 718, 311, 335626, 562, 18, 407.0274650950761, 8.890848742350116, 31.18351975115158
296583, jboss-as, 2011, 1334108997, 1334118626, 160, 74, 2, 0, 3, 3, 3, 702, 305, 335583, 72, 7, 407.06770009207855, 8.891987973169082, 31.18751545817279
296009, jboss-as, 2001, 1334036118, 1334086720, 843, 74, 1, 0, 3, 3, 1, 693, 300, 335518, 4, 3, 406.9736944068574, 8.890730154566969, 31.19057695861325
295163, jboss-as, 2000, 1333840445, 1333883542, 718, 75, 1, 0, 3, 3, 1, 753, 316, 333915, 2, 1, 406.67535151161223, 8.870520940958029, 30.903074135633318
293283, jboss-as, 1963, 1333505083, 1333537184, 535, 74, 1, 0, 3, 3, 7, 911, 349, 331958, 110, 12, 404.9186945336458, 8.85051723410793, 30.84426343091596
290538, jboss-as, 1918, 1333011345, 1333112821, 1691, 74, 2, 0, 15, 15, 14, 944, 318, 329741, 684, 15, 399.8987083802136, 8.76445452643135, 30.569446929559867
290672, jboss-as, 1921, 1333029477, 1333038763, 154, 74, 1, 0, 3, 3, 9, 898, 305, 329632, 53, 18, 397.6646684787884, 8.743083195806232, 30.391466847878846
290391, jboss-as, 1916, 1332979895, 1333001695, 363, 75, 1, 0, 3, 3, 11, 918, 295, 329549, 161, 19, 397.3703455328343, 8.739216322914043, 30.383948972686916
290028, jboss-as, 1911, 1332936687, 1332971917, 587, 75, 1, 0, 2, 2, 1, 947, 295, 329492, 2, 49, 397.39963337501365, 8.740728151214597, 30.38313525062824
288519, jboss-as, 1889, 1332709416, 1332820160, 1845, 75, 1, 0, 6, 6, 16, 1068, 276, 328920, 809, 31, 396.8776602213304, 8.734646722607321, 30.34780493737079
284043, jboss-as, 1835, 1332163046, 1332535170, 6202, 75, 3, 0, 13, 13, 17, 1164, 261, 327502, 17251, 205, 394.74568094240647, 8.67170276822737, 30.381493853472648
286956, jboss-as, 1863, 1332410430, 1332417681, 120, 77, 1, 0, 3, 3, 5, 1187, 257, 328167, 163, 12, 390.57248291266336, 8.580996870495815, 30.182803267848385
282599, jboss-as, 1825, 1331856541, 1331868325, 196, 79, 4, 0, 2, 2, 62, 1178, 237, 328789, 9684, 143, 389.9218039532953, 8.552597562570524, 30.07399882599479
282475, jboss-as, 1824, 1331842237, 1331846055, 63, 79, 1, 0, 3, 3, 7, 1178, 239, 328738, 240, 15, 389.7358991050624, 8.547840529540242, 30.04824510704573
473072, jboss-as, 1795, 1331564483, 1331580972, 274, 78, 1, 0, 2, 2, 6, 1220, 213, 327875, 69, 8, 387.15059092642014, 8.46359130766298, 29.858940144872285
473079, jboss-as, 1788, 1331326400, 1331326963, 9, 79, 1, 0, 2, 2, 2, 1233, 192, 327842, 35, 5, 387.40307831211373, 8.464443237901184, 29.861945693352286
473099, jboss-as, 1773, 1331245875, 1331250517, 77, 78, 3, 0, 4, 4, 29, 1230, 176, 326810, 2038, 53, 387.8951072488602, 8.488112358862947, 29.925644870108016
473114, jboss-as, 1765, 1331188648, 1331201396, 212, 78, 1, 0, 2, 2, 1, 1221, 176, 326491, 7, 3, 388.08420446505414, 8.490279977089722, 29.94875815872413
473125, jboss-as, 1759, 1331166504, 1331172656, 102, 78, 1, 0, 3, 3, 8, 1215, 174, 326317, 33, 26, 387.87436756283, 8.485613682400857, 29.958598540682832
473166, jboss-as, 1736, 1331113021, 1331115479, 40, 78, 1, 0, 1, 1, 6, 1216, 157, 325989, 208, 12, 388.12966081677604, 8.475746114132685, 29.97033642239462
473178, jboss-as, 1730, 1331070746, 1331073459, 45, 78, 1, 0, 2, 2, 2, 1221, 154, 325707, 21, 5, 385.8867018516642, 8.452382048896707, 29.879615728246552
473191, jboss-as, 1723, 1331048433, 1331061750, 221, 78, 1, 0, 8, 8, 2, 1229, 150, 325817, 173, 6, 385.7533523419588, 8.449528416258206, 29.86952798656915
473261, jboss-as, 1685, 1330707250, 1330725492, 304, 77, 1, 0, 10, 10, 8, 1407, 135, 324856, 111, 112, 380.94109390006645, 8.372940626000442, 29.68084320437363
473277, jboss-as, 1676, 1330656047, 1330668244, 203, 78, 5, 0, 6, 6, 33, 1468, 138, 324623, 816, 89, 380.60765873028095, 8.378950351638672, 29.68982481216673
473318, jboss-as, 1657, 1330528856, 1330631506, 1710, 79, 3, 0, 8, 8, 42, 1480, 138, 324591, 230, 163, 380.1861419447859, 8.37361479523462, 29.80982220702361
280798, jboss-as, 1625, 1330371875, 1330527136, 2587, 80, 3, 0, 8, 8, 38, 1751, 143, 324213, 1326, 109, 380.32404622886804, 8.374124418206549, 29.838408700453098
281115, jboss-as, 1635, 1330431001, 1330440434, 157, 80, 1, 0, 2, 2, 1, 1647, 142, 322396, 3, 3, 380.6467822181417, 8.3809972828447, 29.981761560317125
280389, jboss-as, 1610, 1330299175, 1330302855, 61, 80, 10, 0, 2, 2, 128, 1610, 144, 321724, 4456, 192, 374.4607178824085, 8.193358282254355, 29.7086944088722
279527, jboss-as, 1600, 1330102328, 1330112979, 177, 80, 1, 0, 3, 3, 1, 1692, 187, 321650, 20, 1, 374.279496346961, 8.18902533810042, 29.70309342452977
278582, jboss-as, 1583, 1329950440, 1330023505, 1217, 80, 1, 0, 6, 6, 8, 1701, 207, 327484, 40, 23, 363.94144446751596, 7.991230105898304, 29.036533082532276
278577, jboss-as, 1581, 1329944773, 1329949250, 74, 80, 2, 0, 2, 2, 4, 1700, 207, 327447, 83, 6, 362.92590862032637, 7.955485925966645, 29.009274783400063
278244, jboss-as, 1574, 1329912780, 1329924722, 199, 80, 1, 0, 0, 0, 1, 1674, 199, 327238, 4, 2, 363.0904723779023, 7.960566926823901, 29.01557887531399
277593, jboss-as, 1562, 1329812267, 1329820979, 145, 81, 1, 0, 3, 3, 1, 1629, 186, 325662, 25, 4, 364.12599566421625, 7.93153637820808, 28.974826660770983
277139, jboss-as, 1551, 1329723535, 1329727808, 71, 81, 1, 0, 2, 2, 4, 1650, 200, 325657, 147, 4, 361.7302867741212, 7.91630457812975, 28.956847234974223
276436, jboss-as, 1545, 1329509393, 1329682986, 2893, 81, 8, 0, 3, 3, 685, 1654, 205, 326141, 3751, 1135, 360.7642093450379, 7.892291984141828, 28.904676198331398
275447, jboss-as, 1538, 1329333442, 1329337361, 65, 81, 1, 0, 2, 2, 6, 1841, 279, 326067, 37, 18, 359.22371782486425, 7.8603477199471286, 28.856032655865206
275411, jboss-as, 1537, 1329330022, 1329333599, 59, 81, 5, 0, 2, 2, 25, 1841, 280, 326049, 940, 47, 358.0474100518634, 7.854647614315639, 28.685872368877067
275347, jboss-as, 1536, 1329322901, 1329325882, 49, 81, 1, 0, 2, 2, 1, 1838, 280, 326049, 8, 85, 358.0474100518634, 7.854647614315639, 28.685872368877067
275060, jboss-as, 1528, 1329268734, 1329270381, 27, 79, 1, 0, 3, 3, 1, 1804, 274, 326048, 4, 84, 358.04850819511233, 7.854671704779664, 28.685960349396407
274813, jboss-as, 1523, 1329235653, 1329249453, 230, 78, 1, 0, 2, 2, 1, 1799, 274, 326044, 2, 1, 358.05290083547004, 7.854768068113506, 28.686312276870606
274286, jboss-as, 1505, 1329147522, 1329156360, 147, 78, 2, 0, 2, 2, 10, 1785, 279, 325690, 75, 132, 358.4083023734226, 7.863305597347171, 28.717492093708742
273540, jboss-as, 1494, 1328936687, 1328980476, 729, 78, 1, 0, 2, 2, 3, 1852, 331, 325673, 161, 3, 358.0708256441277, 7.857574929453777, 28.676003230234006
273241, jboss-as, 1489, 1328885496, 1328893911, 140, 78, 1, 0, 1, 1, 5, 1898, 357, 325614, 99, 23, 358.052786428102, 7.855927570681851, 28.675056969294932
272398, jboss-as, 1467, 1328740433, 1328752088, 194, 79, 1, 0, 5, 5, 4, 1928, 402, 325394, 1109, 67, 357.428225474348, 7.855092595438146, 28.679078286630975
272131, jboss-as, 1465, 1328713778, 1328737163, 389, 78, 1, 0, 2, 2, 1, 1926, 403, 325368, 7, 2, 357.42297951857586, 7.855720292100021, 28.681370017948908
271920, jboss-as, 1459, 1328676881, 1328685385, 141, 77, 1, 0, 4, 4, 5, 1905, 400, 325368, 96, 108, 357.42297951857586, 7.855720292100021, 28.681370017948908
271889, jboss-as, 1458, 1328670335, 1328673845, 58, 77, 1, 0, 2, 2, 7, 1903, 400, 325355, 114, 66, 357.3450538642406, 7.856034178051667, 28.673295323569636
271535, jboss-as, 1443, 1328626170, 1328632005, 97, 77, 1, 0, 4, 4, 16, 1878, 401, 325320, 278, 59, 356.67035534243206, 7.853805483831305, 28.64256731833272
271432, jboss-as, 1433, 1328607000, 1328614836, 130, 77, 1, 0, 3, 3, 13, 1844, 399, 325204, 1274, 57, 356.80987933727755, 7.856606929804062, 28.646634112741538
271202, jboss-as, 1427, 1328565662, 1328572572, 115, 78, 1, 0, 3, 3, 3, 1825, 400, 325062, 32, 5, 354.98151121939816, 7.804664956223736, 28.603774049258295
270645, jboss-as, 1370, 1328270557, 1328363566, 1550, 78, 3, 0, 6, 6, 6, 1671, 427, 323244, 154, 37, 354.4536016136417, 7.6938783086461005, 28.631621932657684
473348, jboss-as, 1385, 1328301383, 1328331088, 495, 78, 2, 0, 6, 6, 8, 1671, 427, 323223, 91, 18, 354.4766306853163, 7.694378184720765, 28.633482147000677
473415, jboss-as, 1290, 1328014576, 1328104981, 1506, 79, 4, 0, 6, 6, 30, 1393, 443, 320234, 456, 188, 348.8855024763142, 7.631919159114897, 28.429211139354347
269750, jboss-as, 1284, 1327991342, 1328003077, 195, 80, 2, 0, 3, 3, 3, 1255, 437, 319900, 186, 3, 345.0296967802438, 7.586745858080651, 28.205689277899346
268742, jboss-as, 1256, 1327779449, 1327790996, 192, 80, 1, 0, 2, 2, 2, 1148, 452, 319300, 5, 6, 344.99843407453807, 7.591606639523959, 28.23676792984654
268108, jboss-as, 1240, 1327652012, 1327663644, 193, 80, 1, 0, 3, 3, 4, 1087, 454, 319108, 26, 6, 344.6168695237976, 7.589906865387267, 28.159745289995865
268059, jboss-as, 1238, 1327641881, 1327646954, 84, 80, 3, 0, 7, 7, 32, 1073, 453, 319078, 935, 79, 344.64927071123674, 7.590620475244298, 28.162392894527358
267943, jboss-as, 1235, 1327617406, 1327628288, 181, 80, 1, 0, 2, 2, 8, 1064, 453, 319051, 75, 19, 344.65963121883334, 7.591262838856484, 28.16477616431229
473441, jboss-as, 1210, 1327465071, 1327546235, 1352, 80, 2, 0, 4, 4, 10, 1004, 450, 318749, 937, 30, 342.24421096223045, 7.520023592230878, 28.07851946202184
473478, jboss-as, 1189, 1327332472, 1327514738, 3037, 80, 6, 0, 11, 11, 59, 992, 446, 318339, 2620, 176, 342.03160781431114, 7.520284979220265, 28.083269721900237
473466, jboss-as, 1196, 1327387745, 1327394511, 112, 80, 1, 0, 2, 2, 2, 881, 403, 315720, 4, 11, 343.5417458507538, 7.614341821867478, 28.268719118206004
473469, jboss-as, 1195, 1327372096, 1327387166, 251, 80, 2, 0, 2, 2, 15, 878, 402, 315645, 437, 65, 343.40160623485247, 7.61298293969491, 28.272267895895705
473500, jboss-as, 1181, 1327175883, 1327192326, 274, 80, 1, 0, 1, 1, 1, 869, 412, 315048, 2, 3, 333.95863487468574, 7.48457377923364, 28.00843046139001
473555, jboss-as, 1153, 1326952519, 1326993122, 676, 80, 1, 0, 2, 2, 1, 890, 417, 312715, 12, 2, 335.59950753881327, 7.521225396926915, 28.191804038821292
473657, jboss-as, 1115, 1326758720, 1326762848, 68, 77, 1, 0, 2, 2, 5, 789, 361, 310720, 182, 7, 333.3998455200824, 7.434346035015448, 27.355818743563336
473660, jboss-as, 1114, 1326748851, 1326751988, 52, 77, 1, 0, 2, 2, 1, 785, 360, 310717, 9, 2, 333.40306452495355, 7.434417814281163, 27.35608286640255
473721, jboss-as, 1084, 1326354689, 1326722129, 6124, 76, 3, 0, 9, 9, 7, 777, 347, 310639, 466, 11, 332.56609762457384, 7.407312024568712, 27.317883459578482
473701, jboss-as, 1097, 1326467596, 1326474170, 109, 76, 2, 0, 3, 3, 10, 894, 364, 309103, 154, 54, 326.8716253158332, 7.353535876390717, 27.168937215103057
473733, jboss-as, 1076, 1326290157, 1326317630, 457, 73, 2, 0, 5, 5, 23, 879, 352, 309551, 704, 42, 323.61387945766614, 7.304127591253137, 27.119925311176512
473803, jboss-as, 1044, 1326132338, 1326136567, 70, 69, 1, 0, 2, 2, 1, 744, 292, 307099, 4, 39, 328.4250355748472, 7.336396406370584, 27.515556872539474
473850, jboss-as, 1015, 1325603741, 1326108486, 8412, 69, 4, 0, 7, 7, 14, 751, 295, 307099, 691, 14, 325.32505804317174, 7.294064780412831, 27.362511763307598
473824, jboss-as, 1030, 1325844708, 1325852444, 128, 68, 3, 0, 0, 0, 18, 884, 305, 306832, 714, 18, 321.7298065390833, 7.183083902591647, 27.356990144443863
473843, jboss-as, 1020, 1325683028, 1325687864, 80, 67, 1, 0, 3, 3, 7, 955, 320, 306091, 82, 25, 321.8781342803284, 7.174337043558942, 27.335008216510776
473845, jboss-as, 1018, 1325621924, 1325627175, 87, 67, 0, 0, 2, 2, 0, 959, 323, 306091, 0, 0, 321.8781342803284, 7.174337043558942, 27.335008216510776
473854, jboss-as, 1012, 1325581389, 1325582707, 21, 65, 1, 0, 1, 1, 1, 951, 320, 306035, 2, 1, 321.6625549365268, 7.169114643749898, 27.313869328671558
473864, jboss-as, 1005, 1325199752, 1325215167, 256, 65, 1, 0, 4, 4, 38, 1097, 372, 305683, 425, 181, 320.18136435457643, 7.1381136667724405, 27.05089913407026
473870, jboss-as, 1003, 1325157871, 1325190752, 548, 65, 2, 0, 5, 5, 19, 1099, 376, 305528, 416, 50, 320.1834201775287, 7.141734963734912, 27.064622555052235
473871, jboss-as, 1002, 1325148374, 1325149954, 26, 64, 1, 0, 2, 2, 1, 1134, 386, 305525, 2, 1, 320.1865641109565, 7.1418050895998695, 27.064888307012517
473888, jboss-as, 992, 1324562070, 1324585783, 395, 64, 1, 0, 2, 2, 1, 1257, 374, 304304, 1, 6, 319.90706661759293, 7.137599242862401, 27.019033597980965
473897, jboss-as, 986, 1324527582, 1324530075, 41, 62, 1, 0, 1, 1, 46, 1267, 365, 303830, 4662, 156, 320.4193134318533, 7.148734489681729, 27.061185531382684
486889, jboss-as, 975, 1324484197, 1324505300, 351, 62, 1, 0, 3, 3, 1, 1254, 352, 302532, 2, 72, 321.97585709941427, 7.195932992212394, 27.127708804357887
486906, jboss-as, 971, 1324455679, 1324462309, 110, 60, 1, 0, 3, 3, 1, 1258, 349, 302429, 2, 75, 322.0921274084165, 7.198383752880841, 27.136947845610045
486952, jboss-as, 958, 1324388362, 1324391038, 44, 60, 1, 0, 3, 3, 2, 1238, 345, 301766, 158, 8, 322.73350874518667, 7.230768211130479, 27.170058919825298
487036, jboss-as, 932, 1324038833, 1324391035, 5870, 60, 68, 0, 5, 5, 404, 1238, 345, 298935, 16101, 615, 322.66211718266516, 7.242377105390804, 27.203238162142274
487006, jboss-as, 940, 1324224564, 1324226634, 34, 60, 1, 0, 1, 1, 2, 1190, 341, 299821, 305, 4, 323.6431070538755, 7.254328415954853, 27.26960419717098
487043, jboss-as, 929, 1324030247, 1324055623, 422, 60, 2, 0, 6, 6, 2, 1280, 381, 298935, 30, 2, 322.66211718266516, 7.242377105390804, 27.203238162142274
487046, jboss-as, 926, 1324015642, 1324028793, 219, 60, 1, 0, 4, 4, 1, 1260, 384, 298927, 6, 76, 322.67075239105196, 7.242570928688275, 27.203966185724273
487052, jboss-as, 922, 1323990573, 1323992692, 35, 60, 1, 0, 2, 2, 2, 1263, 396, 298651, 9, 12, 313.71400062280054, 7.122025374098865, 26.800512973336772
487089, jboss-as, 894, 1323866945, 1323947009, 1334, 60, 3, 0, 4, 4, 13, 1260, 403, 298455, 194, 104, 313.8630614330469, 7.126702517967533, 26.801360339079594
487082, jboss-as, 897, 1323877047, 1323879047, 33, 60, 3, 0, 3, 3, 7, 1246, 396, 298081, 874, 18, 312.83107611689445, 7.118870374160044, 26.777956327307006
487140, jboss-as, 868, 1323687284, 1323786051, 1646, 60, 0, 0, 1, 1, 0, 1190, 388, 293657, 0, 0, 315.87872926577603, 7.1477948763353165, 27.08602212785665
487118, jboss-as, 878, 1323775581, 1323785967, 173, 60, 1, 0, 3, 3, 3, 1190, 388, 293576, 573, 3, 315.41066027195683, 7.146360737934981, 27.083276562116794
487122, jboss-as, 875, 1323708028, 1323720289, 204, 60, 3, 0, 4, 4, 4, 1196, 389, 292409, 432, 19, 315.4759258435958, 7.096224808401931, 27.18110591671255
487153, jboss-as, 862, 1323454253, 1323620824, 2776, 59, 2, 0, 4, 4, 23, 1181, 391, 291491, 707, 58, 312.2978067933487, 7.070544202050835, 27.02999406499686
487167, jboss-as, 856, 1323440127, 1323454787, 244, 59, 1, 0, 0, 0, 2, 1283, 417, 290546, 37, 10, 313.25504395173226, 7.093541126017912, 27.114467244429452
487181, jboss-as, 850, 1323400402, 1323409402, 150, 58, 1, 0, 2, 2, 2, 1280, 412, 289693, 25, 6, 313.9910180777582, 7.114428032434335, 27.197757626176674
487188, jboss-as, 847, 1323375149, 1323376505, 22, 58, 9, 0, 2, 2, 107, 1285, 413, 289628, 2222, 44, 313.7714585606364, 7.1091192840471225, 27.19005068570718
487201, jboss-as, 841, 1323354117, 1323357707, 59, 58, 1, 0, 0, 0, 1, 1282, 413, 289264, 1, 3, 311.1102660545384, 7.021267769235024, 26.61582499032026
487216, jboss-as, 830, 1323251673, 1323264289, 210, 58, 1, 0, 0, 0, 1, 1311, 447, 289347, 2, 5, 311.0141110846147, 7.019253698846022, 26.608190166132704
487220, jboss-as, 826, 1323208317, 1323248335, 666, 58, 1, 0, 0, 0, 25, 1319, 455, 289347, 21551, 31, 309.1858564284406, 7.019253698846022, 26.580541702523266
487265, jboss-as, 786, 1322829146, 1322834801, 94, 60, 1, 0, 0, 0, 2, 1250, 468, 287703, 24, 12, 304.053138132032, 6.941185875712106, 26.45784020326517
487270, jboss-as, 781, 1322778098, 1322790740, 210, 60, 3, 0, 2, 2, 34, 1246, 459, 287601, 1220, 131, 303.5663992823391, 6.901923150475833, 26.44636145215072
487282, jboss-as, 770, 1322720108, 1322732080, 199, 59, 2, 0, 2, 2, 2, 1227, 450, 287732, 43, 3, 300.3524112716, 6.870977159301017, 26.326581680174606
487286, jboss-as, 766, 1322678283, 1322679833, 25, 59, 3, 0, 0, 0, 4, 1241, 454, 287716, 7, 76, 300.2891740466293, 6.871359257045142, 26.328045711743528
487295, jboss-as, 757, 1322643491, 1322660967, 291, 59, 1, 0, 0, 0, 2, 1219, 447, 287716, 8, 9, 300.23356365304676, 6.871359257045142, 26.328045711743528
487298, jboss-as, 754, 1322590872, 1322593482, 43, 57, 2, 0, 2, 2, 52, 1182, 427, 285647, 10005, 147, 301.7010505974157, 6.910627452765127, 26.508242691153768
487356, jboss-as, 710, 1321932488, 1322224260, 4862, 57, 36, 0, 0, 0, 74, 1208, 457, 283997, 3651, 52, 299.71443360317187, 6.824015746645211, 26.137600045070897
487328, jboss-as, 727, 1322051587, 1322069641, 300, 58, 1, 0, 2, 2, 1, 1221, 479, 283480, 2, 83, 299.2450966558487, 6.82235078312403, 26.160575701989558
487338, jboss-as, 720, 1321989358, 1321991039, 28, 58, 11, 0, 0, 0, 64, 1200, 483, 282186, 1901, 79, 299.3805504171008, 6.843004259601823, 26.259275796814865
487344, jboss-as, 716, 1321975467, 1321978184, 45, 58, 1, 0, 1, 1, 1, 1194, 484, 282229, 2, 77, 299.3349372318224, 6.8419616694244745, 26.255274971742807
487403, jboss-as, 679, 1321483757, 1321486273, 41, 58, 1, 0, 0, 0, 12, 1190, 521, 278320, 1871, 44, 303.1510491520552, 6.851825237137108, 26.685110663983902
502751, jboss-as, 648, 1321277684, 1321467545, 3164, 58, 1, 0, 3, 3, 28, 1179, 517, 278020, 952, 62, 302.787569239623, 6.841234443565211, 26.609596431911374
502742, jboss-as, 657, 1321338766, 1321457236, 1974, 58, 1, 0, 2, 2, 25, 1178, 516, 277642, 1388, 115, 303.019716037199, 6.836141505968117, 26.624213915762027
502733, jboss-as, 665, 1321395096, 1321417823, 378, 58, 1, 0, 0, 0, 1, 1161, 509, 277451, 12, 83, 303.2211093129958, 6.840847573084977, 26.642542286746128
502779, jboss-as, 622, 1320955304, 1321010864, 926, 57, 2, 0, 1, 1, 4, 1169, 538, 275563, 241, 13, 302.37005693797784, 6.7207861723090545, 26.592829951771467
502781, jboss-as, 620, 1320941667, 1320949617, 132, 57, 7, 0, 0, 0, 79, 1136, 538, 275270, 1170, 274, 302.32135721291826, 6.727939840883496, 26.56664365895303
502791, jboss-as, 610, 1320857466, 1320864969, 125, 57, 1, 0, 0, 0, 1, 1124, 539, 274356, 17, 7, 302.8073014623336, 6.743063756579043, 26.644214086806922
502796, jboss-as, 605, 1320836613, 1320848232, 193, 56, 1, 0, 0, 0, 1, 1114, 535, 273881, 67, 1, 302.7774836516589, 6.736502349560576, 26.58818976124667
502799, jboss-as, 602, 1320791365, 1320806513, 252, 56, 3, 0, 0, 0, 8, 1097, 529, 272873, 4487, 39, 303.544139581417, 6.754057748476397, 26.737713148607593
502813, jboss-as, 588, 1320743327, 1320762797, 324, 56, 1, 0, 1, 1, 1, 1065, 511, 269839, 27, 2, 300.38282086725786, 6.748468531235292, 26.871578978576114
502826, jboss-as, 575, 1320478843, 1320479995, 19, 56, 9, 0, 0, 0, 55, 1056, 516, 267406, 2876, 80, 297.2558581333253, 6.716378839667023, 26.255955363753994
502854, jboss-as, 547, 1320231558, 1320233046, 24, 55, 1, 0, 1, 1, 9, 975, 498, 254345, 198, 28, 303.91790678016076, 6.888281664668069, 27.16782323222395
502872, jboss-as, 531, 1319825252, 1319825391, 2, 56, 1, 0, 0, 0, 1, 967, 512, 253916, 2, 1, 297.7559507868744, 6.6833125915657146, 26.52058160966619
502898, jboss-as, 505, 1319552053, 1319721814, 2829, 56, 4, 0, 3, 3, 242, 951, 512, 253371, 1338, 61, 297.37025942195436, 6.674007680436988, 26.502638423497558
502893, jboss-as, 510, 1319645495, 1319713234, 1128, 56, 0, 0, 0, 0, 0, 955, 515, 253371, 0, 0, 297.37025942195436, 6.674007680436988, 26.502638423497558
502911, jboss-as, 491, 1319404170, 1319681086, 4615, 56, 25, 0, 6, 6, 47, 953, 511, 253393, 4257, 42, 297.344441243444, 6.673428232034823, 26.500337420528588
502910, jboss-as, 492, 1319405152, 1319510746, 1759, 58, 1, 0, 0, 0, 22, 917, 501, 253298, 715, 78, 288.69552858688184, 6.565389383256085, 26.25366169492061
502906, jboss-as, 496, 1319464540, 1319473124, 143, 58, 3, 0, 1, 1, 11, 909, 496, 253085, 234, 28, 288.9503526483198, 6.574866151688168, 26.275757156686492
502912, jboss-as, 490, 1319399785, 1319400501, 11, 58, 1, 0, 0, 0, 1, 858, 483, 253368, 15, 2, 289.21568627450984, 6.583309652363361, 26.270089356193363
502914, jboss-as, 488, 1319227583, 1319229298, 28, 60, 1, 0, 0, 0, 50, 909, 510, 253394, 2072, 59, 289.85690268909286, 6.582634158662005, 26.267393860943827
502916, jboss-as, 486, 1319208782, 1319215182, 106, 60, 1, 0, 2, 2, 4, 910, 508, 253326, 63, 16, 289.9347086363026, 6.584401127401056, 26.27444478655961
502938, jboss-as, 466, 1319004581, 1319016564, 199, 62, 1, 0, 1, 1, 4, 881, 499, 218195, 65, 11, 305.85485460253443, 7.012076353720296, 27.76873897202044
502944, jboss-as, 461, 1318917383, 1318917992, 10, 62, 1, 0, 0, 0, 1, 861, 486, 218379, 7, 3, 305.65210024773444, 7.006168175511381, 27.745341814002263
502967, jboss-as, 440, 1318533582, 1318538372, 79, 60, 2, 0, 0, 0, 11, 795, 438, 213313, 1040, 39, 303.33359898365313, 6.83971441027973, 28.043297876828884
502968, jboss-as, 439, 1318517122, 1318526834, 161, 60, 1, 0, 1, 1, 6, 796, 439, 213295, 212, 7, 303.08727349445604, 6.8309149300264895, 28.040976112895287
502998, jboss-as, 412, 1318197428, 1318471209, 4563, 60, 14, 0, 1, 1, 194, 782, 429, 213528, 201443, 1467, 303.72597504776894, 6.842193997976846, 27.96822899104567
502974, jboss-as, 434, 1318413588, 1318425493, 198, 61, 1, 0, 0, 0, 1, 763, 409, 213385, 6, 5, 303.0063031609532, 6.8420929306183655, 27.879185509759353
503008, jboss-as, 403, 1317971279, 1317976145, 81, 61, 1, 0, 0, 0, 1, 676, 358, 210296, 1, 5, 306.6867653212614, 6.909308783809487, 28.231635409137596
503009, jboss-as, 402, 1317962118, 1317964300, 36, 61, 1, 0, 1, 1, 1, 673, 357, 210296, 2, 1, 306.6867653212614, 6.909308783809487, 28.231635409137596
503038, jboss-as, 379, 1317470473, 1317729218, 4312, 59, 5, 0, 5, 5, 19, 614, 309, 208722, 800, 23, 304.57258937725777, 6.856009428809613, 28.13790592271059
503584, jboss-as, 361, 1317210305, 1317312119, 1696, 60, 0, 0, 0, 0, 0, 628, 308, 206180, 0, 0, 307.124842370744, 6.89688621592783, 28.426617518673005
503056, jboss-as, 362, 1317221231, 1317299848, 1310, 60, 0, 0, 0, 0, 0, 618, 307, 206146, 0, 0, 307.17549697787007, 6.898023730753932, 28.431305967615188
503053, jboss-as, 365, 1317242272, 1317244753, 41, 60, 8, 0, 0, 0, 67, 609, 304, 203489, 2507, 115, 308.5572193091519, 6.914378664202979, 28.69442574291485
503072, jboss-as, 346, 1316994844, 1317014092, 320, 61, 1, 0, 0, 0, 15, 544, 274, 202133, 168, 24, 310.45895524234044, 6.955816220013555, 28.881973749956714
503095, jboss-as, 329, 1316595420, 1316601015, 93, 60, 1, 0, 0, 0, 1, 570, 280, 199551, 8, 2, 304.09268808475025, 6.80527784877049, 27.10084138891812
503130, jboss-as, 298, 1316074503, 1316101310, 446, 62, 12, 0, 0, 0, 114, 592, 272, 198284, 4342, 198, 295.14736438643564, 6.687377700671764, 26.67386173367493
503155, jboss-as, 274, 1315852396, 1316022920, 2842, 62, 2, 0, 4, 4, 59, 590, 270, 197320, 1082, 96, 296.5436853841476, 6.720048651935942, 26.80417595783499
503140, jboss-as, 289, 1316006063, 1316011554, 91, 61, 1, 0, 1, 1, 1, 580, 264, 197320, 2, 29, 296.5436853841476, 6.720048651935942, 26.80417595783499
503159, jboss-as, 270, 1315679142, 1315762299, 1385, 61, 2, 0, 1, 1, 4, 561, 248, 194951, 82, 4, 296.5463116372832, 6.776061677036794, 27.07346974367918
503178, jboss-as, 255, 1315354063, 1315428427, 1239, 62, 2, 0, 4, 4, 5, 669, 274, 191222, 47, 28, 294.71504324816186, 6.688560939640836, 26.29927518800138
503179, jboss-as, 254, 1315339266, 1315345115, 97, 61, 1, 0, 0, 0, 1, 651, 265, 191198, 38, 1, 292.58151235891586, 6.652789255117732, 26.192742601910062
503190, jboss-as, 243, 1314958464, 1315008127, 827, 62, 2, 0, 2, 2, 4, 713, 274, 190875, 186, 14, 291.5206286836935, 6.643091028159791, 26.221349050425673
503193, jboss-as, 240, 1314911135, 1314911496, 6, 61, 1, 0, 0, 0, 8, 727, 273, 190869, 60, 42, 290.75963095107113, 6.638060659405142, 26.216934127595366
503194, jboss-as, 239, 1314900084, 1314902253, 36, 61, 1, 0, 0, 0, 1, 727, 272, 190869, 2, 36, 290.75963095107113, 6.638060659405142, 26.216934127595366
503196, jboss-as, 237, 1314766441, 1314831579, 1085, 61, 5, 0, 1, 1, 45, 750, 275, 190579, 2353, 118, 289.58594598565423, 6.616678647699904, 26.22534487010636
503213, jboss-as, 222, 1314307939, 1314309462, 25, 59, 8, 0, 0, 0, 135, 826, 271, 177601, 36899, 267, 294.5141074656111, 6.790502305730261, 26.81854268838576
503218, jboss-as, 217, 1314248586, 1314250027, 24, 59, 1, 0, 0, 0, 2, 842, 274, 176828, 16, 2, 295.3208767842197, 6.797565996335423, 26.901848123600335
503224, jboss-as, 211, 1314149062, 1314210477, 1023, 60, 1, 0, 0, 0, 3, 841, 274, 176873, 73, 21, 294.78213181209117, 6.784529012342189, 26.87238866305202
503235, jboss-as, 207, 1314098600, 1314130766, 536, 62, 2, 0, 1, 1, 8, 827, 268, 176693, 94, 11, 297.50471156186154, 6.831057257503127, 26.984657003956016
503256, jboss-as, 187, 1313625049, 1314030252, 6753, 63, 1, 0, 0, 0, 30, 777, 243, 176608, 927, 54, 296.640016307302, 6.79470918644682, 26.725856133357492
503246, jboss-as, 196, 1313858544, 1313963607, 1751, 62, 1, 0, 4, 4, 2, 780, 241, 176354, 42, 4, 296.3187679326809, 6.776143438765211, 26.41845379180512
503250, jboss-as, 193, 1313708897, 1313714725, 97, 62, 2, 0, 0, 0, 22, 867, 265, 176352, 1118, 81, 292.71003447650156, 6.7592088550172384, 26.384730538922156
503252, jboss-as, 191, 1313684008, 1313695420, 190, 62, 1, 0, 1, 1, 1, 859, 261, 176221, 2, 3, 292.6495707095068, 6.7528841625004965, 26.404344544634295
503260, jboss-as, 184, 1313597065, 1313598074, 16, 61, 1, 0, 1, 1, 2, 867, 268, 176200, 6, 8, 292.13961407491485, 6.748013620885358, 26.401816118047673
503274, jboss-as, 180, 1313585773, 1313591897, 102, 61, 1, 0, 1, 1, 1, 866, 268, 176200, 11, 7, 292.13961407491485, 6.748013620885358, 26.401816118047673
503297, jboss-as, 166, 1313240929, 1313272780, 530, 61, 1, 0, 0, 0, 4, 823, 254, 175688, 116, 12, 290.8906698237785, 6.693684258458176, 25.989253676972815
503301, jboss-as, 163, 1313168386, 1313177267, 148, 61, 1, 0, 0, 0, 5, 830, 259, 175634, 125, 12, 290.9914936743455, 6.695742282246034, 25.997244269332814
503303, jboss-as, 162, 1313158789, 1313164963, 102, 61, 1, 0, 0, 0, 2, 826, 259, 175587, 15, 7, 291.0693844077295, 6.6975345555194865, 26.004203044644534
503309, jboss-as, 158, 1313085841, 1313102351, 275, 61, 2, 0, 0, 0, 7, 826, 262, 175182, 376, 9, 291.542510075236, 6.713018460800767, 25.995821488509094
503314, jboss-as, 153, 1313051581, 1313061350, 162, 61, 3, 0, 0, 0, 4, 814, 265, 175158, 60, 8, 291.58245698169657, 6.7139382728736345, 25.999383413832085
503372, jboss-as, 124, 1312460072, 1312460370, 4, 58, 1, 0, 1, 1, 25, 737, 286, 166988, 15676, 26, 295.2008527558867, 6.844803219393011, 26.8701942654562
503378, jboss-as, 119, 1312377401, 1312378894, 24, 58, 1, 0, 0, 0, 3, 695, 276, 166901, 6, 10, 289.6926920749426, 6.69858179399764, 26.722428265858202
503383, jboss-as, 115, 1312207357, 1312372571, 2753, 58, 0, 0, 7, 7, 0, 692, 276, 166901, 0, 0, 289.6926920749426, 6.69858179399764, 26.722428265858202
503391, jboss-as, 108, 1311790634, 1311795927, 88, 57, 1, 0, 2, 2, 14, 573, 277, 165611, 174, 27, 287.2635271811655, 6.714529831955607, 26.84000458906715
503446, jboss-as, 80, 1310542711, 1310563508, 346, 49, 1, 0, 0, 0, 1, 866, 638, 162251, 4, 3, 268.32500261939833, 6.582393945183696, 26.20014668630702
503487, jboss-as, 48, 1307134304, 1307452946, 5310, 45, 0, 0, 0, 0, 0, 745, 556, 142765, 0, 0, 203.98557069309706, 5.2603929534549785, 20.81742724057017
503491, jboss-as, 45, 1306424773, 1306904347, 7992, 41, 0, 0, 1, 1, 0, 610, 475, 140804, 0, 0, 198.32533166671402, 5.141899377858584, 20.76645549842334
503517, jboss-as, 24, 1302073968, 1306303090, 70485, 41, 0, 0, 0, 0, 0, 491, 402, 139803, 0, 0, 186.82002532134504, 4.964128094533021, 20.27138187306424
503505, jboss-as, 33, 1305698499, 1305708103, 160, 37, 3, 0, 0, 0, 5, 365, 335, 133983, 165, 13, 181.2543382369405, 4.739407238231716, 20.80114641409731
503506, jboss-as, 32, 1303798407, 1305190749, 23205, 35, 0, 0, 0, 0, 0, 374, 344, 129221, 0, 0, 179.3671307295254, 4.736072310228214, 20.863481941789647
503513, jboss-as, 27, 1302297707, 1304617937, 38670, 35, 1, 0, 0, 0, 3, 341, 310, 128201, 97, 13, 177.970530651087, 4.70355145435683, 20.94367438631524
503516, jboss-as, 25, 1302090297, 1303123424, 17218, 31, 9, 0, 0, 0, 49, 519, 444, 122401, 1174, 141, 168.20941005383943, 4.6486548312513785, 20.661595901994264
503508, jboss-as, 30, 1302713849, 1302723087, 153, 31, 1, 0, 0, 0, 1, 622, 498, 119595, 16, 2, 171.03557841046864, 4.766085538693089, 21.20489987039592
503518, jboss-as, 23, 1302007275, 1302025219, 299, 34, 2, 0, 0, 0, 8, 666, 560, 113020, 39, 85, 184.78145460980357, 5.229162980003539, 22.553530348610863
503520, jboss-as, 22, 1301989785, 1302004878, 251, 34, 1, 0, 0, 0, 1, 657, 553, 112575, 1, 4, 184.3926271374639, 5.249833444370419, 22.58050188763047
503523, jboss-as, 19, 1301619892, 1301620207, 5, 34, 1, 0, 0, 0, 2, 634, 532, 111859, 12, 3, 184.2229950205169, 5.220858402095495, 22.653519162517096
503529, jboss-as, 15, 1301319153, 1301321380, 37, 33, 1, 0, 0, 0, 1, 532, 439, 117898, 24, 5, 154.251980525539, 4.3597007582825835, 20.390507048465622
503530, jboss-as, 14, 1301049053, 1301061934, 214, 32, 1, 0, 1, 1, 1, 527, 434, 117308, 6, 16, 148.8219047294302, 4.296382173423807, 20.339618781327786
503537, jboss-as, 8, 1300431510, 1300769752, 5637, 31, 0, 0, 0, 0, 0, 478, 396, 114551, 0, 0, 146.07467416260005, 4.2688409529379925, 20.392663529781494
503541, jboss-as, 4, 1289228015, 1291152923, 32081, 18, 0, 0, 0, 0, 0, 88, 88, 68859, 0, 0, 168.67802320684297, 6.331779433334786, 10.978956999085087
503544, jboss-as, 1, 1284739307, 1285618252, 14649, 17, 0, 0, 0, 0, 0, 124, 124, 23043, 0, 0, 294.2325218070564, 8.505836913596319, 22.696697478626913
