pull_req_id,project_name,lang,github_id,created_at,merged_at,closed_at,lifetime_minutes,mergetime_minutes,merged_using,conflict,forward_links,team_size,num_commits,num_commit_comments,num_issue_comments,num_comments,num_participants,files_added,files_deleted,files_modified,files_changed,src_files,doc_files,other_files,perc_external_contribs,sloc,src_churn,test_churn,commits_on_files_touched,test_lines_per_kloc,test_cases_per_kloc,asserts_per_kloc,watchers,requester,prev_pullreqs,requester_succ_rate,followers,intra_branch,main_team_member
2428796,jboss-switchyard/core,java,587,1384191777,,1384192581,13,,unknown,false,false,5,1,0,0,0,0,4,0,2,6,9,11,0,37,29377,168,103,1,446.57385029104404,17.666882254825204,44.04806481260851,47,kcbabo,37,0.8378378378378378,14,false,true
2415309,jboss-switchyard/core,java,585,1383941805,1384213624,1384213624,4530,4530,commits_in_master,false,false,5,1,0,0,0,0,0,1,10,11,11,0,0,38,29377,619,6,12,446.57385029104404,17.666882254825204,44.04806481260851,47,errantepiphany,52,0.5769230769230769,6,false,true
2382854,jboss-switchyard/core,java,583,1383573687,1383588232,1383588232,242,242,commits_in_master,false,false,5,1,0,0,0,0,0,0,1,1,1,0,0,37,29373,6,0,0,446.6346644877949,17.66928812174446,44.05406325537058,47,douglaspalmer,0,0,0,false,true
2368010,jboss-switchyard/core,java,582,1383302157,1383572228,1383572228,4501,4501,commits_in_master,false,false,5,2,0,0,0,0,0,1,1,2,1,1,0,33,29137,0,388,3,452.6203795860933,17.812403473247073,44.4795277482239,47,igarashitm,33,0.24242424242424243,4,false,true
2364542,jboss-switchyard/core,java,581,1383244667,1383330410,1383330410,1429,1429,commits_in_master,false,false,5,2,0,0,0,0,9,0,109,118,97,20,5,32,29137,2366,236,17,452.6203795860933,17.812403473247073,44.4795277482239,47,errantepiphany,51,0.5882352941176471,6,false,true
2270716,jboss-switchyard/core,java,579,1381904029,1382614896,1382614896,11847,11847,merged_in_comments,false,false,6,2,0,2,2,2,1,0,3,4,4,0,0,23,28484,120,0,0,458.2572672377475,18.045218368206715,45.28858306417638,47,igarashitm,32,0.25,3,false,true
2259007,jboss-switchyard/core,java,578,1381747254,1382619456,1382619456,14536,14536,merged_in_comments,false,false,6,2,0,0,0,1,10,1,31,42,47,0,1,23,28484,3581,315,0,458.2572672377475,18.045218368206715,45.28858306417638,47,errantepiphany,50,0.6,6,false,true
2239470,jboss-switchyard/core,java,577,1381403191,1382353593,1382353593,15840,15840,commits_in_master,false,false,6,1,0,0,0,0,0,0,3,3,3,0,0,23,28484,14,48,1,458.2572672377475,18.045218368206715,45.28858306417638,47,kcbabo,36,0.8611111111111112,14,false,true
2186332,jboss-switchyard/core,java,576,1379464775,1380626142,1380626142,19356,19356,merged_in_comments,false,false,6,1,0,1,1,1,0,0,1,1,1,0,0,39,28467,2,0,0,457.79323427126144,18.020866266202972,45.10485825692907,47,rcernich,11,0.18181818181818182,3,false,true
2111714,jboss-switchyard/core,java,575,1379442868,1380205740,1380205740,12714,12714,merged_in_comments,false,false,6,1,0,0,0,1,0,0,1,1,1,0,0,41,28467,18,0,0,457.79323427126144,18.020866266202972,45.10485825692907,47,cunningt,21,0.09523809523809523,2,false,true
2100824,jboss-switchyard/core,java,573,1379009235,1380193629,1380193629,19739,19739,merged_in_comments,false,false,6,1,0,0,0,1,1,0,2,3,1,2,0,42,28467,0,12,0,457.79323427126144,18.020866266202972,45.10485825692907,47,cunningt,19,0.10526315789473684,2,false,true
2100592,jboss-switchyard/core,java,572,1379006856,,1379007934,17,,unknown,false,false,6,1,0,1,1,1,1,0,2,3,1,2,0,42,28467,0,12,0,457.79323427126144,18.020866266202972,45.10485825692907,47,cunningt,18,0.1111111111111111,2,false,true
2086733,jboss-switchyard/core,java,571,1378829120,1378831058,1378831059,32,32,github,false,false,6,1,0,0,0,0,1,0,2,3,3,0,0,41,28459,13,95,9,455.81362662075264,17.99079377349872,45.04726097192452,47,kcbabo,35,0.8571428571428571,14,false,true
2065889,jboss-switchyard/core,java,570,1378486558,1380558851,1380558851,34538,34538,merged_in_comments,false,false,6,2,0,4,4,2,0,0,3,3,2,1,0,37,28448,68,30,0,453.07227221597304,17.892294713160858,44.43194600674916,47,rcernich,10,0.2,3,false,true
2034555,jboss-switchyard/core,java,569,1378220607,1378768138,1378768138,9125,9125,commits_in_master,false,false,6,1,0,0,0,0,1,0,6,7,6,1,0,36,28448,206,34,14,453.07227221597304,17.892294713160858,44.43194600674916,47,errantepiphany,49,0.6122448979591837,6,false,true
2029382,jboss-switchyard/core,java,568,1378123376,1378768385,1378768385,10750,10750,merged_in_comments,false,false,7,1,0,0,0,1,1,0,2,3,3,0,0,36,28442,20,62,0,453.09753181914067,17.896069193446312,44.441319175866674,47,kcbabo,34,0.8823529411764706,14,false,true
2029251,jboss-switchyard/core,java,567,1378120037,1378180908,1378180908,1014,1014,commits_in_master,false,false,7,1,0,5,5,2,0,0,5,5,4,1,0,37,28442,35,6,12,453.09753181914067,17.896069193446312,44.441319175866674,47,kcbabo,33,0.9090909090909091,14,false,true
1966027,jboss-switchyard/core,java,566,1377110679,1377120766,1377120766,168,168,commits_in_master,false,false,8,1,0,0,0,0,0,0,4,4,4,0,0,38,27497,28,0,5,467.2873404371386,18.511110302942136,45.96865112557733,47,errantepiphany,48,0.625,6,false,true
1933983,jboss-switchyard/core,java,565,1376531089,1377023849,1377023849,8212,8212,merged_in_comments,false,false,9,1,0,0,0,1,3,0,9,12,12,0,0,33,27327,317,8,0,468.51099645039704,18.47989168221905,45.63252460936071,47,errantepiphany,47,0.6382978723404256,6,false,true
1931232,jboss-switchyard/core,java,564,1376492075,1377547222,1377547222,17585,17585,merged_in_comments,false,false,9,1,0,1,1,1,37,0,109,146,144,2,0,32,27327,3668,124,0,468.51099645039704,18.47989168221905,45.63252460936071,47,cunningt,17,0.11764705882352941,2,false,true
1959313,jboss-switchyard/core,java,563,1376340570,1377021058,1377021058,11341,11341,merged_in_comments,false,false,9,1,0,2,2,1,0,0,2,2,2,0,0,34,27327,3,6,0,468.51099645039704,18.47989168221905,45.63252460936071,47,rcernich,9,0.2222222222222222,3,false,true
1891127,jboss-switchyard/core,java,562,1375697037,1377020209,1377020209,22052,22052,merged_in_comments,false,false,10,1,0,0,0,1,0,0,2,2,2,0,0,34,27327,9,19,0,468.51099645039704,18.47989168221905,45.63252460936071,47,igarashitm,31,0.25806451612903225,3,false,true
1882570,jboss-switchyard/core,java,561,1375454624,1377019505,1377019505,26081,26081,merged_in_comments,false,false,9,1,0,0,0,1,0,0,2,2,2,0,0,35,27327,8,19,0,468.51099645039704,18.47989168221905,45.63252460936071,46,cunningt,16,0.125,1,false,true
1874214,jboss-switchyard/core,java,560,1375322504,,1375360433,632,,unknown,false,false,9,1,0,0,0,0,0,0,1,1,1,0,0,37,27309,47,0,0,467.5015562635029,18.345600351532465,45.58936614302977,46,errantepiphany,46,0.6521739130434783,6,false,true
1861626,jboss-switchyard/core,java,559,1375128093,1375354616,1375354616,3775,3775,merged_in_comments,false,false,9,1,0,0,0,1,0,0,2,2,2,0,0,37,27309,22,43,0,467.5015562635029,18.345600351532465,45.58936614302977,46,knrc,0,0,1,false,true
1843012,jboss-switchyard/core,java,558,1374854489,1376991977,1376991977,35624,35624,merged_in_comments,false,false,8,1,0,2,2,1,0,0,1,1,1,0,0,36,27309,3,0,0,467.5015562635029,18.345600351532465,45.58936614302977,46,rcernich,8,0.25,3,false,true
1801739,jboss-switchyard/core,java,557,1374407577,1377091703,1377091703,44735,44735,commits_in_master,false,false,8,2,0,3,3,2,5,0,2,7,2,5,0,40,27309,104,67,3,467.5015562635029,18.345600351532465,45.58936614302977,46,mageshbk,9,0.3333333333333333,6,false,true
1762718,jboss-switchyard/core,java,556,1373374745,1373379203,1373379203,74,74,merged_in_comments,false,false,9,1,0,1,1,2,0,0,2,2,2,0,0,41,27308,3,3,0,467.4088179288121,18.346272154679948,45.59103559396514,46,rcernich,7,0.2857142857142857,3,false,true
1714199,jboss-switchyard/core,java,555,1373242866,1373251074,1373251074,136,136,github,false,false,9,1,0,1,1,1,1,0,7,8,7,1,0,43,27286,55,106,21,465.3302059664297,18.32441545114711,45.59114564245401,46,kcbabo,32,0.90625,13,false,true
1701105,jboss-switchyard/core,java,554,1373030608,1373053216,1373053216,376,376,merged_in_comments,false,false,9,1,0,0,0,1,0,0,854,854,721,125,8,42,27294,6909,871,0,465.19381549058403,18.319044478639995,45.57778266285631,46,cunningt,15,0.13333333333333333,1,false,true
1700733,jboss-switchyard/core,java,553,1373027030,,1373027161,2,,unknown,false,false,9,1,0,0,0,0,0,0,840,840,709,123,8,43,27294,6902,871,0,465.19381549058403,18.319044478639995,45.57778266285631,92,cunningt,14,0.14285714285714285,2,false,true
1700706,jboss-switchyard/core,java,552,1373026860,,1373026892,0,,unknown,false,false,9,1,0,0,0,0,0,0,840,840,709,123,8,43,27294,6902,871,0,465.19381549058403,18.319044478639995,45.57778266285631,46,cunningt,13,0.15384615384615385,1,false,true
1698070,jboss-switchyard/core,java,551,1372982853,1372989056,1372989056,103,103,github,false,false,9,1,0,1,1,1,6,6,88,100,99,12,0,43,27377,1339,730,102,454.542133908025,18.044343792234358,44.8551703985097,46,kcbabo,31,0.9032258064516129,13,false,true
1693159,jboss-switchyard/core,java,550,1372907636,1373020010,1373020010,1872,1872,merged_in_comments,false,false,9,1,0,1,1,1,0,0,1,1,1,0,0,44,27377,0,79,0,454.542133908025,18.044343792234358,44.8551703985097,46,errantepiphany,45,0.6666666666666666,6,false,true
1681780,jboss-switchyard/core,java,548,1372791585,1372850568,1372850568,983,983,merged_in_comments,false,false,9,1,0,0,0,1,0,0,2,2,2,0,0,43,27360,55,0,0,454.8245614035088,18.055555555555554,44.88304093567252,46,errantepiphany,44,0.6818181818181818,6,false,true
1680117,jboss-switchyard/core,java,547,1372772799,1372778576,1372778576,96,96,github,false,false,9,1,0,0,0,0,0,0,1,1,1,0,0,44,27329,0,26,0,453.4743312964251,17.929671777232976,44.64122360862088,46,kcbabo,30,0.9,13,false,true
1676253,jboss-switchyard/core,java,546,1372701415,1372702169,1372702169,12,12,github,false,false,9,1,0,0,0,0,1,0,15,16,17,0,0,43,26939,126,110,11,453.4318274620439,17.929396042911765,44.65644604476781,46,kcbabo,29,0.896551724137931,13,false,true
1673245,jboss-switchyard/core,java,545,1372645404,,1373025782,6339,,unknown,false,false,9,1,0,0,0,0,0,0,840,840,709,123,8,43,26939,6902,871,0,453.4318274620439,17.929396042911765,44.65644604476781,46,cunningt,12,0.16666666666666666,1,false,true
1668101,jboss-switchyard/core,java,544,1372458428,1372790939,1372790939,5541,5541,github,false,false,9,2,0,0,0,0,2,0,3,5,5,0,0,42,26939,202,120,7,453.4318274620439,17.929396042911765,44.65644604476781,46,kcbabo,28,0.8928571428571429,13,false,true
1667645,jboss-switchyard/core,java,543,1372449418,1372719156,1372719156,4495,4495,merged_in_comments,false,false,9,1,0,0,0,1,14,0,28,42,40,2,0,42,26939,1333,282,0,453.4318274620439,17.929396042911765,44.65644604476781,46,rcernich,6,0.3333333333333333,3,false,true
1658203,jboss-switchyard/core,java,542,1372343252,1372356359,1372356359,218,218,github,false,false,9,1,0,0,0,0,0,0,8,8,8,0,0,40,26915,43,31,20,452.9816087683448,17.908229611740666,44.659112019320084,46,kcbabo,27,0.8888888888888888,13,false,true
1624530,jboss-switchyard/core,java,540,1371734862,1372238364,1372238364,8391,8391,merged_in_comments,false,false,10,1,0,1,1,1,2,0,2,4,2,2,0,39,26443,23,42,0,459.36542752335214,18.15225201376546,45.26717845932761,46,cunningt,11,0.18181818181818182,1,false,true
1621602,jboss-switchyard/core,java,539,1371683455,1371818242,1371818242,2246,2246,github,false,false,10,2,0,0,0,0,2,0,29,31,30,1,0,38,26443,1745,30,22,459.36542752335214,18.15225201376546,45.26717845932761,46,rcernich,5,0.2,3,false,true
1620370,jboss-switchyard/core,java,538,1371665430,1371667514,1371667514,34,34,github,false,false,10,2,0,1,1,1,4,0,5,9,8,0,0,38,26327,291,307,2,454.0965548676264,17.96634633646067,44.93485775059825,46,kcbabo,26,0.8846153846153846,13,false,true
1618832,jboss-switchyard/core,java,537,1371648240,,1371665091,280,,unknown,false,false,10,1,0,0,0,1,3,0,4,7,7,0,0,36,26327,149,169,0,454.0965548676264,17.96634633646067,44.93485775059825,46,akarpe,5,0.2,0,false,false
1609658,jboss-switchyard/core,java,536,1371509393,1371510199,1371510199,13,13,github,false,false,10,1,0,0,0,0,0,0,24,24,40,0,0,35,26315,91,26,3,454.1516245487365,17.974539236177087,44.95534866045981,92,kcbabo,25,0.88,26,false,true
1575674,jboss-switchyard/core,java,535,1370870109,1370872586,1370872586,41,41,github,false,false,10,1,0,0,0,0,0,0,7,7,7,0,0,39,26285,109,25,4,453.75689556781435,17.957009701350582,44.93056876545558,46,kcbabo,24,0.875,13,false,true
1549492,jboss-switchyard/core,java,534,1370365438,1370378759,1370378759,222,222,merged_in_comments,false,false,10,1,0,0,0,1,1,0,5,6,6,0,0,43,26240,82,60,0,452.7820121951219,17.987804878048777,44.855182926829265,46,errantepiphany,43,0.6976744186046512,6,false,true
1549308,jboss-switchyard/core,java,533,1370363311,1370371414,1370371414,135,135,merged_in_comments,false,false,10,1,0,0,0,1,0,0,4,4,4,0,0,44,26227,53,0,0,453.00644374118275,17.996720936439548,44.87741640294353,46,errantepiphany,42,0.7142857142857143,6,false,true
1544639,jboss-switchyard/core,java,532,1370307620,1370364246,1370364246,943,943,merged_in_comments,false,false,10,1,0,0,0,1,0,0,1,1,1,0,0,45,26230,31,0,0,452.9546321006481,17.994662600076246,44.87228364468166,46,mageshbk,8,0.375,6,false,true
1548533,jboss-switchyard/core,java,531,1370268749,1370354306,1370354306,1425,1425,github,false,false,10,1,0,1,1,1,0,0,1,1,1,0,0,45,26230,55,0,0,452.9546321006481,17.994662600076246,44.87228364468166,46,igarashitm,30,0.23333333333333334,3,false,true
1731569,jboss-switchyard/core,java,530,1370267485,,1370267829,5,,unknown,false,false,10,1,0,0,0,1,0,0,1,1,1,0,0,45,26230,49,0,0,452.9546321006481,17.994662600076246,44.87228364468166,46,igarashitm,29,0.2413793103448276,3,false,true
1542043,jboss-switchyard/core,java,529,1369946217,1370262078,1370262078,5264,5264,merged_in_comments,false,false,10,1,0,0,0,1,0,0,1,1,1,0,0,45,26223,8,0,0,452.9611409831064,17.99946611753041,44.884261907485794,46,rcernich,4,0.25,3,false,true
1537541,jboss-switchyard/core,java,528,1369876956,1370255576,1370255576,6310,6310,merged_in_comments,false,false,9,1,0,0,0,1,0,0,2,2,2,0,0,46,26223,0,13,0,452.9611409831064,17.99946611753041,44.884261907485794,46,tadayosi,0,0,3,false,false
1529389,jboss-switchyard/core,java,527,1369753950,,1371578650,30411,,unknown,false,false,9,1,0,0,0,0,2,0,4,6,6,0,0,46,26223,81,170,0,452.9611409831064,17.99946611753041,44.884261907485794,46,akarpe,4,0.25,0,false,false
1521751,jboss-switchyard/core,java,526,1369626324,1369740624,1369740624,1905,1905,github,false,false,8,1,0,0,0,0,0,0,8,8,8,0,0,48,26210,76,33,2,453.0331934376192,18.00839374284624,44.79206409767265,46,igarashitm,28,0.21428571428571427,3,false,true
1505464,jboss-switchyard/core,java,525,1369140062,1369141434,1369141434,22,22,merged_in_comments,false,false,8,1,0,1,1,1,2,0,4,6,6,0,0,43,26177,83,319,0,447.3392672957176,17.878290101997937,44.35191198380257,46,akarpe,3,0.3333333333333333,0,false,false
1503897,jboss-switchyard/core,java,524,1369078867,1369139216,1369139216,1005,1005,merged_in_comments,false,false,8,1,0,1,1,1,0,0,14,14,14,0,0,43,26138,281,62,0,445.7112250363455,17.75193205294973,44.18853776111409,46,errantepiphany,41,0.7317073170731707,6,false,true
1502817,jboss-switchyard/core,java,523,1369064484,,1369139593,1251,,unknown,false,false,8,1,0,1,1,1,2,0,2,4,2,2,0,42,26138,24,42,0,445.7112250363455,17.75193205294973,44.18853776111409,46,cunningt,10,0.2,0,false,true
1500508,jboss-switchyard/core,java,522,1369030600,1369568611,1369568611,8966,8966,github,false,false,8,2,0,0,0,0,0,0,1,1,1,0,0,43,26138,50,0,1,445.7112250363455,17.75193205294973,44.18853776111409,46,mageshbk,7,0.2857142857142857,6,false,true
1487424,jboss-switchyard/core,java,520,1368713556,,1368793199,1327,,unknown,false,false,8,1,0,2,2,2,2,0,4,6,6,0,0,44,25951,73,316,0,448.1137528418944,17.87985048745713,44.19868213170976,46,akarpe,2,0.5,0,false,false
1483320,jboss-switchyard/core,java,519,1368644536,,1369064224,6994,,unknown,false,false,8,1,0,1,1,1,2,0,2,4,2,2,0,43,25951,24,42,0,448.1137528418944,17.87985048745713,44.19868213170976,46,cunningt,9,0.2222222222222222,0,false,true
1476390,jboss-switchyard/core,java,518,1368537564,1368573013,1368573013,590,590,merged_in_comments,false,false,8,1,0,2,2,1,0,0,7,7,7,0,0,45,25923,55,250,0,442.34849361570804,17.822011341279943,43.32060332523242,46,errantepiphany,40,0.75,6,false,true
1473629,jboss-switchyard/core,java,517,1368488126,1368572334,1368572334,1403,1403,github,false,false,8,1,0,2,2,1,1,0,2,3,3,0,0,47,25923,196,0,2,442.34849361570804,17.822011341279943,43.32060332523242,46,akarpe,1,0.0,0,false,false
1471956,jboss-switchyard/core,java,516,1368463822,1368748997,1368748997,4752,4752,github,false,false,8,2,0,4,4,2,2,0,39,41,40,4,1,45,25923,1932,98,10,442.34849361570804,17.822011341279943,43.32060332523242,46,errantepiphany,39,0.7435897435897436,6,false,true
1465519,jboss-switchyard/core,java,515,1368301228,,1368570597,4489,,unknown,false,false,8,1,0,0,0,1,0,0,1,1,1,0,0,44,25923,7,0,0,442.34849361570804,17.822011341279943,43.32060332523242,46,akarpe,0,0,0,false,false
1453229,jboss-switchyard/core,java,514,1368054533,1368615226,1368615226,9344,9344,merged_in_comments,false,false,8,2,0,6,6,2,0,0,4,4,4,0,0,45,25887,45,0,0,442.4614671456716,17.769536833159503,43.26495924595357,46,igarashitm,27,0.2222222222222222,3,false,true
1451692,jboss-switchyard/core,java,513,1368032076,1368202536,1368202536,2841,2841,merged_in_comments,false,false,8,2,0,1,1,1,2,0,2,4,5,0,0,45,25864,165,0,0,442.8162697185277,17.785338694710795,43.30343334364367,46,splatch,26,0.34615384615384615,14,false,true
1431707,jboss-switchyard/core,java,512,1367601168,,1367994303,6552,,unknown,false,false,8,1,0,0,0,1,36,0,12,48,38,9,1,51,25814,1970,489,0,443.67397536220653,17.819787712094215,43.38730921205548,46,TrueMoe,0,0,0,false,false
1425211,jboss-switchyard/core,java,511,1367504126,,1376490847,149778,,unknown,false,false,8,1,0,0,0,0,37,0,94,131,129,2,0,51,25814,2966,110,0,443.67397536220653,17.819787712094215,43.38730921205548,46,cunningt,8,0.25,0,false,true
1424442,jboss-switchyard/core,java,510,1367495643,1367922981,1367922981,7122,7122,merged_in_comments,false,false,8,1,0,0,0,1,3,0,1,4,4,0,0,51,25814,188,0,0,443.67397536220653,17.819787712094215,43.38730921205548,46,cunningt,7,0.2857142857142857,0,false,true
1415927,jboss-switchyard/core,java,509,1367348077,1367368695,1367368695,343,343,merged_in_comments,false,false,8,1,0,0,0,1,2,0,1,3,3,0,0,55,25793,0,290,0,438.6849145116892,17.7955259178847,43.19001279416896,46,errantepiphany,38,0.7631578947368421,6,false,true
1414498,jboss-switchyard/core,java,508,1367330592,1367348581,1367348581,299,299,merged_in_comments,false,false,8,2,0,3,3,2,2,0,5,7,7,0,0,56,25691,586,10,0,440.4266085399556,17.866178817484723,43.36148845899342,46,splatch,25,0.36,14,false,true
1400433,jboss-switchyard/core,java,507,1367080539,1367330468,1367330468,4165,4165,github,false,false,8,1,0,0,0,0,0,0,9,9,9,0,0,55,25663,91,0,9,440.90714257880995,17.8856719791139,43.408798659548765,46,errantepiphany,37,0.7567567567567568,6,false,true
1415007,jboss-switchyard/core,java,506,1367030296,1367336324,1367336324,5100,5100,merged_in_comments,false,false,8,1,0,0,0,1,0,0,1,1,1,0,0,55,25663,152,0,0,440.90714257880995,17.8856719791139,43.408798659548765,46,mageshbk,6,0.3333333333333333,6,false,true
1452219,jboss-switchyard/core,java,505,1366808742,1368038666,1368038666,20498,20498,github,false,false,7,1,0,4,4,2,0,0,3,3,3,0,0,57,25663,28,1,3,440.90714257880995,17.8856719791139,43.408798659548765,46,splatch,24,0.3333333333333333,14,false,true
1417021,jboss-switchyard/core,java,504,1366777684,,1367364820,9785,,unknown,false,false,7,1,0,0,0,1,0,0,2,2,2,0,0,58,25663,16,0,0,440.90714257880995,17.8856719791139,43.408798659548765,46,igarashitm,26,0.23076923076923078,3,false,true
1414984,jboss-switchyard/core,java,503,1366763482,,1367336118,9543,,unknown,false,false,7,1,0,3,3,2,0,0,2,2,2,0,0,58,24144,16,0,0,453.52882703777334,18.555334658714383,45.06295559973492,46,igarashitm,25,0.24,3,false,true
1414972,jboss-switchyard/core,java,502,1366742730,,1367336033,9888,,unknown,false,false,7,1,0,2,2,2,3,0,1,4,4,0,0,58,25663,188,0,0,440.90714257880995,17.8856719791139,43.408798659548765,46,cunningt,6,0.3333333333333333,0,false,true
1737482,jboss-switchyard/core,java,501,1366740173,1366742352,1366742352,36,36,github,false,false,7,1,0,1,1,1,21,0,10,31,31,0,0,59,24942,1719,265,0,446.15507978510146,18.0418571084917,43.9018522973298,46,kcbabo,23,0.8695652173913043,13,false,true
1415067,jboss-switchyard/core,java,500,1366718665,1367337066,1367337066,10306,10306,github,false,false,7,1,0,2,2,2,0,0,1,1,1,0,0,59,24144,32,0,2,453.52882703777334,18.555334658714383,45.06295559973492,46,splatch,23,0.30434782608695654,14,false,true
1396613,jboss-switchyard/core,java,499,1366573106,,1367503970,15514,,unknown,false,false,7,1,0,0,0,0,37,0,94,131,129,2,0,59,24942,2920,110,0,446.15507978510146,18.0418571084917,43.9018522973298,46,cunningt,5,0.4,0,false,true
1372273,jboss-switchyard/core,java,498,1366030487,1366205849,1366205849,2922,2922,github,false,false,6,2,0,1,1,1,9,2,49,60,56,6,0,61,24184,1958,419,45,460.46973205425076,18.814091961627522,45.525967581872315,46,splatch,22,0.2727272727272727,14,false,true
1358484,jboss-switchyard/core,java,497,1365677719,1366043263,1366043263,6092,6092,github,false,false,6,1,0,4,4,2,1,0,8,9,4,5,0,63,24184,41,21,10,460.46973205425076,18.814091961627522,45.525967581872315,46,mageshbk,5,0.2,6,false,true
1358467,jboss-switchyard/core,java,496,1365677440,,1366740280,17714,,unknown,false,false,6,1,0,0,0,1,1,0,3,4,4,0,0,63,24184,103,87,0,460.46973205425076,18.814091961627522,45.525967581872315,46,objectiser,3,0.6666666666666666,7,false,false
1347439,jboss-switchyard/core,java,495,1365443338,1365458652,1365458652,255,255,github,false,false,6,1,0,0,0,0,0,0,1,1,1,0,0,64,24155,2,0,0,453.405092113434,18.54688470296005,45.12523287104119,46,cunningt,4,0.25,0,false,true
1338772,jboss-switchyard/core,java,494,1365188459,1365461355,1365461355,4548,4548,merged_in_comments,false,false,6,1,0,1,1,1,0,0,7,7,6,1,0,62,24155,39,255,0,453.405092113434,18.54688470296005,45.12523287104119,46,errantepiphany,36,0.7777777777777778,6,false,true
1639148,jboss-switchyard/core,java,493,1364221950,1364327420,1364327421,1757,1757,github,false,false,6,1,0,1,1,1,0,0,3,3,3,0,0,62,24144,68,6,0,453.52882703777334,18.555334658714383,45.06295559973492,46,objectiser,2,0.5,7,false,false
1289802,jboss-switchyard/core,java,491,1363958454,,1364217824,4322,,unknown,false,false,5,1,0,0,0,1,0,0,8,8,8,0,0,67,24144,100,18,0,453.52882703777334,18.555334658714383,45.06295559973492,46,objectiser,1,1.0,7,false,false
1281545,jboss-switchyard/core,java,490,1363797790,1363808861,1363808861,184,184,github,false,false,5,1,0,0,0,0,1,0,5,6,7,0,1,70,24070,223,5,4,454.92314083921895,18.612380556709596,45.201495637723305,46,errantepiphany,35,0.7714285714285715,6,false,true
1244894,jboss-switchyard/core,java,489,1363037874,1363041239,1363041239,56,56,github,false,false,5,1,0,1,1,1,0,0,5,5,5,0,0,65,24111,54,145,3,452.15876570859774,18.58073078677782,45.12463191074613,46,kcbabo,22,0.8636363636363636,12,false,true
1243371,jboss-switchyard/core,java,488,1363016686,1363037775,1363037775,351,351,commits_in_master,false,false,5,1,0,0,0,0,0,0,5,5,5,0,0,65,24111,54,145,3,452.15876570859774,18.58073078677782,45.12463191074613,46,kcbabo,21,0.9047619047619048,12,false,true
1235575,jboss-switchyard/core,java,487,1362795375,1363012220,1363012220,3614,3614,github,false,false,5,2,0,4,4,2,2,1,12,15,14,0,0,64,24057,548,62,15,453.09057654736665,18.622438375524798,45.225921769131645,46,errantepiphany,34,0.7647058823529411,6,false,true
1726635,jboss-switchyard/core,java,486,1362607603,1362613277,1362613277,94,94,github,false,false,5,1,0,0,0,0,0,0,5,5,1,4,0,64,24057,0,14,3,452.8827368333541,18.622438375524798,45.225921769131645,46,igarashitm,24,0.20833333333333334,3,false,true
1206821,jboss-switchyard/core,java,485,1362071309,1362352662,1362352662,4689,4689,github,false,false,5,1,0,1,1,1,2,0,13,15,15,0,0,65,23482,230,111,5,452.9426794991909,18.52482752746785,45.43905970530619,46,errantepiphany,33,0.7575757575757576,6,false,true
1201827,jboss-switchyard/core,java,484,1361980523,1362492880,1362492880,8539,8539,merged_in_comments,false,false,5,2,0,3,3,2,18,0,34,52,35,16,1,64,23482,2187,741,0,452.9426794991909,18.52482752746785,45.43905970530619,46,igarashitm,23,0.21739130434782608,3,false,true
1179461,jboss-switchyard/core,java,483,1361460210,1362488747,1362488747,17142,17142,merged_in_comments,false,false,5,1,0,1,1,1,0,0,5,5,5,0,0,64,23482,41,24,0,452.9426794991909,18.52482752746785,45.43905970530619,46,splatch,21,0.2857142857142857,14,false,true
1175537,jboss-switchyard/core,java,482,1361378870,1361382580,1361382580,61,61,merged_in_comments,false,false,4,1,0,3,3,2,0,0,3,3,0,3,0,67,23482,0,0,0,452.9426794991909,18.52482752746785,45.43905970530619,46,errantepiphany,32,0.78125,6,false,true
1165636,jboss-switchyard/core,java,481,1361189482,1362488341,1362488341,21647,21647,github,false,false,3,2,0,1,1,1,0,0,1,1,0,1,0,70,23262,0,0,0,449.2305046857536,18.399105837847134,44.53615338320007,46,mageshbk,4,0.0,6,false,true
1163321,jboss-switchyard/core,java,480,1361118469,1361208772,1361208773,1505,1505,github,false,false,3,1,0,0,0,0,6,0,23,29,26,3,0,70,23262,446,196,16,449.2305046857536,18.399105837847134,44.53615338320007,46,kcbabo,20,0.9,12,false,true
1152030,jboss-switchyard/core,java,479,1360809300,1361443937,1361443937,10577,10577,merged_in_comments,false,false,3,2,0,6,6,3,3,0,15,18,15,3,0,74,23262,483,105,0,449.2305046857536,18.399105837847134,44.53615338320007,46,igarashitm,22,0.22727272727272727,3,false,true
1044729,jboss-switchyard/core,java,478,1360601567,1360604863,1360604863,54,54,github,false,false,3,1,0,1,1,1,0,0,10,10,8,2,0,69,23148,213,18,4,450.79488508726456,18.446518057715572,44.453084499740804,46,igarashitm,21,0.19047619047619047,3,false,true
1044716,jboss-switchyard/core,java,477,1360345828,1360349252,1360349253,57,57,github,false,false,3,1,0,1,1,1,0,0,4,4,3,0,1,67,23144,20,49,4,449.1012789491877,18.406498444521258,44.46076736951262,46,rcernich,3,0.0,3,false,true
1044718,jboss-switchyard/core,java,476,1360134240,1360332521,1360332521,3304,3304,merged_in_comments,false,false,4,1,0,1,1,1,2,0,2,4,2,2,0,64,23077,51,69,0,445.59518134939555,18.113272955756813,44.11318628937903,46,jpechane,1,0.0,0,false,false
977048,jboss-switchyard/core,java,475,1360129936,1360174296,1360174296,739,739,github,false,false,4,1,0,1,1,1,4,0,7,11,12,0,0,64,23077,207,143,11,445.59518134939555,18.113272955756813,44.11318628937903,46,errantepiphany,31,0.7741935483870968,6,false,true
961174,jboss-switchyard/core,java,474,1360095413,1360177212,1360177212,1363,1363,github,false,false,4,2,0,4,4,3,0,0,1,1,1,0,0,63,23077,10,0,0,445.59518134939555,18.113272955756813,44.11318628937903,46,kcbabo,19,0.8947368421052632,12,false,true
948676,jboss-switchyard/core,java,473,1359743184,1360030711,1360030711,4792,4792,github,false,false,4,1,0,1,1,1,1,0,0,1,1,0,0,63,23054,50,0,0,446.0397328012493,18.131343801509498,44.15719614817385,46,splatch,20,0.25,13,false,true
944613,jboss-switchyard/core,java,472,1359650125,1359660297,1359660297,169,169,github,false,false,4,1,0,0,0,0,0,0,10,10,7,3,0,61,23040,34,12,15,446.2239583333333,18.142361111111114,44.140625,46,errantepiphany,30,0.7666666666666667,6,false,true
938862,jboss-switchyard/core,java,471,1359538509,1359565416,1359565416,448,448,merged_in_comments,false,false,4,1,0,0,0,1,1,0,3,4,4,0,0,59,23041,6,58,0,445.1195694631309,18.09817282236014,44.09530836335229,46,jpechane,0,0,0,false,false
937192,jboss-switchyard/core,java,470,1359404460,1359495533,1359495533,1517,1517,github,false,false,4,1,0,4,4,2,5,0,7,12,11,1,0,59,22984,460,62,0,444.52662721893495,18.056038983640793,43.94361294813783,46,splatch,19,0.21052631578947367,13,false,true
926593,jboss-switchyard/core,java,469,1359059861,1359148044,1359148045,1469,1469,github,false,false,4,1,0,1,1,1,0,1,19,20,17,3,0,61,22825,354,15,19,447.18510405257393,18.18181818181818,44.07447973713034,46,errantepiphany,29,0.7586206896551724,6,false,true
838085,jboss-switchyard/core,java,468,1358974847,1359036907,1359036907,1034,1034,github,false,false,4,1,0,1,1,1,4,0,15,19,16,3,0,60,22668,366,55,6,448.78242456326103,18.17540144697371,43.98270689959414,46,errantepiphany,28,0.75,6,false,true
918879,jboss-switchyard/core,java,467,1358269034,1358282175,1358282175,219,219,github,false,false,6,1,0,0,0,0,0,0,1,1,1,0,0,51,22668,0,65,2,447.7677783659785,18.17540144697371,43.98270689959414,46,splatch,18,0.16666666666666666,13,false,true
910842,jboss-switchyard/core,java,466,1357932608,1358177984,1358177984,4089,4089,github,false,false,6,1,0,1,1,1,1,0,10,11,11,0,0,48,22437,125,0,9,444.75642911262645,18.050541516245488,43.36586887730088,46,errantepiphany,27,0.7407407407407407,6,false,true
795062,jboss-switchyard/core,java,465,1357886792,1358198048,1358198048,5187,5187,github,false,false,6,2,0,1,1,1,4,0,9,13,10,3,0,46,22437,530,419,18,444.75642911262645,18.050541516245488,43.36586887730088,46,errantepiphany,26,0.7307692307692307,6,false,true
794011,jboss-switchyard/core,java,464,1357855870,1358211392,1358211392,5925,5925,merged_in_comments,false,false,6,2,0,3,3,2,0,0,6,6,6,0,0,45,22437,117,0,0,444.75642911262645,18.050541516245488,43.36586887730088,46,igarashitm,20,0.2,3,false,true
784696,jboss-switchyard/core,java,463,1357676263,1357743155,1357743155,1114,1114,github,false,false,6,1,0,1,1,1,0,0,2,2,2,0,0,48,22419,36,0,0,445.1135197823275,18.065034122842235,43.400686917346896,46,splatch,17,0.11764705882352941,13,false,true
769670,jboss-switchyard/core,java,462,1356728984,1356798586,1356798586,1160,1160,github,false,false,7,1,0,1,1,1,1,0,2,3,2,1,0,46,22422,27,24,4,444.2511818749443,18.01801801801802,43.26108286504326,45,kcbabo,18,0.8888888888888888,12,false,true
761267,jboss-switchyard/core,java,461,1356021284,1356094776,1356094776,1224,1224,merged_in_comments,false,false,7,1,0,5,5,2,2,0,1,3,2,1,0,47,22407,47,35,0,443.7898870888561,17.985450975141696,43.245414379435,45,igarashitm,19,0.21052631578947367,3,false,true
897353,jboss-switchyard/core,java,460,1355940668,1356011774,1356011774,1185,1185,github,false,false,7,1,0,3,3,1,8,0,0,8,8,0,0,48,22302,284,179,0,441.8437808268317,17.801094072280513,43.045466774280335,45,kcbabo,17,0.8823529411764706,12,false,true
759927,jboss-switchyard/core,java,459,1355825694,1355835526,1355835526,163,163,github,false,false,7,1,0,1,1,1,2,0,9,11,14,1,0,46,22238,249,2,2,443.11538807446715,17.852324849356954,43.16934976166922,45,errantepiphany,25,0.72,6,false,true
757611,jboss-switchyard/core,java,458,1355758708,1355939541,1355939541,3013,3013,merged_in_comments,false,false,7,1,0,1,1,1,0,0,2,2,2,0,0,46,22238,27,0,0,443.11538807446715,17.852324849356954,43.16934976166922,45,kcbabo,16,0.9375,12,false,true
748354,jboss-switchyard/core,java,457,1355414129,1355449516,1355449516,589,589,github,false,false,7,1,0,0,0,0,5,0,10,15,10,4,1,48,22205,62,197,11,440.93672596262104,17.788786309389778,42.78315694663364,45,splatch,16,0.0625,13,false,true
603614,jboss-switchyard/core,java,456,1354269373,1354288237,1354288237,314,314,github,false,false,7,1,0,1,1,1,0,0,1,1,1,0,0,43,22203,4,0,1,440.9764446246003,17.790388686213575,42.78701076431113,45,objectiser,0,0,6,false,false
1044720,jboss-switchyard/core,java,454,1353424443,,1370262799,280699,,unknown,false,false,7,1,0,0,0,0,0,0,3,3,3,0,0,42,22203,30,35,0,542.6293744088637,18.150700355807775,43.77786785569518,45,splatch,15,0.06666666666666667,13,false,true
850473,jboss-switchyard/core,java,437,1350483272,1350490935,1350490935,127,127,github,false,false,6,1,0,0,0,0,30,19,8,57,59,5,6,46,20825,3529,920,13,534.3097238895558,18.535414165666264,42.78511404561824,45,errantepiphany,24,0.7083333333333334,6,false,true
850210,jboss-switchyard/core,java,435,1350425407,,1350515418,1500,,unknown,false,false,6,1,0,1,1,1,4,0,2,6,2,4,0,48,20825,3,44,0,534.3097238895558,18.535414165666264,42.78511404561824,45,splatch,14,0.07142857142857142,13,false,true
478082,jboss-switchyard/core,java,434,1350227518,,1352850279,43652,,unknown,false,false,6,1,0,5,5,2,0,0,2,2,2,0,0,48,20825,26,0,0,534.3097238895558,18.535414165666264,42.78511404561824,45,igarashitm,18,0.2222222222222222,3,false,true
849258,jboss-switchyard/core,java,433,1350044061,1350252376,1350252376,3471,3471,merged_in_comments,false,false,6,1,0,5,5,2,0,0,1,1,1,0,0,48,20808,39,0,0,534.6020761245675,18.55055747789312,42.82006920415225,45,splatch,13,0.07692307692307693,13,false,true
848164,jboss-switchyard/core,java,432,1350017711,,1350017849,2,,unknown,false,false,6,1,0,0,0,0,0,0,2,2,2,0,0,50,20808,0,23,0,534.6020761245675,18.55055747789312,42.82006920415225,90,rnc,4,0.0,6,false,false
845023,jboss-switchyard/core,java,431,1349883972,1350171231,1350171231,4787,4787,merged_in_comments,false,false,6,1,0,1,1,1,0,0,1,1,1,0,0,45,20808,0,13,0,534.6020761245675,18.55055747789312,42.82006920415225,45,splatch,12,0.08333333333333333,13,false,true
844471,jboss-switchyard/core,java,430,1349868056,1350170549,1350170549,5041,5041,merged_in_comments,false,false,6,1,0,1,1,1,0,0,1,1,1,0,0,47,20590,10,0,0,540.2622632345799,18.746964545896066,43.273433705682365,45,mageshbk,3,0.0,6,false,true
844228,jboss-switchyard/core,java,429,1349810320,1349859894,1349859894,826,826,merged_in_comments,false,false,6,1,0,4,4,2,1,0,9,10,10,0,0,45,20569,83,79,0,539.2094900092372,18.71748748116097,43.220380183771695,45,splatch,11,0.09090909090909091,13,false,true
844888,jboss-switchyard/core,java,428,1349807326,1349879818,1349879818,1208,1208,github,false,false,6,1,0,0,0,0,1,0,34,35,12,23,0,45,20590,527,0,79,540.2622632345799,18.746964545896066,43.273433705682365,45,errantepiphany,23,0.6956521739130435,6,false,true
848725,jboss-switchyard/core,java,427,1349724724,1350227394,1350227394,8377,8377,commits_in_master,false,false,6,4,0,5,5,3,2,0,45,47,24,23,0,44,20569,632,79,121,539.2094900092372,18.71748748116097,43.220380183771695,45,igarashitm,17,0.23529411764705882,3,false,true
880921,jboss-switchyard/core,java,426,1349446906,1349463453,1349463453,275,275,merged_in_comments,false,false,6,1,0,0,0,1,0,0,1,1,1,0,0,48,20510,8,0,0,540.7606045831301,18.77133105802048,43.34470989761092,45,igarashitm,16,0.25,3,false,true
880840,jboss-switchyard/core,java,425,1349443146,1349464105,1349464105,349,349,merged_in_comments,false,false,6,1,0,1,1,1,2,0,6,8,8,0,0,50,20510,263,0,0,540.7606045831301,18.77133105802048,43.34470989761092,45,splatch,10,0.1,13,false,true
881255,jboss-switchyard/core,java,424,1349414370,1349461550,1349461550,786,786,merged_in_comments,false,false,6,1,0,3,3,1,0,0,1,1,1,0,0,51,20510,11,0,0,540.7606045831301,18.77133105802048,43.34470989761092,45,mageshbk,2,0.0,6,false,true
878772,jboss-switchyard/core,java,423,1349280991,1349288651,1349288651,127,127,commits_in_master,false,false,6,1,0,1,1,1,0,0,3,3,3,0,0,52,20451,97,16,1,541.6361058138966,18.77658794190993,43.42085961566672,45,errantepiphany,22,0.7272727272727273,6,false,true
878645,jboss-switchyard/core,java,422,1349276430,1349282751,1349282751,105,105,github,false,false,6,1,0,1,1,1,0,0,1,1,1,0,0,51,20451,4,0,2,541.6361058138966,18.77658794190993,43.42085961566672,45,kcbabo,15,0.9333333333333333,12,false,true
450310,jboss-switchyard/core,java,421,1349108314,1349207992,1349207992,1661,1661,merged_in_comments,false,false,6,1,0,1,1,1,0,0,9,9,8,1,0,51,20014,334,70,0,543.9692215449186,18.836814230038975,41.47097032077546,45,errantepiphany,21,0.7619047619047619,6,false,true
445104,jboss-switchyard/core,java,420,1348848387,1348851233,1348851233,47,47,github,false,false,6,1,0,1,1,1,0,0,7,7,7,0,0,50,19946,163,8,1,545.8237240549483,18.90103278852903,41.61235335405595,45,errantepiphany,20,0.75,6,false,true
441370,jboss-switchyard/core,java,419,1348740503,1348772169,1348772169,527,527,github,false,false,6,2,0,0,0,0,42,1,26,69,56,9,4,51,18325,3362,265,35,584.1200545702592,20.24556616643929,44.474761255115965,45,errantepiphany,19,0.7368421052631579,6,false,true
441145,jboss-switchyard/core,java,418,1348732783,1348758680,1348758680,431,431,github,false,false,6,1,0,0,0,0,10,0,1,11,11,0,0,51,18325,891,0,4,584.1200545702592,20.24556616643929,44.474761255115965,45,splatch,9,0.0,13,false,true
437281,jboss-switchyard/core,java,417,1348599720,1349224537,1349224537,10413,10413,merged_in_comments,false,false,6,1,0,3,3,2,2,0,15,17,17,0,0,51,18325,646,254,0,584.1200545702592,20.24556616643929,44.474761255115965,45,igarashitm,15,0.26666666666666666,3,false,true
432405,jboss-switchyard/core,java,416,1348452143,,1348599097,2449,,unknown,false,false,6,1,0,1,1,1,2,0,15,17,17,0,0,46,18325,685,354,0,584.1200545702592,20.24556616643929,44.474761255115965,45,igarashitm,14,0.2857142857142857,3,false,true
421955,jboss-switchyard/core,java,415,1347969369,1349263755,1349263755,21573,21573,merged_in_comments,false,false,6,1,0,1,1,1,0,0,6,6,6,0,0,40,18325,76,0,0,584.1200545702592,20.24556616643929,44.474761255115965,45,splatch,8,0.0,13,false,true
403766,jboss-switchyard/core,java,414,1347563448,1347713720,1347713720,2504,2504,github,false,false,6,1,0,0,0,0,0,0,2,2,1,1,0,42,18305,30,0,8,584.7582627697351,20.26768642447419,44.52335427478831,45,errantepiphany,18,0.7222222222222222,6,false,true
409370,jboss-switchyard/core,java,413,1347469320,1347637268,1347637268,2799,2799,merged_in_comments,false,false,6,1,0,0,0,1,0,0,3,3,2,1,0,41,18278,40,0,0,585.6220593062699,20.297625560783455,44.589123536491954,45,splatch,7,0.0,12,false,true
360885,jboss-switchyard/core,java,411,1347033839,,1347603955,9501,,unknown,false,false,6,1,0,1,1,2,0,0,9,9,9,0,0,41,18090,93,27,0,589.2758430071863,20.398009950248756,44.61028192371476,45,splatch,6,0.0,12,false,true
359586,jboss-switchyard/core,java,410,1346997066,1347273185,1347273185,4601,4601,merged_in_comments,false,false,6,1,0,2,2,1,11,0,12,23,21,2,0,43,18090,623,210,0,589.2758430071863,20.398009950248756,44.61028192371476,45,splatch,5,0.0,12,false,true
355275,jboss-switchyard/core,java,409,1346848026,1348829714,1348829714,33028,33028,merged_in_comments,false,false,6,1,0,4,4,2,0,0,1,1,1,0,0,46,18090,0,33,0,589.2758430071863,20.398009950248756,44.61028192371476,90,rnc,3,0.0,6,false,false
346195,jboss-switchyard/core,java,408,1346403292,1346767787,1346767787,6074,6074,merged_in_comments,false,false,6,2,0,1,1,1,10,0,12,22,19,3,0,50,17921,1156,403,0,589.6434350761676,20.36716701076949,44.249762848055354,45,splatch,4,0.0,12,false,true
344440,jboss-switchyard/core,java,407,1346330839,1347302711,1347302711,16197,16197,merged_in_comments,false,false,5,1,0,1,1,1,0,0,1,1,0,1,0,50,17921,0,0,0,589.6434350761676,20.36716701076949,44.249762848055354,90,rnc,2,0.0,6,false,false
342973,jboss-switchyard/core,java,406,1346272459,1347560838,1347560838,21472,21472,commits_in_master,false,false,5,3,0,4,4,2,8,0,19,27,23,4,0,50,17921,611,213,19,589.6434350761676,20.36716701076949,44.249762848055354,45,igarashitm,13,0.3076923076923077,3,false,true
259486,jboss-switchyard/core,java,405,1345640102,,1346761730,18693,,unknown,false,false,5,3,0,2,2,2,10,0,18,28,25,3,0,48,17921,714,221,0,589.6434350761676,20.36716701076949,44.249762848055354,45,splatch,3,0.0,11,false,true
258176,jboss-switchyard/core,java,404,1345579466,1345588125,1345588125,144,144,github,false,false,5,1,0,1,1,1,0,0,2,2,2,0,0,46,17915,20,0,1,589.8409154339938,20.373988277979347,44.2645827518839,45,kcbabo,14,0.9285714285714286,12,false,true
251259,jboss-switchyard/core,java,403,1345226288,1345232799,1345232799,108,108,github,false,false,5,1,0,0,0,0,0,0,3,3,3,0,0,46,17920,48,45,2,587.6674107142858,20.3125,44.140625,45,kcbabo,13,0.9230769230769231,12,false,true
248131,jboss-switchyard/core,java,402,1345118716,1345127281,1345127281,142,142,github,false,false,6,1,0,0,0,0,3,2,19,24,23,5,0,42,17939,1118,100,10,583.254362004571,20.1794971849044,43.25770667261274,45,kcbabo,12,0.9166666666666666,12,false,true
17207,jboss-switchyard/core,java,401,1344539993,1345228525,1345228525,11475,11475,github,false,false,6,2,0,5,5,2,1,0,8,9,9,0,0,44,17840,0,439,13,576.2892376681614,19.562780269058294,41.647982062780265,45,igarashitm,12,0.25,3,false,true
16437,jboss-switchyard/core,java,400,1344522028,1344884629,1344884629,6043,6043,github,false,false,6,1,0,0,0,0,1,0,2,3,2,1,0,42,17840,8,7,2,576.2892376681614,19.562780269058294,41.647982062780265,45,errantepiphany,17,0.7058823529411765,6,false,true
14819,jboss-switchyard/core,java,399,1344465984,1345117894,1345117894,10865,10865,merged_in_comments,false,false,6,2,0,2,2,2,0,0,3,3,3,0,0,42,17840,433,1106,0,576.2892376681614,19.562780269058294,41.647982062780265,45,igarashitm,11,0.2727272727272727,3,false,true
233546,jboss-switchyard/core,java,398,1344106790,1344165106,1344165106,971,971,github,false,false,6,1,0,2,2,2,1,0,1,2,2,0,0,40,17829,33,110,0,572.8307813113466,19.406584777609513,41.50541253014752,45,kcbabo,11,0.9090909090909091,12,false,true
216849,jboss-switchyard/core,java,397,1342713065,1342806393,1342806393,1555,1555,merged_in_comments,false,false,6,1,0,1,1,1,0,0,9,9,9,0,0,40,17728,208,50,0,576.0943140794224,19.517148014440433,41.74187725631769,45,errantepiphany,16,0.75,6,false,true
214736,jboss-switchyard/core,java,396,1342627974,,1342630724,45,,unknown,false,false,5,1,0,2,2,2,0,0,9,9,9,0,0,41,17728,208,50,0,576.0943140794224,19.517148014440433,41.74187725631769,45,errantepiphany,15,0.8,6,false,true
213792,jboss-switchyard/core,java,395,1342598718,1343072464,1343072464,7895,7895,merged_in_comments,false,false,5,1,0,3,3,2,0,0,2,2,2,0,0,41,17728,4,0,0,576.0943140794224,19.517148014440433,41.74187725631769,45,mageshbk,1,0.0,5,false,true
199172,jboss-switchyard/core,java,394,1341930780,1341932854,1341932854,34,34,github,false,false,4,1,0,1,1,1,2,2,5,9,7,2,0,52,17630,245,67,2,577.1412365286443,19.568916619398752,41.9171866137266,44,errantepiphany,14,0.7857142857142857,6,false,true
197128,jboss-switchyard/core,java,393,1341846762,,1370262724,473599,,unknown,false,false,4,13,0,0,0,0,16,2,17,35,31,0,0,54,17728,1328,772,0,576.0943140794224,19.517148014440433,41.74187725631769,44,andriyv,0,0,0,false,false
192787,jboss-switchyard/core,java,392,1341589779,1341604238,1341604238,240,240,github,false,false,4,1,0,1,1,1,0,0,1,1,0,1,0,47,17551,0,0,3,575.9785767192752,19.600022790724175,41.82097886160332,44,igarashitm,10,0.2,3,false,true
192639,jboss-switchyard/core,java,391,1341585146,1341840781,1341840781,4260,4260,github,false,false,4,1,0,1,1,1,0,0,1,1,1,0,0,47,17551,2,0,1,575.9785767192752,19.600022790724175,41.82097886160332,44,kcbabo,10,0.9,12,false,true
174146,jboss-switchyard/core,java,390,1340632264,1341230229,1341230229,9966,9966,merged_in_comments,false,false,4,1,0,1,1,1,0,0,2,2,2,0,0,52,17547,2,1,0,562.9452328033282,19.49051119849547,41.602553142987404,43,igarashitm,9,0.2222222222222222,3,false,true
185085,jboss-switchyard/core,java,389,1340179176,1341229772,1341229772,17509,17509,merged_in_comments,false,false,4,1,0,3,3,3,2,1,4,7,8,0,0,54,17547,0,410,0,562.9452328033282,19.49051119849547,41.602553142987404,43,splatch,2,0.0,11,false,true
165452,jboss-switchyard/core,java,388,1340119800,1341496739,1341496739,22948,22948,merged_in_comments,false,false,4,1,0,3,3,2,8,1,15,24,20,5,0,54,17547,0,1101,0,560.5516612526358,19.60449079614749,41.77352253946544,43,igarashitm,8,0.25,3,false,true
165346,jboss-switchyard/core,java,387,1340115523,1341490689,1341490689,22919,22919,merged_in_comments,false,false,4,1,0,1,1,1,0,0,2,2,2,0,0,60,17547,18,0,0,562.9452328033282,19.49051119849547,41.602553142987404,43,splatch,1,0.0,11,false,true
160119,jboss-switchyard/core,java,386,1339703248,1339726076,1339726076,380,380,github,false,false,6,1,0,0,0,0,2,0,0,2,2,0,0,59,17518,75,52,0,562.5642196597786,19.46569243064277,41.61433953647676,43,errantepiphany,13,0.7692307692307693,6,false,true
149430,jboss-switchyard/core,java,385,1338996004,1339005143,1339005143,152,152,github,false,false,6,1,0,0,0,0,0,0,14,14,17,1,0,63,17503,163,77,11,562.8749357253042,19.48237445009427,41.650002856653145,43,errantepiphany,12,0.75,6,false,true
146506,jboss-switchyard/core,java,384,1338814507,1338818885,1338818885,72,72,github,false,false,6,1,0,1,1,1,1,0,15,16,14,2,0,61,17512,292,56,3,519.0726359068068,19.415258108725446,41.799908634079486,43,kcbabo,9,0.8888888888888888,11,false,true
143846,jboss-switchyard/core,java,383,1338559419,1338842949,1338842949,4725,4725,merged_in_comments,false,false,6,1,0,1,1,2,17,0,5,22,18,4,0,58,17499,14,1333,0,520.1440082290416,19.4868278187325,41.65952340133722,42,igarashitm,7,0.2857142857142857,3,false,true
135019,jboss-switchyard/core,java,382,1337843059,1337862845,1337862846,329,329,github,false,false,6,1,0,0,0,0,0,1,3,4,1,3,0,57,17499,21,0,7,518.886793531059,19.42968169609692,41.83096176924396,42,errantepiphany,11,0.7272727272727273,6,false,true
134537,jboss-switchyard/core,java,381,1337836761,1337947204,1337947204,1840,1840,merged_in_comments,false,false,6,1,0,2,2,1,0,0,1,1,1,0,0,57,17512,0,13,0,518.501598903609,19.415258108725446,41.799908634079486,42,splatch,0,0,11,false,true
127448,jboss-switchyard/core,java,380,1337269165,1337276486,1337276487,122,122,github,false,false,5,1,0,0,0,0,0,12,19,31,30,1,0,60,17694,1295,233,2,516.5592856335481,19.893749293545834,42.6133152481067,42,errantepiphany,10,0.7,6,false,true
126381,jboss-switchyard/core,java,379,1337192309,1341868296,1341868296,77933,77933,commit_sha_in_comments,false,false,5,1,0,0,0,2,2,0,3,5,3,2,0,63,17694,135,138,0,516.5592856335481,19.893749293545834,42.6133152481067,42,antollinim,3,0.3333333333333333,3,false,false
123620,jboss-switchyard/core,java,378,1337014046,1337267870,1337267870,4230,4230,commits_in_master,false,false,5,1,0,0,0,1,0,12,19,31,30,1,0,63,17694,1295,233,4,516.5592856335481,19.893749293545834,42.6133152481067,42,errantepiphany,9,0.7777777777777778,6,false,true
110199,jboss-switchyard/core,java,377,1335964858,1335992561,1335992561,461,461,github,false,false,6,1,0,1,1,1,0,1,1,2,1,0,1,61,17711,24,0,2,516.0634633843374,19.87465416972503,42.572412624922364,42,errantepiphany,8,0.75,6,false,true
104238,jboss-switchyard/core,java,376,1335462914,1335712261,1335712261,4155,4155,github,false,false,6,1,0,9,9,2,21,1,23,45,27,16,2,62,16790,2024,95,115,542.0488385944014,20.84574151280524,44.60988683740322,42,errantepiphany,7,0.7142857142857143,6,false,true
87726,jboss-switchyard/core,java,375,1334240972,1334497901,1334497901,4282,4282,github,false,false,6,1,0,1,1,1,0,0,1,1,1,0,0,58,16778,18,0,3,542.4365240195494,20.86065085230659,44.64179282393611,41,antollinim,2,0.0,2,false,false
84233,jboss-switchyard/core,java,374,1334014878,1334058401,1334058401,725,725,github,false,false,6,1,0,1,1,1,0,0,2,2,2,0,0,57,16769,101,0,3,542.7276522153975,20.871846860277895,44.665752280994695,41,kcbabo,8,0.875,10,false,true
81827,jboss-switchyard/core,java,373,1333749184,,1334014922,4428,,unknown,false,false,6,1,0,0,0,1,0,0,1,1,1,0,0,57,16769,16,0,0,542.7276522153975,20.871846860277895,44.665752280994695,41,igarashitm,6,0.3333333333333333,2,false,true
76782,jboss-switchyard/core,java,372,1333388020,,1335394526,33441,,unknown,false,false,6,1,0,0,0,1,20,1,8,29,26,1,2,58,16790,1792,72,0,542.0488385944014,20.84574151280524,44.60988683740322,41,errantepiphany,6,0.8333333333333334,5,false,true
72812,jboss-switchyard/core,java,371,1333027763,1333032120,1333032120,72,72,github,false,false,6,1,0,1,1,1,0,0,1,1,1,0,0,58,16769,0,24,2,542.2505814300197,20.871846860277895,44.665752280994695,41,errantepiphany,5,0.8,5,false,true
64002,jboss-switchyard/core,java,370,1332469631,1332504335,1332504335,578,578,github,false,false,6,1,0,2,2,1,2,0,2,4,3,1,0,61,16690,248,12,3,544.2180946674655,20.91072498502097,44.75733972438586,40,kcbabo,7,0.8571428571428571,10,false,true
63666,jboss-switchyard/core,java,369,1332451692,,1333386074,15633,,unknown,false,false,6,1,0,3,3,3,20,1,8,29,26,1,2,61,16769,1787,72,0,542.7276522153975,20.871846860277895,44.665752280994695,40,errantepiphany,4,1.0,5,false,true
285353,jboss-switchyard/core,java,368,1332272518,1332275913,1332275913,56,56,merged_in_comments,false,false,6,1,0,1,1,1,0,0,2,2,2,0,0,60,16656,19,68,0,541.1263208453411,20.773294908741594,44.60854947166187,40,kcbabo,6,1.0,10,false,true
284949,jboss-switchyard/core,java,367,1332257522,1332275030,1332275030,291,291,github,false,false,6,1,0,1,1,1,2,0,2,4,2,1,1,59,16656,38,42,5,541.1263208453411,20.773294908741594,44.60854947166187,40,kcbabo,5,1.0,10,false,true
283637,jboss-switchyard/core,java,366,1332091454,1332169499,1332169499,1300,1300,merged_in_comments,false,false,6,2,0,1,1,1,1,0,3,4,3,1,0,59,16608,18,13,0,539.4388246628131,20.773121387283236,44.677263969171484,40,rcernich,2,0.0,2,false,true
282863,jboss-switchyard/core,java,365,1331905638,1332165377,1332165377,4328,4328,merged_in_comments,false,false,6,1,0,1,1,1,1,0,2,3,2,1,0,60,16608,9,13,0,539.4388246628131,20.773121387283236,44.677263969171484,40,rcernich,1,0.0,2,false,true
282050,jboss-switchyard/core,java,364,1331797314,1332171432,1332171432,6235,6235,merged_in_comments,false,false,6,1,0,1,1,1,0,0,3,3,3,0,0,59,16656,2,77,0,538.4846301633045,20.773294908741594,44.60854947166187,40,mageshbk,0,0,4,false,true
281901,jboss-switchyard/core,java,363,1331768554,1332158771,1332158771,6503,6503,github,false,false,6,1,0,0,0,0,0,0,4,4,4,0,0,61,16608,74,11,1,539.4388246628131,20.773121387283236,44.677263969171484,40,errantepiphany,3,1.0,5,false,true
869551,jboss-switchyard/core,java,357,1331330746,1331334035,1331334035,54,54,github,false,false,6,1,0,1,1,1,6,8,15,29,25,5,0,60,16596,674,113,10,536.1532899493853,20.607375271149678,43.74548083875632,40,kcbabo,4,1.0,10,false,true
868926,jboss-switchyard/core,java,356,1331240065,1331300226,1331300226,1002,1002,github,false,false,6,1,0,1,1,1,0,0,1,1,1,0,0,56,16596,0,345,1,527.175222945288,20.607375271149678,43.50445890576042,40,igarashitm,5,0.2,2,false,true
867653,jboss-switchyard/core,java,354,1331056788,1331068362,1331068362,192,192,merged_in_comments,false,false,6,1,0,2,2,2,0,0,1,1,1,0,0,54,16444,103,0,0,531.7441011919241,20.55460958404281,44.028216978837264,40,antollinim,1,0.0,2,false,false
281346,jboss-switchyard/core,java,353,1330455419,1330479210,1330479210,396,396,github,false,false,7,1,0,1,1,1,0,0,1,1,1,0,0,52,16444,0,150,0,526.8182923862807,20.55460958404281,44.028216978837264,40,igarashitm,4,0.0,2,false,true
278067,jboss-switchyard/core,java,352,1329873208,1329917435,1329917435,737,737,github,false,false,6,1,0,1,1,1,5,0,12,17,13,4,0,56,16205,524,30,1,533.2921937673557,20.796050601666153,44.245603208886145,40,kcbabo,3,1.0,10,false,true
277977,jboss-switchyard/core,java,351,1329859743,1329871046,1329871046,188,188,github,false,false,6,1,0,1,1,1,0,0,1,1,1,0,0,54,16204,1,0,0,533.3251049123672,20.797333991607008,44.24833374475438,40,errantepiphany,2,1.0,5,false,true
274945,jboss-switchyard/core,java,350,1329249990,1329310671,1329310672,1011,1011,github,false,false,6,1,0,4,4,2,0,0,2,2,2,0,0,54,16176,53,0,2,534.2482690405539,20.833333333333332,44.324925816023736,40,kcbabo,2,1.0,10,false,true
274569,jboss-switchyard/core,java,349,1329181273,,1330478547,21621,,unknown,false,false,6,1,0,1,1,1,0,0,1,1,1,0,0,52,16176,4,0,0,534.2482690405539,20.833333333333332,44.324925816023736,40,cunningt,3,0.3333333333333333,0,false,true
273315,jboss-switchyard/core,java,348,1328896238,1329141809,1329141809,4092,4092,github,false,false,6,1,0,1,1,1,0,0,1,1,0,1,0,54,16176,0,0,0,534.2482690405539,20.833333333333332,44.324925816023736,40,kcbabo,1,1.0,10,false,true
272209,jboss-switchyard/core,java,347,1328720214,1328722829,1328722829,43,43,github,false,false,6,1,0,1,1,1,5,3,43,51,50,2,0,52,16151,1495,690,9,538.7282521206117,20.92749674942728,44.70311435824407,40,kcbabo,0,0,10,false,true
271391,jboss-switchyard/core,java,346,1328608378,1328716170,1328716170,1796,1796,merged_in_comments,false,false,6,1,0,1,1,1,0,0,1,1,0,1,0,57,16143,0,0,0,535.4023415721985,20.93786780647959,44.60137520906895,40,rnc,1,0.0,2,false,false
272111,jboss-switchyard/core,java,345,1328303189,1328711510,1328711510,6805,6805,merged_in_comments,false,false,6,1,0,2,2,1,0,0,1,1,1,0,0,58,16143,10,0,0,535.4023415721985,20.93786780647959,44.60137520906895,80,igarashitm,3,0.0,4,false,true
270537,jboss-switchyard/core,java,344,1328183355,1328711312,1328711312,8799,8799,merged_in_comments,false,false,6,1,0,1,1,1,0,0,1,1,1,0,0,60,16143,0,116,0,535.4023415721985,20.93786780647959,44.60137520906895,40,igarashitm,2,0.0,2,false,true
270000,jboss-switchyard/core,java,343,1328115647,1328710228,1328710228,9909,9909,github,false,false,6,1,0,1,1,1,0,0,1,1,1,0,0,62,16143,0,221,1,535.4023415721985,20.93786780647959,44.60137520906895,40,errantepiphany,1,1.0,5,false,true
859852,jboss-switchyard/core,java,342,1326986061,,1328294462,21806,,unknown,false,false,7,1,0,1,1,1,0,0,1,1,1,0,0,53,16143,4,0,0,535.4023415721985,20.93786780647959,44.60137520906895,40,igarashitm,1,0.0,2,false,true
858577,jboss-switchyard/core,java,341,1326741632,1326742323,1326742323,11,11,github,false,false,7,1,0,1,1,1,0,0,1,1,0,1,0,53,16143,0,0,0,535.4023415721985,20.93786780647959,44.60137520906895,40,cunningt,2,0.0,0,false,true
858346,jboss-switchyard/core,java,340,1326719302,1328273202,1328273202,25898,25898,merged_in_comments,false,false,7,2,0,0,0,1,0,0,2,2,0,2,0,53,16143,0,0,0,535.4023415721985,20.93786780647959,44.60137520906895,80,rnc,0,0,4,false,false
856942,jboss-switchyard/core,java,339,1326401409,1326473193,1326473193,1196,1196,github,false,false,7,1,0,0,0,0,0,0,4,4,3,1,0,54,16133,36,332,4,535.0523771152297,20.950846091861404,44.629021260769846,40,errantepiphany,0,0,5,false,true
856894,jboss-switchyard/core,java,338,1326398056,,1326645191,4118,,unknown,false,false,7,1,0,2,2,2,0,0,1,1,1,0,0,54,16133,23,0,0,535.0523771152297,20.950846091861404,44.629021260769846,40,cunningt,1,0.0,0,false,true
856660,jboss-switchyard/core,java,337,1326138571,,1326380662,4034,,unknown,false,false,7,1,0,2,2,2,0,0,1,1,1,0,0,56,16133,20,0,0,535.0523771152297,20.950846091861404,44.629021260769846,40,cunningt,0,0,0,false,true
268241,jboss-switchyard/core,java,335,1324494272,,1327671972,52961,,unknown,false,false,7,1,0,1,1,1,2,0,3,5,2,3,0,57,16108,155,108,0,534.2686863670226,20.983362304444995,44.69828656568165,40,antollinim,0,0,2,false,false
851890,jboss-switchyard/core,java,334,1324397298,1325541151,1325541151,19064,19064,merged_in_comments,false,false,7,1,0,4,4,2,0,0,3,3,3,0,0,58,16108,74,42,0,534.2686863670226,20.983362304444995,44.69828656568165,40,igarashitm,0,0,2,false,true
851869,jboss-switchyard/core,java,332,1324334496,1325539065,1325539065,20076,20076,merged_in_comments,false,false,7,1,0,2,2,1,0,0,1,1,1,0,0,59,16108,4,0,0,534.2686863670226,20.983362304444995,44.69828656568165,40,rcernich,0,0,2,false,true
