pull_req_id,project_name,lang,github_id,created_at,merged_at,closed_at,lifetime_minutes,mergetime_minutes,merged_using,conflict,forward_links,team_size,num_commits,num_comments,files_changed,perc_external_contribs,sloc,src_churn,test_churn,commits_on_files_touched,test_lines_per_kloc,test_cases_per_kloc,asserts_per_kloc,watchers,requester,prev_pullreqs,requester_succ_rate,followers,intra_branch,main_team_member
2001756,jbosstm/narayana,java,417,1377734943,1377747683,1377747684,212,212,github,false,false,10,1,3,33,25,282097,2372,0,85,660.4146800568599,11.77254632271878,13.491813099749377,2,zhfeng,39,0.8461538461538461,3,false,false
1998892,jbosstm/narayana,java,416,1377697664,1377760916,1377760917,1054,1054,github,false,false,10,1,4,1,25,282097,64,0,21,660.4146800568599,11.77254632271878,13.491813099749377,2,Gytis,51,0.6274509803921569,1,false,false
1998559,jbosstm/narayana,java,415,1377694560,1378120043,1378120043,7091,7091,commits_in_master,false,false,10,1,4,3,24,282097,36,92,3,660.4146800568599,11.77254632271878,13.491813099749377,2,Gytis,50,0.64,1,false,false
1997220,jbosstm/narayana,java,414,1377679741,,1377690559,180,,unknown,false,false,10,1,3,1,25,282097,40,0,0,660.2835194986122,11.77254632271878,13.491813099749377,2,Gytis,49,0.6530612244897959,1,false,false
1993174,jbosstm/narayana,java,413,1377615253,1377676466,1377676466,1020,1020,github,false,false,10,1,3,3,25,282083,0,45,0,660.2666591038808,11.773130603403962,13.492482708989908,2,mmusgrov,65,0.5538461538461539,1,false,false
1990244,jbosstm/narayana,java,412,1377573384,1377584765,1377584765,189,189,github,false,false,10,1,3,1,27,282082,0,4,2,660.2406392467439,11.773172339957885,13.496075609220014,2,zhfeng,38,0.8421052631578947,3,false,false
1986417,jbosstm/narayana,java,411,1377518655,1377584280,1377584280,1093,1093,github,false,false,10,1,7,1,28,282082,3,0,0,660.2406392467439,11.773172339957885,13.496075609220014,2,paulrobinson,108,0.9444444444444444,5,false,true
1986359,jbosstm/narayana,java,410,1377518062,1377584664,1377584664,1110,1110,github,false,false,10,1,7,1,27,282082,0,0,3,660.2406392467439,11.773172339957885,13.496075609220014,2,paulrobinson,107,0.9439252336448598,5,false,true
1975776,jbosstm/narayana,java,409,1377258841,1377630659,1377630659,6196,6196,github,false,false,10,2,10,1,27,270553,0,78,0,644.1806226506451,10.633776006919163,9.883460911540437,2,tomjenkinson,114,0.49122807017543857,3,false,false
1971149,jbosstm/narayana,java,408,1377183444,,1377287789,1739,,unknown,false,false,10,1,6,3,27,282072,19,0,0,660.2640460591622,11.773589721773165,13.496554071300945,2,mmusgrov,64,0.5625,1,false,false
1971077,jbosstm/narayana,java,407,1377182386,,1377693697,8521,,unknown,false,true,10,3,24,4,27,270553,77,0,0,644.1806226506451,10.633776006919163,9.883460911540437,2,mmusgrov,63,0.5714285714285714,1,false,false
1970717,jbosstm/narayana,java,406,1377179171,1377584889,1377584889,6761,6761,github,false,false,10,1,4,3,27,282072,0,0,38,660.2640460591622,11.773589721773165,13.496554071300945,2,Gytis,48,0.6458333333333334,1,false,false
1969804,jbosstm/narayana,java,405,1377171387,1377592512,1377592513,7018,7018,github,false,false,10,2,14,1,27,282072,0,18,1,660.2640460591622,11.773589721773165,13.496554071300945,2,Gytis,47,0.6382978723404256,1,false,false
1967933,jbosstm/narayana,java,404,1377143591,1377225470,1377225470,1364,1364,github,false,false,10,2,4,2,27,282057,0,4,30,660.2991593897686,11.774215849987769,13.497271828034759,2,zhfeng,37,0.8378378378378378,3,false,false
1962590,jbosstm/narayana,java,403,1377074736,1377157563,1377157564,1380,1380,github,false,false,10,1,4,11,26,270538,197,0,0,644.2163392942952,10.634365597439176,9.884008900782884,2,tomjenkinson,113,0.48672566371681414,3,false,false
1962582,jbosstm/narayana,java,402,1377074636,1377157615,1377157615,1382,1382,merged_in_comments,false,false,10,1,5,11,26,282057,197,0,0,660.2991593897686,11.774215849987769,13.497271828034759,2,tomjenkinson,112,0.49107142857142855,3,false,false
1950022,jbosstm/narayana,java,401,1376896377,1376953377,1376953377,950,950,github,false,false,10,2,9,2,26,282057,8,0,28,660.2991593897686,11.774215849987769,13.497271828034759,2,zhfeng,36,0.8333333333333334,2,false,false
1935062,jbosstm/narayana,java,400,1376554230,1376562892,1376562892,144,144,github,false,false,10,1,3,2,26,282060,0,43,4,660.1964121108985,11.774090619017231,13.497128270580728,4,Gytis,46,0.6304347826086957,2,false,false
1934649,jbosstm/narayana,java,399,1376547603,,1376562949,255,,unknown,false,false,10,1,5,1,26,282060,34,0,0,660.1964121108985,11.774090619017231,13.497128270580728,2,Gytis,45,0.6444444444444445,1,false,false
1929582,jbosstm/narayana,java,398,1376476846,1376892523,1376892523,6927,6927,github,false,false,10,1,4,5,26,270532,0,16,0,644.2084485384354,10.634601451953928,9.88422811349489,2,mmusgrov,62,0.5645161290322581,1,false,false
1928150,jbosstm/narayana,java,397,1376371702,1376457629,1376457629,1432,1432,github,false,false,10,1,6,1,26,281174,0,0,28,658.2685454558386,11.74717434755703,13.308485137317106,2,paulrobinson,106,0.9433962264150944,4,false,true
1921362,jbosstm/narayana,java,396,1376287079,1376471928,1376471929,3080,3080,github,false,false,10,2,14,5,26,281174,68,66,0,658.2685454558386,11.74717434755703,13.308485137317106,2,zhfeng,35,0.8285714285714286,2,false,false
1922804,jbosstm/narayana,java,395,1376286976,1376472086,1376472087,3085,3085,github,false,false,10,2,8,5,26,270526,68,66,0,644.1155378780597,10.63483731693072,9.884447335930743,2,zhfeng,34,0.8235294117647058,2,false,false
1903664,jbosstm/narayana,java,394,1375964069,,1377683647,28659,,unknown,false,false,10,1,9,19,25,281174,217,212,0,658.2685454558386,11.74717434755703,13.308485137317106,2,Gytis,44,0.6590909090909091,1,false,false
1897262,jbosstm/narayana,java,393,1375796744,1375958418,1375958419,2694,2694,github,false,false,10,2,15,9,25,281174,1658,0,6,658.2685454558386,11.74717434755703,13.308485137317106,2,cris-b,5,0.0,1,false,false
1890539,jbosstm/narayana,java,392,1375686831,1376457726,1376457726,12848,12848,github,false,false,10,5,28,45,25,280902,4364,5122,30,656.9301749364547,11.673110195014631,12.758898121052894,2,Gytis,43,0.6511627906976745,1,false,false
1879738,jbosstm/narayana,java,391,1375459447,1375698788,1375698789,3989,3989,github,false,false,10,1,15,23,25,280902,804,845,14,656.9301749364547,11.673110195014631,12.758898121052894,1,Gytis,42,0.6428571428571429,1,false,false
1881431,jbosstm/narayana,java,390,1375440677,1375706082,1375706082,4423,4423,merged_in_comments,false,false,10,1,5,5,25,280867,0,16,0,656.5812288378486,11.667444021547565,12.739125635977171,1,mmusgrov,61,0.5737704918032787,1,false,false
1881309,jbosstm/narayana,java,389,1375438650,1375452614,1375452614,232,232,github,false,false,10,2,8,17,25,280867,82,346,29,656.5812288378486,11.667444021547565,12.739125635977171,1,paulrobinson,105,0.9428571428571428,4,false,true
1813576,jbosstm/narayana,java,388,1374577987,1374648865,1374648865,1181,1181,github,false,false,10,1,5,1,27,270457,0,0,1,644.0247433048507,10.633853070913306,9.872179311313813,1,ochaloup,2,1.0,3,false,false
1813458,jbosstm/narayana,java,387,1374576835,1374733692,1374733692,2614,2614,merged_in_comments,false,false,10,1,5,4,26,282312,19,0,0,652.6644280087279,11.600640426195131,12.649125789906204,1,cris-b,4,0.0,0,false,false
1813300,jbosstm/narayana,java,386,1374575401,1375104841,1375104841,8824,8824,merged_in_comments,false,false,10,6,48,15,26,282312,728,0,0,652.6644280087279,11.600640426195131,12.649125789906204,1,cris-b,3,0.0,0,false,false
1813290,jbosstm/narayana,java,385,1374575297,1374733636,1374733636,2638,2638,merged_in_comments,false,false,10,1,6,1,26,282312,2,0,0,652.6644280087279,11.600640426195131,12.649125789906204,1,cris-b,2,0.0,0,false,false
1813192,jbosstm/narayana,java,384,1374573897,1374733620,1374733620,2662,2662,merged_in_comments,false,false,10,2,16,5,26,282312,35,0,0,652.6644280087279,11.600640426195131,12.649125789906204,1,cris-b,1,0.0,0,false,false
1813168,jbosstm/narayana,java,383,1374573453,,1374576758,55,,unknown,false,false,10,3,5,4,26,282312,38,0,0,652.6644280087279,11.600640426195131,12.649125789906204,1,cris-b,0,0,0,false,false
2006560,jbosstm/narayana,java,382,1374217949,1374218143,1374218143,3,3,github,false,false,10,0,0,0,26,282312,0,0,0,652.6644280087279,11.600640426195131,12.649125789906204,1,Gytis,41,0.6341463414634146,1,false,false
1800791,jbosstm/narayana,java,381,1374174920,1374209083,1374209083,569,569,merged_in_comments,false,false,10,1,4,4,26,270292,29,282,0,643.8814319328726,10.63294511121306,9.852307874446895,1,johnathonlee,1,0.0,1,false,false
1791027,jbosstm/narayana,java,380,1374159330,1374171559,1374171560,203,203,github,false,false,10,1,3,1,26,270292,17,0,0,643.8814319328726,10.63294511121306,9.852307874446895,1,tomjenkinson,111,0.4864864864864865,3,false,false
1791026,jbosstm/narayana,java,379,1374150035,1374835097,1374835098,11417,11417,github,false,false,10,2,14,3,27,282312,17,0,0,652.6644280087279,11.600640426195131,12.649125789906204,1,tomjenkinson,110,0.4818181818181818,3,false,false
1789155,jbosstm/narayana,java,378,1374129644,1374629258,1374629258,8326,8326,github,false,false,10,2,16,10,26,282312,2372,0,42,652.6644280087279,11.600640426195131,12.649125789906204,1,zhfeng,33,0.8181818181818182,2,false,false
1777175,jbosstm/narayana,java,377,1373953263,1374108928,1374108928,2594,2594,github,false,false,10,2,8,3,27,282320,0,4,6,652.6742703315387,11.60031170303202,12.648767356191556,1,zhfeng,32,0.8125,2,false,false
1772850,jbosstm/narayana,java,376,1373884185,,1373889194,83,,unknown,false,false,10,1,3,10,27,282307,0,0,0,652.7043254329507,11.600845887632968,12.64934982129384,1,tomjenkinson,109,0.48623853211009177,3,false,false
1760194,jbosstm/narayana,java,375,1373560113,,1373877860,5295,,unknown,false,false,10,2,5,3,27,282304,0,0,0,652.7112616186805,11.600969167989119,12.649484243935616,1,paulrobinson,104,0.9519230769230769,4,false,true
1755299,jbosstm/narayana,java,374,1373478559,1373707965,1373707965,3823,3823,github,false,false,10,4,16,7,28,282305,70,0,93,652.5920546926197,11.593843538017392,12.617559023042453,1,mmusgrov,60,0.5666666666666667,1,false,false
1755026,jbosstm/narayana,java,373,1373475181,1373708055,1373708055,3881,3881,merged_in_comments,false,false,10,1,4,1,27,282305,23,0,0,652.5920546926197,11.593843538017392,12.617559023042453,1,mmusgrov,59,0.576271186440678,1,false,false
1754718,jbosstm/narayana,java,372,1373470996,1373530935,1373530935,998,998,github,false,false,10,1,4,2,27,282305,0,69,2,652.5920546926197,11.593843538017392,12.617559023042453,1,mmusgrov,58,0.5689655172413793,1,false,false
1760519,jbosstm/narayana,java,371,1373379051,1373980333,1373980333,10021,10021,github,false,false,10,4,32,5,28,282154,0,50,29,652.7109309100704,11.585871545326311,12.617223218526053,1,paulrobinson,103,0.9514563106796117,4,false,true
1717132,jbosstm/narayana,java,370,1373285328,1373286262,1373286262,15,15,github,false,false,10,1,2,1,27,282142,0,8,4,652.7209702915553,11.58636431300551,12.617759851422333,1,tomjenkinson,108,0.48148148148148145,3,false,false
1701434,jbosstm/narayana,java,369,1373033356,1373356255,1373356255,5381,5381,merged_in_comments,false,false,10,1,6,2,27,282103,0,8,0,652.7438559675013,11.580876488374813,12.598235396291425,1,Gytis,40,0.65,1,false,false
1699893,jbosstm/narayana,java,368,1373020128,1373889342,1373889342,14486,14486,merged_in_comments,false,false,10,1,4,5,28,281987,22,0,0,652.6010064293744,11.571455421703838,12.536038895410071,1,Gytis,39,0.6666666666666666,1,false,false
1695836,jbosstm/narayana,java,367,1372940564,1373023541,1373023541,1382,1382,github,false,false,10,1,7,2,29,281987,0,47,9,652.6010064293744,11.571455421703838,12.536038895410071,1,mmusgrov,57,0.5614035087719298,1,false,false
1686806,jbosstm/narayana,java,366,1372837687,1372944766,1372944766,1784,1784,github,false,false,11,1,5,1,29,281814,2,0,32,650.1983577820832,11.564365148644141,12.455023526155548,1,Gytis,38,0.6578947368421053,1,false,false
1683949,jbosstm/narayana,java,365,1372834947,1372936595,1372936595,1694,1694,merged_in_comments,false,false,11,3,3,1,29,281806,44,0,0,650.1884274997693,11.564693441587476,12.455377103397373,1,tomjenkinson,107,0.48598130841121495,3,false,false
1683934,jbosstm/narayana,java,364,1372834571,1372860204,1372860204,427,427,merged_in_comments,false,false,11,1,3,1,29,281806,14,0,0,650.1884274997693,11.564693441587476,12.455377103397373,1,tomjenkinson,106,0.49056603773584906,3,false,false
1681782,jbosstm/narayana,java,363,1372791607,1372835138,1372835138,725,725,merged_in_comments,false,false,11,1,4,3,29,281806,0,33,0,650.1884274997693,11.564693441587476,12.455377103397373,1,tomjenkinson,105,0.49523809523809526,3,false,false
1680338,jbosstm/narayana,java,362,1372775355,1372835094,1372835094,995,995,github,false,false,11,2,10,6,29,281806,0,0,38,650.1884274997693,11.564693441587476,12.455377103397373,1,Gytis,37,0.6486486486486487,1,false,false
1670308,jbosstm/narayana,java,361,1372537027,1372940690,1372940690,6727,6727,github,false,false,11,2,12,2,30,281806,0,74,1,650.1884274997693,11.564693441587476,12.455377103397373,1,mmusgrov,56,0.5535714285714286,1,false,false
1667325,jbosstm/narayana,java,360,1372444746,1372491795,1372491795,784,784,github,false,false,11,1,4,4,30,270267,75,0,0,643.9483917755406,10.633928670536914,9.85321922395261,1,mmusgrov,55,0.5454545454545454,1,false,false
1667014,jbosstm/narayana,java,359,1372440350,1372941069,1372941069,8345,8345,github,false,false,11,2,29,6,30,281806,177,0,5,650.1884274997693,11.564693441587476,12.455377103397373,1,mmusgrov,54,0.5370370370370371,1,false,false
1666347,jbosstm/narayana,java,358,1372430415,,1372537094,1777,,unknown,false,false,11,1,7,2,30,281806,0,38,0,650.1884274997693,11.564693441587476,12.455377103397373,1,mmusgrov,53,0.5471698113207547,1,false,false
1666056,jbosstm/narayana,java,357,1372426558,1372491551,1372491551,1083,1083,github,false,false,11,1,5,3,30,270267,5,35,1,643.9483917755406,10.633928670536914,9.85321922395261,1,mmusgrov,52,0.5384615384615384,1,false,false
1659604,jbosstm/narayana,java,356,1372359819,,1372834976,7919,,unknown,false,true,11,2,0,1,30,281615,36,0,0,650.2601068835112,11.55478223816203,12.392805780942066,1,tomjenkinson,104,0.5,3,false,false
1658874,jbosstm/narayana,java,355,1372351623,1372936548,1372936548,9748,9748,github,false,false,11,3,12,1,30,270267,44,0,0,643.9483917755406,10.633928670536914,9.85321922395261,1,tomjenkinson,103,0.49514563106796117,3,false,false
1657397,jbosstm/narayana,java,354,1372332214,1372346432,1372346432,236,236,github,false,false,11,1,16,1,30,281613,11,0,0,650.2647249949398,11.554864299588443,12.392893793965477,1,Gytis,36,0.6388888888888888,1,false,false
1655250,jbosstm/narayana,java,353,1372239496,1372944870,1372944870,11756,11756,github,false,false,11,4,12,21,29,281558,38,188,25,650.1999588006734,11.54646644741048,12.377556311665803,1,Gytis,35,0.6285714285714286,1,false,false
1651133,jbosstm/narayana,java,352,1372238720,1372316243,1372316243,1292,1292,merged_in_comments,false,false,11,1,2,1,29,281558,0,0,0,650.1999588006734,11.54646644741048,12.377556311665803,1,tomjenkinson,102,0.5,3,false,false
1651268,jbosstm/narayana,java,351,1372235247,1372245028,1372245028,163,163,merged_in_comments,false,false,11,1,3,2,29,281558,0,24,0,650.1999588006734,11.54646644741048,12.377556311665803,1,paulrobinson,102,0.9607843137254902,4,false,true
1647883,jbosstm/narayana,java,350,1372176715,,1373889215,28541,,unknown,false,true,11,3,15,19,30,281558,0,0,0,650.1999588006734,11.54646644741048,12.377556311665803,1,pgier,3,0.0,6,false,false
1646746,jbosstm/narayana,java,349,1372164669,1373356302,1373356303,19860,19860,github,false,false,11,2,22,2,29,281558,30,0,36,650.1999588006734,11.54646644741048,12.377556311665803,1,Gytis,34,0.6176470588235294,1,false,false
1643275,jbosstm/narayana,java,348,1372107374,1372316447,1372316447,3484,3484,merged_in_comments,false,false,11,2,13,7,29,281558,0,0,0,650.1999588006734,11.54646644741048,12.377556311665803,1,pgier,2,0.0,6,false,false
1638907,jbosstm/narayana,java,347,1372063921,1372192934,1372192934,2150,2150,merged_in_comments,false,false,11,1,2,48,30,270267,0,0,0,643.9483917755406,10.633928670536914,9.85321922395261,1,liweinan,3,0.0,49,false,false
1628824,jbosstm/narayana,java,346,1371806231,1372944929,1372944929,18978,18978,github,false,false,11,3,18,18,29,281379,0,6231,11,649.9774325731487,11.528934284363794,12.27170471143902,1,Gytis,33,0.6060606060606061,1,false,false
1622412,jbosstm/narayana,java,345,1371705032,,1372063894,5981,,unknown,false,false,11,3,8,48,30,270267,0,0,0,643.9483917755406,10.633928670536914,9.85321922395261,1,liweinan,2,0.0,49,false,false
1611208,jbosstm/narayana,java,344,1371541699,1371637949,1371637949,1604,1604,merged_in_comments,false,false,10,1,4,1,30,281060,26,0,0,649.7580587774853,11.517113783533764,12.207357859531772,1,tomjenkinson,101,0.504950495049505,3,false,false
1605730,jbosstm/narayana,java,343,1371458775,1371497647,1371497647,647,647,merged_in_comments,false,false,10,9,35,775,30,271177,83466,9774,0,654.4581583246368,11.295205714348931,11.391084052113564,1,tomjenkinson,100,0.51,3,false,false
1592548,jbosstm/narayana,java,342,1371140512,1371796765,1371796765,10937,10937,commit_sha_in_comments,false,false,10,6,37,5,34,270967,83,553,0,654.1903626640883,11.289197577564796,11.318721467927828,1,johnathonlee,0,0,1,false,false
1589969,jbosstm/narayana,java,341,1371108711,1371202910,1371202910,1569,1569,github,false,false,9,2,2,3,34,270207,16,78,14,643.8693298101086,10.636289955478578,9.855407150814006,1,mmusgrov,51,0.5294117647058824,1,false,false
1588493,jbosstm/narayana,java,340,1371075125,,1371452543,6290,,unknown,false,false,9,1,2,3,33,270967,19,75,0,654.1350053696575,11.285507091269416,11.31134049533707,1,mmusgrov,50,0.54,1,false,false
1581220,jbosstm/narayana,java,339,1370962602,1371109475,1371109475,2447,2447,github,false,false,9,1,2,1,34,270967,0,34,0,654.1350053696575,11.285507091269416,11.31134049533707,1,mmusgrov,49,0.5306122448979592,1,false,false
1576045,jbosstm/narayana,java,338,1370875133,1370956776,1370956776,1360,1360,github,false,false,9,2,3,3,36,270957,25,30,2,654.1554564008312,11.28592359673306,11.311757954214137,1,mmusgrov,48,0.5208333333333334,1,false,false
1565151,jbosstm/narayana,java,337,1370611319,1370611354,1370611354,0,0,github,false,false,9,1,0,1,38,270934,0,0,24,654.0633512220688,11.275808868580539,11.275808868580539,1,tomjenkinson,99,0.5050505050505051,3,false,false
1564743,jbosstm/narayana,java,336,1370606454,,1370875347,4481,,unknown,false,false,9,2,2,5,37,270934,24,104,0,654.0633512220688,11.275808868580539,11.275808868580539,1,mmusgrov,47,0.5319148936170213,1,false,false
1564109,jbosstm/narayana,java,335,1370596837,1370596893,1370596893,0,0,github,false,false,9,1,0,2,38,270934,0,0,23,654.0633512220688,11.275808868580539,11.275808868580539,1,tomjenkinson,98,0.5,3,false,false
1563994,jbosstm/narayana,java,334,1370594772,1370935071,1370935071,5671,5671,merged_in_comments,false,false,9,1,2,2,37,270934,0,0,0,654.0633512220688,11.275808868580539,11.275808868580539,1,tomjenkinson,97,0.5051546391752577,3,false,false
1562509,jbosstm/narayana,java,333,1370561581,1374013108,1374013108,57525,57525,github,false,false,9,3,22,5,37,270892,32,0,39,654.164759387505,11.277557107629608,11.277557107629608,1,zhfeng,31,0.8064516129032258,2,false,false
1561527,jbosstm/narayana,java,332,1370547677,1370587867,1370587867,669,669,merged_in_comments,false,false,9,2,2,51,37,270892,0,0,0,654.164759387505,11.277557107629608,11.277557107629608,1,pgier,1,0.0,6,false,false
1560303,jbosstm/narayana,java,331,1370534170,1370590587,1370590587,940,940,github,false,false,8,11,5,8,38,270169,10,0,17,643.9598917714468,10.637785978406107,9.856793340464673,1,tomjenkinson,96,0.5,3,false,false
1557733,jbosstm/narayana,java,330,1370501497,1370502622,1370502623,18,18,github,false,false,8,1,3,1,39,270887,2,0,2,654.1768338827629,11.277765267436237,11.277765267436237,2,paulrobinson,101,0.9603960396039604,8,false,true
1547920,jbosstm/narayana,java,329,1370498333,1370498359,1370498359,0,0,github,false,false,8,1,0,1,39,270887,16,0,1,654.1768338827629,11.277765267436237,11.277765267436237,1,paulrobinson,100,0.96,4,false,true
1556236,jbosstm/narayana,java,328,1370464977,1370533513,1370533513,1142,1142,merged_in_comments,false,false,8,1,5,1,38,270887,0,0,0,654.1768338827629,11.277765267436237,11.277765267436237,1,tomjenkinson,95,0.5052631578947369,3,false,false
1552694,jbosstm/narayana,java,327,1370419114,1370419135,1370419135,0,0,github,false,false,8,1,0,1,41,270878,0,0,0,654.1985690975273,11.278139974453445,11.278139974453445,1,paulrobinson,99,0.9595959595959596,4,false,true
1549298,jbosstm/narayana,java,326,1370363170,1370363195,1370363195,0,0,github,false,false,8,1,0,1,41,270169,0,0,0,643.9598917714468,10.637785978406107,9.856793340464673,1,paulrobinson,98,0.9591836734693877,4,false,true
1543968,jbosstm/narayana,java,325,1370255536,1370345189,1370345189,1494,1494,merged_in_comments,false,false,8,1,3,2,41,270850,4,0,0,654.0114454495108,11.268229647406313,11.268229647406313,1,tomjenkinson,94,0.5106382978723404,3,false,false
1543969,jbosstm/narayana,java,324,1370254120,1370423825,1370423825,2828,2828,github,false,false,8,1,8,6,41,270886,0,0,76,654.1792488353034,11.27780690031969,11.27780690031969,1,tomjenkinson,93,0.5053763440860215,3,false,false
1550509,jbosstm/narayana,java,323,1370251201,1370423529,1370423529,2872,2872,github,false,false,8,1,8,2,41,270886,2,0,56,654.1792488353034,11.27780690031969,11.27780690031969,1,tomjenkinson,92,0.5,3,false,false
1550529,jbosstm/narayana,java,322,1370250472,1370587771,1370587771,5621,5621,merged_in_comments,false,false,8,1,11,1,40,270850,54,0,0,654.0114454495108,11.268229647406313,11.268229647406313,1,tomjenkinson,91,0.5054945054945055,3,false,false
1543967,jbosstm/narayana,java,321,1370250041,1370534786,1370534786,4745,4745,github,false,false,8,1,2,2,41,270169,1,0,12,643.9598917714468,10.637785978406107,9.856793340464673,1,mmusgrov,46,0.5217391304347826,1,false,false
1550377,jbosstm/narayana,java,320,1370249992,1370423039,1370423039,2884,2884,github,false,false,8,1,5,2,41,270886,2,0,54,654.1792488353034,11.27780690031969,11.27780690031969,1,tomjenkinson,90,0.5,3,false,false
1550384,jbosstm/narayana,java,319,1370249229,1370422783,1370422783,2892,2892,merged_in_comments,false,false,8,1,5,0,40,270850,5,0,0,654.0114454495108,11.268229647406313,11.268229647406313,1,tomjenkinson,89,0.5056179775280899,3,false,false
1550383,jbosstm/narayana,java,318,1370248622,,1370422737,2901,,unknown,false,false,8,1,5,2,40,270850,14,0,0,654.0114454495108,11.268229647406313,11.268229647406313,1,tomjenkinson,88,0.5113636363636364,3,false,false
1550315,jbosstm/narayana,java,317,1370248140,1370422651,1370422651,2908,2908,merged_in_comments,false,false,8,1,6,3,40,270878,2,0,0,654.1985690975273,11.278139974453445,11.278139974453445,1,tomjenkinson,87,0.5172413793103449,3,false,false
1543974,jbosstm/narayana,java,316,1370246368,1370344997,1370344997,1643,1643,merged_in_comments,false,false,8,1,4,1,41,270850,0,0,0,654.0114454495108,11.268229647406313,11.268229647406313,1,tomjenkinson,86,0.5232558139534884,3,false,false
1543973,jbosstm/narayana,java,315,1370245719,1370345899,1370345899,1669,1669,merged_in_comments,false,false,8,1,3,1,42,270850,8,0,0,654.0114454495108,11.268229647406313,11.268229647406313,1,tomjenkinson,85,0.5294117647058824,3,false,false
1543971,jbosstm/narayana,java,314,1370201486,1370534200,1370534200,5545,5545,merged_in_comments,false,false,8,1,4,1,42,270850,9,0,0,654.0114454495108,11.268229647406313,11.268229647406313,1,mmusgrov,45,0.5333333333333333,1,false,false
1718228,jbosstm/narayana,java,313,1370000159,1370003191,1370003192,50,50,github,false,false,8,1,1,1,45,270850,0,0,10,654.0114454495108,11.268229647406313,11.268229647406313,1,paulrobinson,97,0.9587628865979382,4,false,true
1718011,jbosstm/narayana,java,312,1369997079,1369999347,1369999347,37,37,github,false,false,7,1,2,1,45,270850,0,0,11,654.0114454495108,11.268229647406313,11.268229647406313,1,Gytis,32,0.59375,1,false,false
1534724,jbosstm/narayana,java,311,1369835126,1369835326,1369835326,3,3,merged_in_comments,false,false,7,1,1,4,46,270850,0,8,0,653.981908805612,11.268229647406313,11.268229647406313,1,Gytis,31,0.6129032258064516,1,false,false
1534361,jbosstm/narayana,java,310,1369831472,1369831755,1369831756,4,4,github,false,false,7,1,1,4,47,270850,0,68,1,653.8194572641684,11.268229647406313,11.268229647406313,1,Gytis,30,0.6,1,false,false
1534360,jbosstm/narayana,java,309,1369831438,1369831458,1369831458,0,0,github,false,false,7,1,0,1,47,270850,0,2,2,653.8120731031937,11.268229647406313,11.268229647406313,1,paulrobinson,96,0.9583333333333334,4,false,true
1528540,jbosstm/narayana,java,308,1369744684,1369816787,1369816787,1201,1201,github,false,false,7,4,8,35,46,269866,3090,3744,134,654.1024063794624,11.209266821311319,10.968406542506282,1,paulrobinson,95,0.9578947368421052,4,false,true
1527035,jbosstm/narayana,java,307,1369723199,1369903119,1369903119,2998,2998,github,false,false,7,3,8,2,47,270164,26,0,0,643.9718097155802,10.63798285485853,9.856975762869961,1,mmusgrov,44,0.5227272727272727,1,false,false
1524890,jbosstm/narayana,java,306,1369678229,1369738687,1369738687,1007,1007,github,false,false,7,2,4,17,47,269670,923,782,10,653.6730077502132,11.19887269625839,10.931879704824414,1,Gytis,29,0.5862068965517241,1,false,false
1523087,jbosstm/narayana,java,305,1369651655,1369738725,1369738725,1451,1451,github,false,false,7,1,2,2,48,269670,8,17,0,653.6730077502132,11.19887269625839,10.931879704824414,1,Gytis,28,0.5714285714285714,1,false,false
1520307,jbosstm/narayana,java,304,1369586490,1369651109,1369651109,1076,1076,github,false,false,7,10,6,36,46,269642,308,1162,74,652.6208825034677,11.18890973958063,10.877385570497177,1,paulrobinson,94,0.9574468085106383,4,false,true
1516492,jbosstm/narayana,java,303,1369469721,1369586381,1369586381,1944,1944,github,false,false,7,2,8,28,43,269139,1548,1874,54,651.3028583742972,11.10206993412326,10.59303928453327,1,Gytis,27,0.5555555555555556,1,false,false
1515581,jbosstm/narayana,java,302,1369396501,1369461930,1369461930,1090,1090,merged_in_comments,false,false,7,3,3,11,43,269103,122,518,0,650.5650252877151,11.09240699657752,10.561011954530422,1,paulrobinson,93,0.967741935483871,4,false,true
1509866,jbosstm/narayana,java,301,1369242766,1369284355,1369284355,693,693,github,false,false,7,1,1,50,44,268539,1458,1387,30,649.4438424213987,11.041226786425808,10.30017986214293,1,paulrobinson,92,0.967391304347826,4,false,true
1507781,jbosstm/narayana,java,300,1369214180,1369306655,1369306655,1541,1541,merged_in_comments,false,false,7,2,3,3,45,268539,14,22,0,649.4438424213987,11.041226786425808,10.30017986214293,1,tomjenkinson,84,0.5357142857142857,3,false,false
1710450,jbosstm/narayana,java,299,1369210262,1369304669,1369304669,1573,1573,merged_in_comments,false,false,7,1,3,4,45,268539,0,0,0,649.4438424213987,11.041226786425808,10.30017986214293,1,tomjenkinson,83,0.5421686746987951,3,false,false
1791039,jbosstm/narayana,java,298,1369141083,,1369210094,1150,,unknown,false,false,6,1,2,1,45,268539,0,0,0,649.4438424213987,11.041226786425808,10.30017986214293,1,tomjenkinson,82,0.5487804878048781,3,false,false
1707515,jbosstm/narayana,java,297,1369120509,1369185846,1369185846,1088,1088,github,false,false,6,1,2,1,47,268539,0,0,17,649.4438424213987,11.041226786425808,10.30017986214293,1,zhfeng,30,0.8,2,false,false
1503784,jbosstm/narayana,java,296,1369077001,,1369744797,11129,,unknown,false,false,6,1,2,11,47,268539,0,0,0,649.4438424213987,11.041226786425808,10.30017986214293,2,pgier,0,0,12,false,false
1499502,jbosstm/narayana,java,295,1369000791,1369036280,1369036280,591,591,github,false,false,6,1,1,4,47,268539,0,0,41,649.4438424213987,11.041226786425808,10.30017986214293,1,zhfeng,29,0.7931034482758621,2,false,false
1486420,jbosstm/narayana,java,294,1368700152,,1369321180,10350,,unknown,false,false,6,11,4,12,46,268539,156,128,0,649.4438424213987,11.041226786425808,10.30017986214293,1,liweinan,1,0.0,47,false,false
1486132,jbosstm/narayana,java,293,1368693989,1369304694,1369304694,10178,10178,merged_in_comments,false,true,6,11,10,15,46,268539,156,128,0,649.4438424213987,11.041226786425808,10.30017986214293,1,liweinan,0,0,47,false,false
1467164,jbosstm/narayana,java,292,1368364691,1369121699,1369121699,12616,12616,commits_in_master,false,false,6,4,6,5,47,268539,28,0,41,649.4438424213987,11.041226786425808,10.30017986214293,1,mmusgrov,43,0.5348837209302325,1,false,false
1450743,jbosstm/narayana,java,291,1368020487,1368032031,1368032031,192,192,merged_in_comments,false,false,6,2,3,2,47,268539,36,0,0,649.4438424213987,11.041226786425808,10.30017986214293,1,tomjenkinson,81,0.5555555555555556,3,false,false
1449793,jbosstm/narayana,java,290,1368008963,1368031993,1368031994,383,383,github,false,false,6,1,1,11,48,268539,0,0,94,649.4438424213987,11.041226786425808,10.30017986214293,1,tomjenkinson,80,0.55,3,false,false
1423112,jbosstm/narayana,java,289,1367473729,1367515611,1367515611,698,698,merged_in_comments,false,false,6,1,1,1,50,270156,0,0,0,643.9760730836997,10.638297872340425,9.853566087741896,1,tomjenkinson,79,0.5569620253164557,3,false,false
1418212,jbosstm/narayana,java,288,1367393123,1367515584,1367515584,2041,2041,merged_in_comments,false,false,6,1,2,1,51,268539,0,0,0,649.4438424213987,11.041226786425808,10.30017986214293,1,tomjenkinson,78,0.5641025641025641,3,false,false
1412680,jbosstm/narayana,java,287,1367306414,1367473563,1367473563,2785,2785,commits_in_master,false,false,6,4,2,1,52,268539,18,0,48,649.4438424213987,11.041226786425808,10.30017986214293,1,paulrobinson,91,0.978021978021978,4,false,true
1412343,jbosstm/narayana,java,286,1367300435,1367321731,1367321731,354,354,merged_in_comments,false,false,6,1,3,1,51,268539,2,0,0,649.4438424213987,11.041226786425808,10.30017986214293,1,tomjenkinson,77,0.5714285714285714,3,false,false
1400971,jbosstm/narayana,java,285,1367091809,1367174502,1367174503,1378,1378,github,false,false,6,1,3,1,52,270153,0,5,0,643.9721195026522,10.638416008706178,9.853675509803704,1,mmusgrov,42,0.5238095238095238,1,false,false
1400961,jbosstm/narayana,java,284,1367091640,1367174062,1367174062,1373,1373,github,false,false,6,1,2,1,52,268536,0,4,0,649.4399261179135,11.041350135549795,10.300294932523013,1,mmusgrov,41,0.5121951219512195,1,false,false
1400404,jbosstm/narayana,java,283,1367080296,1367123029,1367123029,712,712,github,false,false,6,2,2,1,50,268536,9,0,44,649.4399261179135,11.041350135549795,10.300294932523013,1,paulrobinson,90,0.9777777777777777,4,false,true
1744103,jbosstm/narayana,java,282,1366885990,1366889708,1366889708,61,61,github,false,false,6,1,1,2,50,268507,6,0,21,649.4095126011612,11.042542652519302,10.275337328263323,1,paulrobinson,89,0.9775280898876404,4,false,true
1684645,jbosstm/narayana,java,281,1366804702,1367062528,1367062528,4297,4297,merged_in_comments,false,false,6,1,3,3,50,268507,28,43,0,649.4095126011612,11.042542652519302,10.275337328263323,1,tomjenkinson,76,0.5789473684210527,3,false,false
1684639,jbosstm/narayana,java,280,1366804488,1367062274,1367062274,4296,4296,merged_in_comments,false,false,6,1,3,3,50,270124,26,43,0,643.9413010321185,10.639558128859338,9.828819357036028,1,tomjenkinson,75,0.5866666666666667,3,false,false
1737229,jbosstm/narayana,java,279,1366735750,1366778305,1366778305,709,709,github,false,false,6,1,2,5,52,268507,0,15,5,649.4653770665196,11.042542652519302,10.275337328263323,1,paulrobinson,88,0.9772727272727273,4,false,true
1737181,jbosstm/narayana,java,278,1366735165,1366778555,1366778555,723,723,github,false,false,6,1,2,1,52,270124,0,0,4,643.9413010321185,10.639558128859338,9.828819357036028,1,paulrobinson,87,0.9770114942528736,4,false,true
1398357,jbosstm/narayana,java,277,1366621321,1366624003,1366624004,44,44,github,false,false,6,1,1,1,53,268507,19,0,18,649.4653770665196,11.042542652519302,10.275337328263323,2,tomjenkinson,74,0.581081081081081,6,false,false
1390718,jbosstm/narayana,java,276,1366388225,1366517807,1366517807,2159,2159,github,false,false,6,1,5,1,53,268506,0,0,7,649.4677958779321,11.042583778388565,10.275375596820927,1,mmusgrov,40,0.5,1,false,false
1380195,jbosstm/narayana,java,275,1366190800,1366201606,1366201606,180,180,github,false,false,6,1,1,1,54,270116,0,13,0,643.9307556753396,10.63987323964519,9.829110456248426,1,paulrobinson,86,0.9767441860465116,4,false,true
1380073,jbosstm/narayana,java,274,1366188283,1366261208,1366261208,1215,1215,github,false,false,6,1,2,1,54,268498,0,13,0,649.4573516376287,11.042912796370922,10.275681755543802,1,paulrobinson,85,0.9764705882352941,4,false,true
1379494,jbosstm/narayana,java,273,1366177856,1366181659,1366181659,63,63,github,false,false,6,1,1,5,54,268498,0,15,5,649.4014852997043,11.042912796370922,10.275681755543802,1,paulrobinson,84,0.9761904761904762,4,false,true
1376787,jbosstm/narayana,java,272,1366120165,,1366359395,3987,,unknown,false,false,7,1,4,1,53,268498,14,0,0,649.4573516376287,11.042912796370922,10.275681755543802,1,mmusgrov,39,0.5128205128205128,1,false,false
1376549,jbosstm/narayana,java,271,1366115810,1366116573,1366116573,12,12,merged_in_comments,false,false,7,1,2,2,53,270116,89,0,6,643.9307556753396,10.63987323964519,9.829110456248426,1,Gytis,26,0.5769230769230769,1,false,false
1376514,jbosstm/narayana,java,270,1366115030,1366116565,1366116565,25,25,github,false,false,7,1,2,2,52,268498,89,0,17,649.4014852997043,11.042912796370922,10.275681755543802,1,Gytis,25,0.56,1,false,false
1371313,jbosstm/narayana,java,269,1366013046,,1366614731,10028,,unknown,false,false,7,1,9,1,50,268506,3,0,0,649.4677958779321,11.042583778388565,10.275375596820927,1,tomjenkinson,73,0.589041095890411,3,false,false
1371329,jbosstm/narayana,java,268,1365679812,1366013453,1366013453,5560,5560,merged_in_comments,false,false,7,1,4,9,52,268498,2,0,0,649.4014852997043,11.042912796370922,10.275681755543802,1,Gytis,24,0.5833333333333334,1,false,false
1362415,jbosstm/narayana,java,267,1365601097,1365756542,1365756542,2590,2590,merged_in_comments,false,false,7,4,7,18,50,268498,8,6,0,649.4014852997043,11.042912796370922,10.275681755543802,1,paulrobinson,83,0.9879518072289156,4,false,true
1354364,jbosstm/narayana,java,266,1365592059,1365669016,1365669016,1282,1282,github,false,false,7,1,2,1,50,268498,4,0,13,649.4014852997043,11.042912796370922,10.275681755543802,1,Gytis,23,0.5652173913043478,1,false,false
1354026,jbosstm/narayana,java,265,1365586008,1365671448,1365671448,1424,1424,github,false,false,7,1,3,1,50,270116,37,0,2,643.9307556753396,10.63987323964519,9.829110456248426,1,Gytis,22,0.5454545454545454,1,false,false
1354023,jbosstm/narayana,java,264,1365585964,1365671478,1365671478,1425,1425,github,false,false,7,1,3,1,50,268498,37,0,13,649.4014852997043,11.042912796370922,10.275681755543802,1,Gytis,21,0.5238095238095238,1,false,false
1362730,jbosstm/narayana,java,263,1365444734,1365763253,1365763253,5308,5308,merged_in_comments,false,false,7,1,3,40,52,270116,0,0,0,643.9307556753396,10.63987323964519,9.829110456248426,1,Gytis,20,0.55,1,false,false
1346257,jbosstm/narayana,java,262,1365421898,1366265794,1366265794,14064,14064,merged_in_comments,true,false,7,1,26,37,52,268498,0,0,0,649.4014852997043,11.042912796370922,10.275681755543802,1,Gytis,19,0.5789473684210527,1,false,false
1336364,jbosstm/narayana,java,261,1365145549,1365149767,1365149767,70,70,github,false,false,7,1,2,1,53,268485,5,0,11,649.4329292139226,11.043447492411122,10.276179302381884,1,tomjenkinson,72,0.5833333333333334,3,false,false
1332903,jbosstm/narayana,java,260,1365060273,1365060317,1365060317,0,0,commits_in_master,false,true,7,6,21,2,52,268498,43,0,11,649.4014852997043,11.042912796370922,10.275681755543802,1,StuartWheater,0,0,0,false,false
1329501,jbosstm/narayana,java,259,1364976023,1365138261,1365138261,2703,2703,github,false,false,6,1,2,1,52,268485,0,8,3,649.4180308024658,11.043447492411122,10.276179302381884,1,tomjenkinson,71,0.5774647887323944,3,false,false
1329264,jbosstm/narayana,java,258,1364971702,1365403096,1365403096,7189,7189,github,false,false,6,1,8,4,52,268485,0,0,22,649.4180308024658,11.043447492411122,10.276179302381884,1,ochaloup,1,1.0,3,false,false
1329260,jbosstm/narayana,java,257,1364971633,1365403115,1365403115,7191,7191,github,false,false,6,1,3,4,52,270103,0,0,0,643.9617479257913,10.640385334483513,9.82958352924625,1,ochaloup,0,0,3,false,false
1320126,jbosstm/narayana,java,256,1364800346,1365403024,1365403024,10044,10044,github,false,false,6,1,18,1,52,268485,68,0,0,649.4329292139226,11.043447492411122,10.276179302381884,1,jaikiran,1,1.0,20,false,false
1320121,jbosstm/narayana,java,255,1364800149,1365403015,1365403015,10047,10047,github,false,false,6,1,14,1,52,270103,35,0,0,643.9617479257913,10.640385334483513,9.82958352924625,1,jaikiran,0,0,20,false,false
1306521,jbosstm/narayana,java,254,1364486759,1365059288,1365059288,9602,9602,github,false,false,6,1,3,1,52,270382,0,0,7,652.0034617689048,10.969665140430946,10.189287748444793,1,tomjenkinson,70,0.5714285714285714,3,false,false
1306260,jbosstm/narayana,java,253,1364480790,1364886475,1364886475,6821,6821,github,false,false,6,1,2,1,52,270103,0,4,0,643.9617479257913,10.644087625831627,9.82958352924625,1,mmusgrov,38,0.5,1,false,false
1305224,jbosstm/narayana,java,252,1364464977,,1364887190,7096,,unknown,false,false,6,2,3,1,52,270382,14,2913,0,652.0034617689048,10.969665140430946,10.189287748444793,1,mmusgrov,37,0.5135135135135135,1,false,false
1300162,jbosstm/narayana,java,251,1364378335,1364968515,1364968515,9896,9896,github,false,false,6,1,5,6,53,270103,0,0,0,643.9617479257913,10.644087625831627,9.82958352924625,1,tomjenkinson,69,0.5652173913043478,3,false,false
1312710,jbosstm/narayana,java,250,1364375366,1365137873,1365137873,12768,12768,github,false,false,6,1,6,1,53,270382,0,0,9,652.0034617689048,10.969665140430946,10.189287748444793,1,tomjenkinson,68,0.5588235294117647,3,false,false
1290413,jbosstm/narayana,java,249,1363966146,1365668851,1365668851,28438,28438,github,false,false,6,2,24,11,53,270078,0,0,1,643.9584120143069,10.64507290486452,9.830493413014018,1,Gytis,18,0.5555555555555556,1,false,false
1290210,jbosstm/narayana,java,248,1363963554,,1364305293,5695,,unknown,false,false,6,1,1,8,53,270078,48,320,0,643.9584120143069,10.64507290486452,9.830493413014018,1,mmusgrov,36,0.5277777777777778,1,false,false
1292826,jbosstm/narayana,java,247,1363957333,1364225550,1364225550,4470,4470,merged_in_comments,false,false,6,1,2,3,53,270078,0,28,0,643.9584120143069,10.64507290486452,9.830493413014018,1,tomjenkinson,67,0.5671641791044776,3,false,false
1289255,jbosstm/narayana,java,246,1363949466,1364225699,1364225699,4603,4603,github,false,false,6,1,2,4,53,270357,0,0,25,651.9823788546255,10.97067950894558,10.212422833512726,1,istudens,4,0.75,1,false,false
1289253,jbosstm/narayana,java,245,1363949432,1364225718,1364225718,4604,4604,github,false,false,6,1,0,4,53,270078,0,0,1,643.9584120143069,10.64507290486452,9.830493413014018,1,istudens,3,0.6666666666666666,1,false,false
1289247,jbosstm/narayana,java,244,1363949294,,1363949344,0,,unknown,false,false,6,93,0,430,53,270357,5457,46281,0,651.9823788546255,10.97067950894558,10.212422833512726,1,istudens,2,1.0,1,false,false
1287800,jbosstm/narayana,java,243,1363911732,,1364129439,3628,,unknown,false,false,6,2,2,1,54,270357,4,0,0,651.9823788546255,10.97067950894558,10.212422833512726,1,mmusgrov,35,0.5428571428571428,1,false,false
1285417,jbosstm/narayana,java,242,1363875818,1364225741,1364225741,5832,5832,github,false,false,6,2,5,3,54,270160,54,0,0,651.7767249037607,10.974977790938704,10.208765176191886,1,istudens,1,1.0,1,false,false
1285144,jbosstm/narayana,java,241,1363872536,1364225972,1364225972,5890,5890,merged_in_comments,false,false,6,1,2,1,55,270160,0,52,0,651.7767249037607,10.974977790938704,10.208765176191886,1,tomjenkinson,66,0.5757575757575758,3,false,false
1284559,jbosstm/narayana,java,240,1363861456,1364225763,1364225763,6071,6071,github,false,false,6,2,5,3,55,270078,54,0,0,643.9584120143069,10.64507290486452,9.830493413014018,1,istudens,0,0,1,false,false
1281588,jbosstm/narayana,java,239,1363798490,1363881154,1363881154,1377,1377,github,false,false,6,1,4,8,54,270160,41,321,9,651.7767249037607,10.974977790938704,10.208765176191886,1,mmusgrov,34,0.5294117647058824,1,false,false
1272018,jbosstm/narayana,java,238,1363623207,,1363700760,1292,,unknown,false,false,6,1,1,4,55,270052,34,414,0,651.637462414646,10.975663946202953,10.194332943284998,1,tomjenkinson,65,0.5846153846153846,3,false,false
1270775,jbosstm/narayana,java,237,1363604378,1363617468,1363617468,218,218,merged_in_comments,false,false,6,1,1,1,55,270052,0,0,0,651.637462414646,10.975663946202953,10.194332943284998,1,Gytis,17,0.5882352941176471,1,false,false
1256602,jbosstm/narayana,java,236,1363268878,1363329830,1363329830,1015,1015,github,false,false,6,7,5,11,56,270052,112,0,59,651.637462414646,10.975663946202953,10.194332943284998,1,paulrobinson,82,0.9878048780487805,4,false,true
1243522,jbosstm/narayana,java,235,1363018664,1363768864,1363768864,12503,12503,github,false,false,6,5,15,3,56,270052,0,698,3,651.637462414646,10.975663946202953,10.194332943284998,1,tomjenkinson,64,0.578125,2,false,false
1233325,jbosstm/narayana,java,234,1362757064,1362814165,1362814165,951,951,github,false,false,6,4,7,2,57,270052,0,0,9,651.637462414646,10.975663946202953,10.194332943284998,1,paulrobinson,81,0.9876543209876543,4,false,true
1229063,jbosstm/narayana,java,233,1362681375,,1362990959,5159,,unknown,false,false,6,3,6,3,57,270052,29,0,0,651.637462414646,10.975663946202953,10.194332943284998,1,mmusgrov,33,0.5454545454545454,1,false,false
1229060,jbosstm/narayana,java,232,1362681363,1363077448,1363077448,6601,6601,github,false,false,6,2,4,1,57,270052,24,0,8,651.637462414646,10.975663946202953,10.194332943284998,1,mmusgrov,32,0.53125,1,false,false
1227856,jbosstm/narayana,java,231,1362653868,1362677713,1362677713,397,397,github,false,false,6,1,5,2,58,270052,0,0,12,651.637462414646,10.975663946202953,10.194332943284998,1,Gytis,16,0.5625,1,false,false
1225106,jbosstm/narayana,java,230,1362581036,1362641188,1362641188,1002,1002,merged_in_comments,false,false,6,1,2,1,57,269874,0,0,0,651.4966243506228,10.9717868338558,10.178824192030355,1,tomjenkinson,63,0.5873015873015873,2,false,false
1219603,jbosstm/narayana,java,229,1362397897,,1362580336,3040,,unknown,false,false,6,1,3,0,58,269874,0,4,0,651.4966243506228,10.9717868338558,10.178824192030355,1,Gytis,15,0.6,1,false,false
1219252,jbosstm/narayana,java,228,1362389790,1362389999,1362390000,3,3,github,false,false,6,3,0,3,59,269874,397,0,47,651.4966243506228,10.9717868338558,10.178824192030355,1,Gytis,14,0.5714285714285714,1,false,false
1210362,jbosstm/narayana,java,227,1362143446,1362150426,1362150426,116,116,github,false,false,6,4,0,127,58,269657,1113,3450,38,645.2011258747224,10.67652610538573,9.89775900495815,1,Gytis,13,0.5384615384615384,1,false,false
1202424,jbosstm/narayana,java,226,1361988323,1362034279,1362034279,765,765,github,false,false,6,1,2,2,57,269556,0,0,5,645.0904450281203,10.680526495422102,9.9014675985695,1,paulrobinson,80,0.9875,4,false,true
1202011,jbosstm/narayana,java,225,1361982627,1361982655,1361982655,0,0,github,false,false,6,1,0,2,56,269556,0,4,8,645.0904450281203,10.680526495422102,9.9014675985695,1,paulrobinson,79,0.9873417721518988,4,false,true
1200066,jbosstm/narayana,java,224,1361950959,1362173358,1362173358,3706,3706,merged_in_comments,false,false,6,4,9,4,56,269556,54,414,0,645.0904450281203,10.680526495422102,9.9014675985695,1,tomjenkinson,62,0.5967741935483871,2,false,false
1196752,jbosstm/narayana,java,223,1361889126,,1362580366,11520,,unknown,false,false,6,1,2,1,56,269556,0,5,0,645.0904450281203,10.680526495422102,9.9014675985695,1,mmusgrov,31,0.5483870967741935,1,false,false
1178571,jbosstm/narayana,java,222,1361445932,1361445972,1361445972,0,0,github,false,false,6,1,0,8,56,269556,1,14,20,645.0904450281203,10.680526495422102,9.9014675985695,1,paulrobinson,78,0.9871794871794872,4,false,true
1156842,jbosstm/narayana,java,221,1360929331,1361175958,1361175958,4110,4110,github,false,false,6,1,2,1,54,269556,3,0,9,645.0904450281203,10.680526495422102,9.9014675985695,1,mmusgrov,30,0.5333333333333333,1,false,false
1153689,jbosstm/narayana,java,220,1360853533,1360918556,1360918556,1083,1083,github,false,false,6,1,2,1,54,269552,23,0,8,645.1000178073248,10.680684988425238,9.901614530776992,1,mmusgrov,29,0.5172413793103449,1,false,false
1150962,jbosstm/narayana,java,219,1360784242,1360918386,1360918386,2235,2235,github,false,false,6,1,4,3,53,269552,9,0,0,645.1000178073248,10.680684988425238,9.901614530776992,1,mmusgrov,28,0.5,1,false,false
1044503,jbosstm/narayana,java,218,1360574718,1360574760,1360574760,0,0,github,false,false,6,1,0,2,52,269977,38,0,0,643.8474388559025,10.645351270663797,9.834171059016139,1,paulrobinson,77,0.987012987012987,4,false,true
976565,jbosstm/narayana,java,217,1360247864,1360575493,1360575493,5460,5460,github,false,false,6,1,20,2,51,269552,38,0,0,645.1000178073248,10.680684988425238,9.901614530776992,1,paulrobinson,76,0.9868421052631579,4,false,true
961147,jbosstm/narayana,java,216,1360094929,1360230155,1360230155,2253,2253,github,false,false,6,2,6,6,51,269392,50,274,3,644.9152164874977,10.683316505315673,9.874086832571123,1,tomjenkinson,61,0.5901639344262295,2,false,false
960233,jbosstm/narayana,java,215,1360078173,1360078281,1360078281,1,1,github,false,false,6,1,2,29,50,269439,89,975,55,643.6855837499397,10.67403011442293,9.850095940082912,1,paulrobinson,75,0.9866666666666667,4,false,true
939686,jbosstm/narayana,java,214,1359554565,1359559737,1359559737,86,86,github,false,false,6,1,2,6,50,269439,46,63,8,643.68187233474,10.67403011442293,9.850095940082912,1,paulrobinson,74,0.9864864864864865,4,false,true
832275,jbosstm/narayana,java,213,1358866617,1358928655,1358928655,1033,1033,github,false,false,6,1,2,19,51,269439,0,0,28,643.68187233474,10.67403011442293,9.850095940082912,1,paulrobinson,73,0.9863013698630136,4,false,true
821762,jbosstm/narayana,java,212,1358506919,1358761271,1358761271,4239,4239,github,false,false,6,1,2,9,50,269804,41,108,4,643.4485774858787,10.644764347452224,9.799706453573705,1,paulrobinson,72,0.9861111111111112,4,false,true
821756,jbosstm/narayana,java,211,1358506830,1358761344,1358761344,4241,4241,github,false,false,6,1,2,9,50,269226,41,108,4,643.5262567508339,10.663903189142207,9.824459747572671,1,paulrobinson,71,0.9859154929577465,4,false,true
819738,jbosstm/narayana,java,210,1358506082,1358867300,1358867300,6020,6020,github,false,false,6,1,8,2,49,269226,23,0,1,643.5262567508339,10.663903189142207,9.824459747572671,1,Gytis,12,0.5,1,false,false
819723,jbosstm/narayana,java,209,1358505151,1359377533,1359377533,14539,14539,merged_in_comments,false,false,6,2,8,1,49,277421,50,0,0,629.447662577815,10.849935657358312,9.328781887456248,1,Gytis,11,0.5454545454545454,1,false,false
821591,jbosstm/narayana,java,208,1358502434,1358759957,1358759957,4292,4292,github,false,false,6,1,5,6,49,269804,12,4,2,643.4485774858787,10.644764347452224,9.799706453573705,1,Gytis,10,0.5,1,false,false
821741,jbosstm/narayana,java,207,1358475691,,1358506358,511,,unknown,false,false,6,3,3,136,49,277999,0,15096,0,629.4015446098728,10.830974212137454,9.305788869744134,1,zhfeng,28,0.8214285714285714,1,false,false
817216,jbosstm/narayana,java,206,1358410947,,1358505451,1575,,unknown,false,false,6,2,9,135,49,277421,0,15096,0,629.447662577815,10.849935657358312,9.328781887456248,1,zhfeng,27,0.8518518518518519,1,false,false
819198,jbosstm/narayana,java,205,1358343572,1358767602,1358767602,7067,7067,merged_in_comments,false,false,5,1,2,2,49,277421,13,0,0,629.447662577815,10.849935657358312,9.328781887456248,1,tomjenkinson,60,0.6,2,false,false
918637,jbosstm/narayana,java,204,1358262785,1358322345,1358322345,992,992,github,false,false,5,1,3,7,50,277425,7,18,13,629.4313778498694,10.849779219608903,9.328647382175363,1,paulrobinson,70,0.9857142857142858,4,false,true
918200,jbosstm/narayana,java,203,1358254336,1358330456,1358330456,1268,1268,github,false,false,5,1,3,151,50,278009,0,1851,41,629.1486966249295,10.823390609656522,9.305454139973886,1,paulrobinson,69,0.9855072463768116,4,false,true
828705,jbosstm/narayana,java,202,1358178695,1358774291,1358774291,9926,9926,merged_in_comments,false,false,5,1,8,4,51,269226,39,151,0,643.5262567508339,10.663903189142207,9.824459747572671,1,Gytis,9,0.5555555555555556,1,false,false
914894,jbosstm/narayana,java,201,1358153897,1358243177,1358243177,1488,1488,github,false,false,5,2,4,151,51,277539,0,1851,5,628.9422387484282,10.838116444896034,9.324815611499645,1,paulrobinson,68,0.9852941176470589,4,false,true
802283,jbosstm/narayana,java,200,1357918701,1358861031,1358861031,15705,15705,github,false,false,5,3,8,2,50,277539,92,0,13,629.0431254706546,10.838116444896034,9.324815611499645,1,mmusgrov,27,0.48148148148148145,1,false,false
801058,jbosstm/narayana,java,199,1357915750,1358407345,1358407345,8193,8193,merged_in_comments,false,false,5,1,8,6,50,277539,12,4,0,629.0431254706546,10.838116444896034,9.324815611499645,1,Gytis,8,0.625,1,false,false
799167,jbosstm/narayana,java,198,1357911460,1358147397,1358147397,3932,3932,github,false,false,5,1,2,9,50,277539,0,243,21,629.0431254706546,10.838116444896034,9.324815611499645,1,paulrobinson,67,0.9850746268656716,4,false,true
796018,jbosstm/narayana,java,197,1357907240,,1362579991,77879,,unknown,false,false,5,2,4,2,50,277539,0,0,0,629.0431254706546,10.838116444896034,9.324815611499645,1,Gytis,7,0.7142857142857143,1,false,false
795728,jbosstm/narayana,java,196,1357901474,1358024898,1358024898,2057,2057,github,false,false,5,1,2,1,50,277936,171,0,1,629.3139427781936,10.826233377468196,9.30789822117322,1,tomjenkinson,59,0.5932203389830508,2,false,false
792281,jbosstm/narayana,java,195,1357829945,1357897937,1357897937,1133,1133,merged_in_comments,false,false,5,2,2,1,50,277538,0,101,0,629.1751039497294,10.838155495823996,9.32484920983793,1,tomjenkinson,58,0.603448275862069,2,false,false
791539,jbosstm/narayana,java,194,1357818761,1357897871,1357897871,1318,1318,github,false,false,5,1,2,9,51,277538,5,0,9,629.1751039497294,10.838155495823996,9.32484920983793,1,tomjenkinson,57,0.5964912280701754,2,false,false
788653,jbosstm/narayana,java,193,1357750951,1357810189,1357810189,987,987,github,false,false,5,1,2,2,51,277537,23,0,5,629.1773709451353,10.83819454703337,9.324882808418337,1,mmusgrov,26,0.46153846153846156,1,false,false
788038,jbosstm/narayana,java,192,1357742454,1357809592,1357809592,1118,1118,github,false,false,5,1,3,1,51,277935,1,0,0,629.3162070268228,10.826272329861299,9.30793171065177,1,tomjenkinson,56,0.5892857142857143,2,false,false
781877,jbosstm/narayana,java,191,1357573952,1357628908,1357628908,915,915,github,false,false,5,1,1,5,53,277533,14,6,11,629.1828359150084,10.838350754685028,9.325017205161188,1,paulrobinson,66,0.9848484848484849,4,false,true
778833,jbosstm/narayana,java,190,1357550182,1357574311,1357574311,402,402,github,false,false,5,2,1,6,52,277533,2,44,16,629.1828359150084,10.838350754685028,9.325017205161188,1,paulrobinson,65,0.9846153846153847,4,false,true
970098,jbosstm/narayana,java,189,1357484173,1357544328,1357544328,1002,1002,github,false,false,5,1,2,2,52,277476,0,10,4,629.3192924793495,10.840577203073419,9.326932779771944,1,Gytis,6,0.6666666666666666,1,false,false
777428,jbosstm/narayana,java,188,1357205872,,1357221382,258,,unknown,false,false,5,1,2,1,53,277480,4,0,0,629.3102205564364,10.840420931238288,9.326798327807408,1,tomjenkinson,55,0.6,2,false,false
775079,jbosstm/narayana,java,187,1357126003,1357197853,1357197853,1197,1197,github,false,false,5,1,1,1,53,277480,0,0,1,629.3102205564364,10.840420931238288,9.326798327807408,1,tomjenkinson,54,0.5925925925925926,2,false,false
774694,jbosstm/narayana,java,186,1357117236,1357285157,1357285157,2798,2798,merged_in_comments,false,false,5,3,12,55,52,277480,561,0,0,629.3102205564364,10.840420931238288,9.326798327807408,1,Gytis,5,0.8,1,false,false
774684,jbosstm/narayana,java,185,1357116946,1357198093,1357198093,1352,1352,merged_in_comments,false,false,5,2,2,1,52,277480,0,0,0,629.3102205564364,10.840420931238288,9.326798327807408,1,tomjenkinson,53,0.6037735849056604,2,false,false
778958,jbosstm/narayana,java,184,1355929164,1358256975,1358256975,38796,38796,github,false,false,5,3,44,40,52,277627,1388,0,3,628.9517950343446,10.84548693030577,9.34707359154549,1,Gytis,4,0.75,1,false,false
894440,jbosstm/narayana,java,183,1355845202,1355865096,1355865096,331,331,github,false,false,5,1,2,19,52,277799,610,488,51,629.4011137549091,10.84237164280649,9.359284950629771,1,paulrobinson,64,0.984375,4,false,true
757323,jbosstm/narayana,java,182,1355753196,1355925712,1355925712,2875,2875,github,false,false,5,3,2,3,51,277940,161,12,4,629.3012880477801,10.826077570698713,9.30776426566885,1,tomjenkinson,52,0.5961538461538461,2,false,false
757263,jbosstm/narayana,java,181,1355751995,1355845383,1355845383,1556,1556,github,false,false,5,1,2,1,51,277940,0,0,1,629.3012880477801,10.826077570698713,9.30776426566885,1,paulrobinson,63,0.9841269841269841,4,false,true
757147,jbosstm/narayana,java,180,1355750279,1355845423,1355845423,1585,1585,github,false,false,5,1,5,1,51,277799,0,0,2,629.4011137549091,10.84237164280649,9.359284950629771,1,paulrobinson,62,0.9838709677419355,4,false,true
751671,jbosstm/narayana,java,179,1355500770,1355588569,1355588569,1463,1463,github,false,false,5,1,2,1,51,277804,0,5,2,629.3861859440468,10.842176498538539,9.359116499402456,1,tomjenkinson,51,0.5882352941176471,2,false,false
751259,jbosstm/narayana,java,178,1355492137,1355588543,1355588543,1606,1606,github,false,false,5,3,4,3,51,278063,161,7,6,630.0370779283832,10.835673930008667,9.353995317607879,1,tomjenkinson,50,0.58,2,false,false
750877,jbosstm/narayana,java,177,1355481340,1355495904,1355495904,242,242,github,false,false,5,1,1,107,50,278063,2209,2151,82,630.0370779283832,10.835673930008667,9.353995317607879,1,paulrobinson,61,0.9836065573770492,4,false,true
744578,jbosstm/narayana,java,176,1355320319,1357549634,1357549634,37155,37155,github,false,false,5,2,14,14,49,278063,1245,0,2,630.0298853137598,10.835673930008667,9.353995317607879,1,Gytis,3,0.6666666666666666,1,false,false
744558,jbosstm/narayana,java,175,1355320031,1355470872,1355470872,2514,2514,github,false,false,5,1,4,5,49,277940,0,2,41,629.3012880477801,10.826077570698713,9.30776426566885,1,paulrobinson,60,0.9833333333333333,4,false,true
744504,jbosstm/narayana,java,174,1355319047,1355429351,1355429351,1838,1838,github,false,false,5,2,7,10,49,278063,1,4,27,630.0298853137598,10.835673930008667,9.353995317607879,1,paulrobinson,59,0.9830508474576272,4,false,true
657188,jbosstm/narayana,java,173,1355254036,,1355317906,1064,,unknown,false,false,5,1,3,14,48,278068,586,0,0,630.0185566120517,10.835479091445258,9.353827121423537,1,Gytis,2,1.0,1,false,false
753670,jbosstm/narayana,java,172,1355233917,1355588582,1355588582,5911,5911,github,false,false,5,1,6,1,49,281677,2,0,0,630.9034816474189,10.721500157982371,9.36178672735083,1,tomjenkinson,49,0.5714285714285714,2,false,false
751677,jbosstm/narayana,java,171,1355233706,,1355500833,4452,,unknown,false,false,5,1,4,1,48,281677,2,0,0,630.9034816474189,10.721500157982371,9.36178672735083,1,tomjenkinson,48,0.5833333333333334,2,false,false
744111,jbosstm/narayana,java,170,1355232882,1355310097,1355310097,1286,1286,github,false,false,5,1,2,1,49,281677,7,0,0,630.9034816474189,10.721500157982371,9.36178672735083,1,tomjenkinson,47,0.574468085106383,2,false,false
744109,jbosstm/narayana,java,169,1355232374,1355310037,1355310038,1294,1294,github,false,false,5,1,2,1,48,281677,2,0,0,630.9034816474189,10.721500157982371,9.36178672735083,1,tomjenkinson,46,0.5652173913043478,2,false,false
693181,jbosstm/narayana,java,168,1354801298,1354867310,1354867310,1100,1100,github,false,false,5,1,2,58,47,281665,978,311,13,630.2842028651057,10.711305984059079,9.312481138941651,0,paulrobinson,58,0.9827586206896551,4,false,true
692895,jbosstm/narayana,java,167,1354798057,1354956689,1354956689,2643,2643,github,false,false,5,1,5,18,47,281635,66,110,30,630.7703232907842,10.723099046638378,9.363182843041525,0,paulrobinson,57,0.9824561403508771,4,false,true
690388,jbosstm/narayana,java,166,1354785628,1354956777,1354956777,2852,2852,github,false,false,5,1,7,18,48,277898,66,110,55,629.166096913256,10.8277137654823,9.309170990795185,0,paulrobinson,56,0.9821428571428571,4,false,true
671178,jbosstm/narayana,java,165,1354705928,1354870703,1354870703,2746,2746,github,false,false,5,1,4,1,48,281665,38,0,1,630.2842028651057,10.711305984059079,9.312481138941651,0,Gytis,1,1.0,1,false,false
671131,jbosstm/narayana,java,164,1354704683,,1354705000,5,,unknown,false,false,5,1,0,2,48,277898,62,66,0,629.166096913256,10.8277137654823,9.309170990795185,0,tomjenkinson,45,0.5777777777777777,2,false,false
659793,jbosstm/narayana,java,163,1354636838,1354636870,1354636870,0,0,github,false,false,5,1,0,0,47,277898,0,0,18,629.166096913256,10.8277137654823,9.309170990795185,0,paulrobinson,55,0.9818181818181818,4,false,true
659770,jbosstm/narayana,java,162,1354636711,1354781475,1354781475,2412,2412,github,false,false,5,1,2,1,47,281665,0,0,0,630.2842028651057,10.711305984059079,9.312481138941651,0,Gytis,0,0,1,false,false
643818,jbosstm/narayana,java,161,1354552677,,1354789917,3954,,unknown,false,false,5,1,2,1,46,298343,0,0,0,650.9520920551178,11.211927211297064,10.859983307803434,0,tomjenkinson,44,0.5909090909090909,2,false,false
643795,jbosstm/narayana,java,160,1354552506,,1354789982,3957,,unknown,false,false,5,1,2,1,46,294576,0,0,0,650.1615881809788,11.328146216935528,10.876649828906631,0,tomjenkinson,43,0.6046511627906976,2,false,false
641742,jbosstm/narayana,java,159,1354538254,,1354538364,1,,unknown,false,false,5,2,0,3,46,298343,4,0,0,650.9520920551178,11.211927211297064,10.859983307803434,0,tomjenkinson,42,0.6190476190476191,2,false,false
576695,jbosstm/narayana,java,158,1354187418,1354636447,1354636447,7483,7483,github,false,false,5,2,1,3,45,294576,0,51404,12,650.1615881809788,11.328146216935528,10.876649828906631,0,paulrobinson,54,0.9814814814814815,4,false,true
576691,jbosstm/narayana,java,157,1354187412,1354635904,1354635905,7474,7474,github,false,false,5,2,2,1,45,298299,0,51036,28,650.9006064385063,11.213581004294348,10.86158518801605,0,paulrobinson,53,0.9811320754716981,4,false,true
887002,jbosstm/narayana,java,156,1354021180,,1354116868,1594,,unknown,false,false,5,1,2,1,43,298209,36,0,0,651.0132155635813,11.2136119298881,10.86486323350402,0,tomjenkinson,41,0.6341463414634146,2,false,false
886405,jbosstm/narayana,java,155,1354010919,1354095656,1354095657,1412,1412,github,false,false,5,1,2,3,43,298209,62,66,0,651.0132155635813,11.2136119298881,10.86486323350402,0,tomjenkinson,40,0.625,2,false,false
887078,jbosstm/narayana,java,154,1353967599,,1354118060,2507,,unknown,false,false,5,1,1,1,43,294486,0,2,0,650.2753950951828,11.32821254660663,10.879973920661763,0,mmusgrov,25,0.48,1,false,false
886433,jbosstm/narayana,java,153,1353967546,1354096618,1354096619,2151,2151,github,false,false,5,1,2,1,43,298209,0,2,2,651.0132155635813,11.2136119298881,10.86486323350402,0,mmusgrov,24,0.4583333333333333,1,false,false
970034,jbosstm/narayana,java,152,1353967403,,1353967512,1,,unknown,false,false,5,55,0,143,43,298209,4506,4644,1006,651.0132155635813,11.2136119298881,10.86486323350402,0,mmusgrov,23,0.4782608695652174,1,false,false
753484,jbosstm/narayana,java,151,1353945974,,1355237980,21533,,unknown,false,false,5,4,11,52,43,298209,4422,4472,0,651.0132155635813,11.2136119298881,10.86486323350402,0,tomjenkinson,39,0.6410256410256411,2,false,false
970038,jbosstm/narayana,java,150,1353938553,,1354020916,1372,,unknown,false,false,5,1,2,1,43,294476,36,0,0,650.2635189285376,11.328597237126285,10.880343389614094,0,tomjenkinson,38,0.6578947368421053,2,false,false
970040,jbosstm/narayana,java,149,1353929439,,1354010799,1356,,unknown,false,false,5,1,6,3,42,294476,62,66,0,650.2635189285376,11.328597237126285,10.880343389614094,0,tomjenkinson,37,0.6756756756756757,2,false,false
970042,jbosstm/narayana,java,148,1353793816,1353794917,1353794917,18,18,merged_in_comments,false,false,5,1,0,2,42,298199,6,0,0,650.9411500373911,11.213987974473422,10.865227582922815,0,mmusgrov,22,0.5,1,false,false
970046,jbosstm/narayana,java,147,1353786000,,1354007731,3695,,unknown,false,false,5,1,2,2,41,298199,0,101,0,650.9411500373911,11.213987974473422,10.865227582922815,0,mmusgrov,21,0.5238095238095238,1,false,false
886470,jbosstm/narayana,java,146,1353767495,,1354098414,5515,,unknown,false,false,5,1,4,5,42,298209,255,0,0,651.0132155635813,11.2136119298881,10.86486323350402,0,mmusgrov,20,0.55,1,false,false
512343,jbosstm/narayana,java,145,1353487684,,1354007389,8661,,unknown,false,false,5,5,5,5,39,298112,743,0,0,650.725230785745,11.21390618291112,10.865044010304851,0,mmusgrov,19,0.5789473684210527,1,false,false
969973,jbosstm/narayana,java,144,1353433305,1353763975,1353763975,5511,5511,github,false,false,5,4,2,2,39,298112,9,0,0,650.725230785745,11.21390618291112,10.865044010304851,0,mmusgrov,18,0.5555555555555556,1,false,false
556508,jbosstm/narayana,java,143,1353432726,,1353658512,3763,,unknown,false,false,5,1,5,1,40,298195,8,0,0,650.9498817887624,11.21413839936954,10.865373329532689,0,mmusgrov,17,0.5882352941176471,1,false,false
500507,jbosstm/narayana,java,142,1353355119,,1353510944,2597,,unknown,false,false,5,1,2,1,40,298112,0,0,0,650.725230785745,11.21390618291112,10.865044010304851,0,tomjenkinson,36,0.6944444444444444,2,false,false
500460,jbosstm/narayana,java,141,1353354926,,1353511084,2602,,unknown,false,false,5,1,2,1,40,298195,0,0,0,650.9498817887624,11.21413839936954,10.865373329532689,0,tomjenkinson,35,0.7142857142857143,2,false,false
490300,jbosstm/narayana,java,140,1353066239,,1353433260,6117,,unknown,false,false,5,2,0,6,39,298112,2,0,0,650.725230785745,11.21390618291112,10.865044010304851,0,mmusgrov,16,0.625,1,false,false
470111,jbosstm/narayana,java,139,1352732426,,1353066315,5564,,unknown,false,false,5,43,2,97,39,298195,186,46,1065,650.9498817887624,11.21413839936954,10.865373329532689,0,mmusgrov,15,0.6666666666666666,1,false,false
462224,jbosstm/narayana,java,138,1352455466,,1353354545,14984,,unknown,false,false,5,31,2,84,39,298195,87,25,1077,650.9498817887624,11.21413839936954,10.865373329532689,0,tomjenkinson,34,0.7352941176470589,2,false,false
458563,jbosstm/narayana,java,137,1352388505,1353920779,1353920779,25537,25537,github,false,false,5,17,46,69,39,298091,12785,9813,113,650.8146841065312,11.214696183380243,10.865809434031888,0,tomjenkinson,33,0.7272727272727273,2,false,false
458554,jbosstm/narayana,java,136,1352388398,,1352388474,1,,unknown,false,false,5,31,0,91,39,298195,497,239,1077,650.9498817887624,11.21413839936954,10.865373329532689,0,tomjenkinson,32,0.75,2,false,false
969978,jbosstm/narayana,java,135,1351766436,1351847593,1351847593,1352,1352,github,false,false,5,1,2,5,40,298193,0,0,0,650.9475406867365,11.214213613330964,10.862092671524818,0,mmusgrov,14,0.6428571428571429,1,false,false
969979,jbosstm/narayana,java,134,1351694808,1351694843,1351694843,0,0,github,false,false,5,1,0,1,40,298193,0,0,8,650.9475406867365,11.214213613330964,10.862092671524818,0,paulrobinson,52,0.9807692307692307,4,false,true
969980,jbosstm/narayana,java,133,1351694513,1351694561,1351694561,0,0,github,false,false,5,1,0,1,40,298091,0,0,11,650.8146841065312,11.214696183380243,10.865809434031888,0,paulrobinson,51,0.9803921568627451,4,false,true
969981,jbosstm/narayana,java,132,1351600566,1351620136,1351620136,326,326,github,false,false,5,1,2,1,40,298193,6,0,0,650.9475406867365,11.214213613330964,10.862092671524818,0,paulrobinson,50,0.98,4,false,true
969982,jbosstm/narayana,java,131,1351600527,1351609671,1351609671,152,152,github,false,false,5,1,2,1,40,298091,6,0,0,650.8146841065312,11.214696183380243,10.865809434031888,0,paulrobinson,49,0.9795918367346939,4,false,true
969983,jbosstm/narayana,java,130,1351169508,1351256607,1351256607,1451,1451,github,false,false,5,1,3,1,39,298193,0,0,5,650.9475406867365,11.214213613330964,10.862092671524818,0,tomjenkinson,31,0.7419354838709677,2,false,false
969984,jbosstm/narayana,java,129,1351075181,1351086833,1351086833,194,194,github,false,false,5,1,1,1,39,298193,8,0,41,650.9475406867365,11.214213613330964,10.862092671524818,0,tomjenkinson,30,0.7333333333333333,2,false,false
969985,jbosstm/narayana,java,128,1351072815,1351077165,1351077165,72,72,github,false,false,5,1,1,1,39,298091,8,0,29,650.8146841065312,11.214696183380243,10.865809434031888,0,tomjenkinson,29,0.7241379310344828,2,false,false
969986,jbosstm/narayana,java,127,1350997289,1351075236,1351075236,1299,1299,github,false,false,5,1,2,1,39,298091,0,0,9,650.8146841065312,11.214696183380243,10.865809434031888,0,tomjenkinson,28,0.7142857142857143,2,false,false
969988,jbosstm/narayana,java,126,1350997122,1351075257,1351075257,1302,1302,github,false,false,5,1,2,1,39,298193,0,0,4,650.9475406867365,11.214213613330964,10.862092671524818,0,tomjenkinson,27,0.7037037037037037,2,false,false
969989,jbosstm/narayana,java,125,1350557173,1350643357,1350643357,1436,1436,github,false,false,6,3,7,20,38,298091,4,0,201,650.8146841065312,11.214696183380243,10.865809434031888,0,paulrobinson,48,0.9791666666666666,4,false,true
969990,jbosstm/narayana,java,124,1350044148,1350045095,1350045095,15,15,github,false,false,6,1,1,1,36,298091,0,0,5,650.82810282766,11.214696183380243,10.865809434031888,0,paulrobinson,47,0.9787234042553191,4,false,true
846056,jbosstm/narayana,java,123,1349933827,1350813652,1350813652,14663,14663,github,false,false,6,1,10,2,36,298091,19,0,34,650.8146841065312,11.214696183380243,10.865809434031888,0,paulrobinson,46,0.9782608695652174,4,false,true
453624,jbosstm/narayana,java,122,1349852203,1349931035,1349931035,1313,1313,github,false,false,6,1,2,1,35,298091,0,6,0,650.8213934670956,11.214696183380243,10.865809434031888,0,paulrobinson,45,0.9777777777777777,4,false,true
884114,jbosstm/narayana,java,121,1349793662,1349793743,1349793743,1,1,github,false,false,6,1,0,1,34,298085,0,2,1,650.8076555344952,11.214921918244796,10.866028146334099,0,paulrobinson,44,0.9772727272727273,4,false,true
884035,jbosstm/narayana,java,120,1349790439,1349846970,1349846970,942,942,github,false,false,6,1,2,7,34,298085,0,25,1,650.8076555344952,11.214921918244796,10.866028146334099,0,paulrobinson,43,0.9767441860465116,4,false,true
843970,jbosstm/narayana,java,119,1349790410,1349846893,1349846893,941,941,github,false,false,6,1,0,7,34,298085,0,25,1,650.8076555344952,11.214921918244796,10.866028146334099,0,paulrobinson,42,0.9761904761904762,4,false,true
882702,jbosstm/narayana,java,118,1349693944,1349764585,1349764585,1177,1177,github,false,false,6,1,0,1,33,298085,2,0,34,650.8076555344952,11.214921918244796,10.866028146334099,0,paulrobinson,41,0.975609756097561,4,false,true
882562,jbosstm/narayana,java,117,1349684629,1349764522,1349764522,1331,1331,github,false,false,6,2,4,1,32,298085,4,0,98,650.8076555344952,11.214921918244796,10.866028146334099,0,paulrobinson,40,0.975,4,false,true
880503,jbosstm/narayana,java,116,1349428852,1349436813,1349436813,132,132,github,false,false,6,1,1,1,32,298085,2,0,48,650.8076555344952,11.214921918244796,10.866028146334099,0,paulrobinson,39,0.9743589743589743,4,false,true
880637,jbosstm/narayana,java,115,1349367027,1349434850,1349434850,1130,1130,github,false,false,6,1,5,3,32,298085,0,13,1,650.8076555344952,11.214921918244796,10.866028146334099,0,paulrobinson,38,0.9736842105263158,4,false,true
878320,jbosstm/narayana,java,114,1349258635,1349347016,1349347016,1473,1473,github,false,false,6,1,0,1,31,298085,2,0,35,650.8076555344952,11.214921918244796,10.866028146334099,0,paulrobinson,37,0.972972972972973,4,false,true
969994,jbosstm/narayana,java,113,1349258501,1349347055,1349347055,1475,1475,github,false,false,6,1,0,1,31,298085,2,0,42,650.8076555344952,11.214921918244796,10.866028146334099,0,paulrobinson,36,0.9722222222222222,4,false,true
451907,jbosstm/narayana,java,112,1349166433,1349178368,1349178368,198,198,github,false,false,5,2,0,3,30,298085,16,0,66,650.8076555344952,11.214921918244796,10.866028146334099,0,paulrobinson,35,0.9714285714285714,4,false,true
449347,jbosstm/narayana,java,111,1349084014,1349179599,1349179599,1593,1593,github,false,false,5,3,0,3,29,298085,12,0,35,650.8076555344952,11.214921918244796,10.866028146334099,0,paulrobinson,34,0.9705882352941176,4,false,true
445251,jbosstm/narayana,java,110,1348851941,1348947019,1348947019,1584,1584,github,false,false,5,1,1,1,29,298085,31,0,35,650.8076555344952,11.214921918244796,10.866028146334099,0,tomjenkinson,26,0.6923076923076923,2,false,false
445018,jbosstm/narayana,java,109,1348846392,1348946957,1348946957,1676,1676,github,false,false,5,1,1,1,30,298085,26,0,35,650.8076555344952,11.214921918244796,10.866028146334099,0,tomjenkinson,25,0.68,2,false,false
441446,jbosstm/narayana,java,108,1348742396,1349342766,1349342766,10006,10006,github,false,false,5,4,6,1,31,298085,55,0,102,650.8076555344952,11.214921918244796,10.866028146334099,0,paulrobinson,33,0.9696969696969697,4,false,true
441157,jbosstm/narayana,java,107,1348733017,1348810642,1348810642,1293,1293,github,false,false,5,2,0,1,31,298085,13,0,34,650.8076555344952,11.214921918244796,10.866028146334099,0,tomjenkinson,24,0.6666666666666666,4,false,false
432610,jbosstm/narayana,java,106,1348464750,1348480308,1348480308,259,259,merged_in_comments,false,false,5,1,1,1,32,298085,4,0,0,650.8076555344952,11.214921918244796,10.866028146334099,0,paulrobinson,32,1.0,4,false,true
430379,jbosstm/narayana,java,105,1348324895,1348383057,1348383057,969,969,github,false,false,5,1,1,2,32,298077,0,205,9,650.7647352865199,11.21522291220054,10.866319776433606,0,paulrobinson,31,1.0,4,false,true
428464,jbosstm/narayana,java,104,1348232329,1348316142,1348316142,1396,1396,github,false,false,5,1,1,3,32,298077,18,0,38,650.7647352865199,11.21522291220054,10.866319776433606,0,mmusgrov,13,0.6153846153846154,2,false,false
425992,jbosstm/narayana,java,103,1348130009,1348221509,1348221509,1525,1525,github,false,false,5,1,0,1,32,298077,2,0,1,650.7647352865199,11.21522291220054,10.866319776433606,0,tomjenkinson,23,0.6521739130434783,2,false,false
424864,jbosstm/narayana,java,102,1348075765,,1348124727,816,,unknown,false,false,5,1,0,1,32,298060,0,18,0,650.6877809836946,11.21586257800443,10.866939542374018,0,tomjenkinson,22,0.6818181818181818,2,false,false
424466,jbosstm/narayana,java,101,1348064698,1348116264,1348116264,859,859,github,false,false,5,1,0,2,31,298060,0,36,15,650.6877809836946,11.21586257800443,10.866939542374018,0,paulrobinson,30,1.0,4,false,true
421874,jbosstm/narayana,java,100,1347967563,1348465413,1348465413,8297,8297,github,false,false,5,2,8,2,30,298077,16,0,37,650.7647352865199,11.21522291220054,10.866319776433606,0,mmusgrov,12,0.5833333333333334,1,false,false
421578,jbosstm/narayana,java,99,1347957075,,1348029480,1206,,unknown,false,false,5,1,0,2,29,298047,37,0,0,650.7161622160263,11.216351783443551,10.867413528738755,0,tomjenkinson,21,0.7142857142857143,2,false,false
421236,jbosstm/narayana,java,98,1347943942,1347975340,1347975341,523,523,github,false,false,5,1,0,1,28,298047,2,0,30,650.7161622160263,11.216351783443551,10.867413528738755,0,paulrobinson,29,1.0,4,false,true
419275,jbosstm/narayana,java,97,1347874652,1347874749,1347874749,1,1,github,false,false,5,1,0,1,28,298047,0,5,1,650.6993863383963,11.216351783443551,10.867413528738755,0,paulrobinson,28,1.0,4,false,true
416457,jbosstm/narayana,java,96,1347716023,1347716177,1347716177,2,2,github,false,false,5,1,0,2,28,308727,0,23,6,632.8730561304972,10.828337009720562,10.54977374832781,0,paulrobinson,27,1.0,4,false,true
415601,jbosstm/narayana,java,95,1347709629,1347775247,1347775247,1093,1093,github,false,false,5,1,0,0,27,308727,21930,2555,1,632.8730561304972,10.828337009720562,10.54977374832781,0,paulrobinson,26,1.0,4,false,true
415411,jbosstm/narayana,java,94,1347708332,1347774651,1347774651,1105,1105,github,false,false,5,1,0,0,27,308727,0,0,0,632.8730561304972,10.828337009720562,10.54977374832781,0,paulrobinson,25,1.0,8,false,true
388960,jbosstm/narayana,java,93,1347467752,,1347872034,6738,,unknown,false,false,5,1,0,67,28,308727,6,0,0,632.8730561304972,10.828337009720562,10.54977374832781,0,tomjenkinson,20,0.75,2,false,false
367871,jbosstm/narayana,java,92,1347365423,1347422223,1347422224,946,946,github,false,false,5,1,6,1,28,308783,0,183,6,632.939637220961,10.826373213551264,10.547860471593319,0,paulrobinson,24,1.0,4,false,true
364082,jbosstm/narayana,java,91,1347222260,,1347618583,6605,,unknown,false,false,5,2,6,1,28,308758,0,0,0,632.9423043289567,10.827249820247571,10.548714527234921,0,mmusgrov,11,0.6363636363636364,1,false,false
363342,jbosstm/narayana,java,90,1347182230,1347189672,1347189672,124,124,github,false,false,5,1,0,24,27,308825,795,56,37,632.8049866429208,10.824900833805552,10.546425969400145,0,mmusgrov,10,0.6,1,false,false
360659,jbosstm/narayana,java,89,1347027942,1347085460,1347085460,958,958,github,false,false,5,1,0,3,27,308825,4,0,29,632.792034323646,10.824900833805552,10.546425969400145,0,paulrobinson,23,1.0,4,false,true
357421,jbosstm/narayana,java,88,1346924751,1346999076,1346999076,1238,1238,github,false,false,5,1,1,1,28,308825,0,21,0,632.73374888691,10.824900833805552,10.546425969400145,0,tomjenkinson,19,0.7368421052631579,2,false,false
363232,jbosstm/narayana,java,87,1346851368,1347173417,1347173417,5367,5367,github,false,false,5,1,1,1,29,307918,0,7,7,633.7369039809299,10.8308056040894,10.467072402392846,0,zhfeng,26,0.8461538461538461,2,false,false
345604,jbosstm/narayana,java,86,1346370808,1346400114,1346400115,488,488,github,false,false,5,1,1,1,29,307888,0,0,1,633.7012160266071,10.831860936444421,10.46809229330146,0,zhfeng,25,0.84,1,false,false
342288,jbosstm/narayana,java,85,1346255101,1346312601,1346312601,958,958,github,false,false,5,1,0,1,30,307888,2,0,20,633.7012160266071,10.831860936444421,10.46809229330146,0,mmusgrov,9,0.5555555555555556,1,false,false
250504,jbosstm/narayana,java,84,1345205779,1345206217,1345206217,7,7,github,false,false,4,1,0,13,33,307678,0,0,17,633.9647293599152,10.839254025312178,10.478487249657109,0,mmusgrov,8,0.5,1,false,false
247398,jbosstm/narayana,java,83,1345095553,1346136281,1345623205,8794,17345,github,false,false,4,1,6,1,34,307678,0,12,0,633.9647293599152,10.839254025312178,10.478487249657109,0,zhfeng,24,0.8333333333333334,1,false,false
12394,jbosstm/narayana,java,82,1344397666,1344841387,1344841387,7395,7395,github,true,false,4,2,7,1,28,307678,0,123,6,633.6527148512405,10.839254025312178,10.478487249657109,0,zhfeng,23,0.8260869565217391,1,false,false
235241,jbosstm/narayana,java,81,1344222705,1344582906,1344582907,6003,6003,github,false,false,4,1,6,1,29,307678,0,82,5,633.6527148512405,10.839254025312178,10.478487249657109,0,zhfeng,22,0.8181818181818182,1,false,false
234315,jbosstm/narayana,java,80,1344164143,1344168683,1344168683,75,75,github,false,false,4,1,0,13,29,307678,14,0,31,633.6527148512405,10.839254025312178,10.478487249657109,0,mmusgrov,7,0.42857142857142855,1,false,false
231662,jbosstm/narayana,java,79,1344010742,1344164092,1344164092,2555,2555,commits_in_master,false,false,4,1,0,13,29,307678,14,0,31,633.6527148512405,10.839254025312178,10.478487249657109,0,mmusgrov,6,0.5,1,false,false
874295,jbosstm/narayana,java,78,1343589404,1343628625,1343628625,653,653,github,false,false,5,1,0,26,27,307681,0,0,11,633.6465365102167,10.839148338701447,10.478385080651714,0,mmusgrov,5,0.4,1,false,false
225997,jbosstm/narayana,java,77,1343185572,1343209780,1343209780,403,403,github,false,false,6,1,1,1,31,307681,0,115,0,633.4515293437034,10.839148338701447,10.478385080651714,0,zhfeng,21,0.8095238095238095,1,false,false
215865,jbosstm/narayana,java,76,1342679688,1343186607,1343186607,8448,8448,merged_in_comments,false,false,6,3,1,14,31,307647,3,20,0,633.4110197726616,10.837095762351007,10.473042155457392,0,zhfeng,20,0.85,1,false,false
214244,jbosstm/narayana,java,75,1342613687,1343284736,1343284736,11184,11184,github,false,false,6,1,0,1,31,307681,2,0,0,633.6465365102167,10.839148338701447,10.478385080651714,0,tomjenkinson,18,0.7222222222222222,2,false,false
211037,jbosstm/narayana,java,74,1342501192,,1342763578,4373,,unknown,false,false,6,1,0,2,31,307647,0,349,0,633.4110197726616,10.837095762351007,10.473042155457392,0,tomjenkinson,17,0.7647058823529411,2,false,false
209577,jbosstm/narayana,java,73,1342443934,1342507785,1342507785,1064,1064,github,false,false,6,1,0,3,32,307647,0,20,3,633.3590121145338,10.837095762351007,10.473042155457392,0,zhfeng,19,0.8421052631578947,1,false,false
205436,jbosstm/narayana,java,72,1342192273,1342596461,1342596461,6736,6736,github,false,false,6,1,0,1,33,307647,4,0,20,633.4110197726616,10.837095762351007,10.473042155457392,0,mmusgrov,4,0.25,1,false,false
205335,jbosstm/narayana,java,71,1342189479,,1342192308,47,,unknown,false,false,6,1,0,2,33,307647,408,0,0,633.3590121145338,10.837095762351007,10.473042155457392,0,mmusgrov,3,0.3333333333333333,1,false,false
205201,jbosstm/narayana,java,70,1342185763,,1342192224,107,,unknown,false,false,6,5,0,2,33,307647,526,0,0,633.3590121145338,10.837095762351007,10.473042155457392,0,mmusgrov,2,0.5,1,false,false
199120,jbosstm/narayana,java,69,1341929064,,1342528622,9992,,unknown,false,false,6,1,0,1,35,307647,53,0,0,633.3590121145338,10.837095762351007,10.473042155457392,0,tomjenkinson,16,0.8125,2,false,false
194747,jbosstm/narayana,java,68,1341675552,,1347438099,96042,,unknown,false,false,6,17,2,30,37,307429,352,118,0,633.2096191315718,10.841527637275599,10.454446392500381,0,mmusgrov,1,1.0,1,false,false
192260,jbosstm/narayana,java,67,1341572819,1342529193,1342529193,15939,15939,github,false,false,6,1,0,1,37,307647,2,0,0,633.4110197726616,10.837095762351007,10.473042155457392,0,tomjenkinson,15,0.8,2,false,false
188724,jbosstm/narayana,java,66,1341403280,1341479657,1341479657,1272,1272,github,false,false,6,1,0,22,37,307407,206,70,64,633.1020438701787,10.842303525944432,10.455194579173538,0,mmusgrov,0,0,1,false,false
180115,jbosstm/narayana,java,65,1340894370,1340987705,1340987705,1555,1555,github,false,false,6,6,0,356,33,307637,335,349,44,633.4088552417297,10.85045036845373,10.450628500472959,0,tomjenkinson,14,0.7857142857142857,2,false,false
168474,jbosstm/narayana,java,64,1340268614,1340268787,1340268787,2,2,github,false,false,6,1,0,1,30,307637,0,0,24,633.4088552417297,10.85045036845373,10.450628500472959,0,zhfeng,18,0.8333333333333334,1,false,false
166675,jbosstm/narayana,java,63,1340187328,1340187469,1340187469,2,2,github,false,false,6,1,0,109,31,307637,18,0,7,633.4088552417297,10.85045036845373,10.450628500472959,0,paulrobinson,22,1.0,4,false,true
156546,jbosstm/narayana,java,62,1339512492,1339512629,1339512629,2,2,github,false,false,6,1,0,8,34,307637,18,30,23,633.4153564103148,10.85045036845373,10.450628500472959,0,paulrobinson,21,1.0,4,false,true
156287,jbosstm/narayana,java,61,1339503305,1339503335,1339503336,0,0,github,false,false,5,1,0,6,34,307637,0,10,11,633.4218575788998,10.85045036845373,10.450628500472959,0,paulrobinson,20,1.0,8,false,true
155893,jbosstm/narayana,java,60,1339482929,,1339546529,1060,,unknown,false,false,5,1,0,1,34,307637,4,0,0,633.4218575788998,10.85045036845373,10.450628500472959,0,zhfeng,17,0.8823529411764706,1,false,false
155631,jbosstm/narayana,java,59,1339460966,1339502498,1339502498,692,692,github,false,false,5,1,1,0,34,307637,0,0,0,633.4218575788998,10.85045036845373,10.450628500472959,0,zhfeng,16,0.875,1,false,false
150221,jbosstm/narayana,java,58,1339048714,1339459166,1339459166,6840,6840,github,false,false,5,2,0,19,34,301961,46,84,12,642.4405800749104,11.004732399217117,10.61726514351191,0,zhfeng,15,0.8666666666666667,1,false,false
150229,jbosstm/narayana,java,57,1338964779,1339049567,1339049567,1413,1413,github,false,false,5,2,1,78,33,301961,8575,1365,5,642.4405800749104,11.004732399217117,10.61726514351191,0,zhfeng,14,0.8571428571428571,1,false,false
141937,jbosstm/narayana,java,56,1338437537,1339459330,1339459330,17029,17029,github,false,false,5,1,0,20,33,301962,4067,0,20,642.4417641954948,11.008007630099153,10.617229982580591,0,zhfeng,13,0.8461538461538461,1,false,false
116078,jbosstm/narayana,java,55,1336452459,1336472352,1336472352,331,331,github,false,false,5,2,0,2,36,301836,12,0,26,642.434964682808,11.01260287043295,10.598470692694045,0,zhfeng,12,0.8333333333333334,1,false,false
112425,jbosstm/narayana,java,54,1336119172,1336119198,1336119199,0,0,github,false,false,5,1,0,1,35,301691,0,0,2,642.2631102684535,11.01458114428339,10.596935274834184,0,tomjenkinson,13,0.7692307692307693,2,false,false
111385,jbosstm/narayana,java,53,1336047265,1336047490,1336047490,3,3,github,false,false,5,1,0,4,36,301515,4,4,14,642.0609256587566,11.017693978740693,10.589854567766114,0,paulrobinson,19,1.0,4,false,true
111214,jbosstm/narayana,java,52,1336036068,1336549390,1336549390,8555,8555,github,false,false,5,2,0,2,36,301836,0,24,0,642.434964682808,11.01260287043295,10.598470692694045,0,tomjenkinson,12,0.75,2,false,false
117534,jbosstm/narayana,java,51,1336036056,1336549381,1336549381,8555,8555,github,false,false,5,1,0,1,36,301836,0,12,0,642.434964682808,11.01260287043295,10.598470692694045,0,tomjenkinson,11,0.7272727272727273,2,false,false
109979,jbosstm/narayana,java,50,1335952551,,1335983542,516,,unknown,false,false,5,1,0,3,36,301515,0,0,0,642.0609256587566,11.017693978740693,10.589854567766114,0,tomjenkinson,10,0.8,2,false,false
105203,jbosstm/narayana,java,49,1335528821,1335528891,1335528891,1,1,github,false,false,5,1,0,5,36,301514,2,4,12,642.0597385196044,11.017730519975856,10.589889690030978,0,paulrobinson,18,1.0,4,false,true
103898,jbosstm/narayana,java,48,1335447509,1335447549,1335447549,0,0,github,false,false,5,1,0,7,35,304339,33,67,22,636.1885923263203,10.915459405465615,10.491589970394855,0,paulrobinson,17,1.0,4,false,true
304023,jbosstm/narayana,java,47,1335446630,1335446672,1335446673,0,0,github,false,false,5,1,0,21,35,304325,128,103,42,636.2178591965826,10.915961554259427,10.492072619732195,0,paulrobinson,16,1.0,4,false,true
303921,jbosstm/narayana,java,46,1335435358,1335435548,1335435548,3,3,github,false,false,5,1,0,33,34,304439,309,258,37,636.2883861791689,10.911873971468832,10.488143766074648,0,paulrobinson,15,1.0,4,false,true
303870,jbosstm/narayana,java,45,1335423482,1335423488,1335423488,0,0,github,false,false,5,1,0,1,34,304439,0,0,15,636.2883861791689,10.911873971468832,10.488143766074648,0,tomjenkinson,9,0.7777777777777778,2,false,false
303868,jbosstm/narayana,java,44,1335423041,1335423058,1335423058,0,0,github,false,false,5,1,0,0,34,304855,315,895,40,636.9946367945417,10.90682455593643,10.493513309606206,0,tomjenkinson,8,0.75,2,false,false
303833,jbosstm/narayana,java,43,1335418155,1335441454,1335441454,388,388,github,false,false,5,1,0,1,34,304855,0,0,1,636.9946367945417,10.90682455593643,10.493513309606206,0,tomjenkinson,7,0.7142857142857143,2,false,false
303812,jbosstm/narayana,java,42,1335413801,1335503870,1335503870,1501,1501,github,false,false,5,1,0,47,34,304339,2682,0,30,636.0998754678171,10.915459405465615,10.491589970394855,0,tomjenkinson,6,0.6666666666666666,2,false,false
303811,jbosstm/narayana,java,41,1335413313,,1335502325,1483,,unknown,false,false,5,1,0,3,34,304325,0,0,0,636.2178591965826,10.915961554259427,10.492072619732195,0,tomjenkinson,5,0.8,2,false,false
303807,jbosstm/narayana,java,40,1335412858,1335412889,1335412889,0,0,github,false,false,5,1,0,2,34,304855,0,0,0,636.9946367945417,10.90682455593643,10.493513309606206,0,tomjenkinson,4,0.75,2,false,false
303806,jbosstm/narayana,java,39,1335412835,1335412876,1335412876,0,0,github,false,false,5,1,0,1,34,304855,0,0,2,636.9946367945417,10.90682455593643,10.493513309606206,0,tomjenkinson,3,0.6666666666666666,2,false,false
303802,jbosstm/narayana,java,38,1335412001,1335412012,1335412012,0,0,github,false,false,5,1,0,1,34,304855,0,0,0,636.9946367945417,10.90682455593643,10.493513309606206,0,tomjenkinson,2,0.5,2,false,false
303277,jbosstm/narayana,java,37,1335339239,1335502311,1335502311,2717,2717,github,false,false,5,1,0,8,33,304339,0,0,22,636.0998754678171,10.915459405465615,10.491589970394855,0,tomjenkinson,1,0.0,2,false,false
303227,jbosstm/narayana,java,36,1335332997,1335333095,1335333095,1,1,github,false,false,5,1,0,1,33,304854,35,0,0,636.9967263017708,10.906860333143078,10.493547731045025,0,paulrobinson,14,1.0,4,false,true
302684,jbosstm/narayana,java,35,1335248242,1335248315,1335248315,1,1,github,false,false,5,1,0,33,33,304545,552,601,11,636.2015465694725,10.9015088082221,10.474642499466418,0,paulrobinson,13,1.0,4,false,true
302235,jbosstm/narayana,java,34,1335182448,1335182518,1335182519,1,1,github,false,false,5,1,0,1,33,304531,2,0,13,636.1848219064726,10.902009975995876,10.475124043200857,0,paulrobinson,12,1.0,4,false,true
301599,jbosstm/narayana,java,33,1335002061,1335002072,1335002072,0,0,github,false,false,5,1,0,2,32,304484,0,0,5,636.1286635750976,10.9004085600557,10.457035509255002,0,paulrobinson,11,1.0,4,false,true
301592,jbosstm/narayana,java,32,1334998847,1334998860,1334998860,0,0,github,false,false,5,1,0,1,32,304484,0,0,2,636.1286635750976,10.9004085600557,10.457035509255002,0,paulrobinson,10,1.0,4,false,true
301168,jbosstm/narayana,java,31,1334911008,1334911085,1334911086,1,1,github,false,false,5,1,0,1,32,304484,0,0,3,636.1286635750976,10.9004085600557,10.457035509255002,0,paulrobinson,9,1.0,8,false,true
301144,jbosstm/narayana,java,30,1334907306,1334907364,1334907364,0,0,github,false,false,5,1,0,1,32,304484,0,0,2,636.1286635750976,10.9004085600557,10.457035509255002,0,paulrobinson,8,1.0,8,false,true
300802,jbosstm/narayana,java,29,1334846367,1334846462,1334846463,1,1,github,false,false,5,1,0,14,33,305721,22,9,23,633.2505781415081,10.853032667039557,10.417995492622358,0,paulrobinson,7,1.0,8,false,true
297840,jbosstm/narayana,java,28,1334309032,1334569885,1334569885,4347,4347,github,false,false,5,3,15,1,26,305044,0,26,12,634.4330653938448,10.864006503979754,10.421447397752454,0,zhfeng,11,0.8181818181818182,1,false,false
296622,jbosstm/narayana,java,27,1334119208,1334291358,1334291358,2869,2869,github,false,false,5,5,8,6,25,305334,35,0,53,633.8304938198825,10.853688092384077,10.41154931976131,0,zhfeng,10,0.8,1,false,false
296146,jbosstm/narayana,java,26,1334058271,1334058364,1334058364,1,1,github,false,false,5,1,0,1,25,305334,0,0,0,633.8304938198825,10.853688092384077,10.41154931976131,0,paulrobinson,6,1.0,8,false,true
295993,jbosstm/narayana,java,25,1334029120,,1334119264,1502,,unknown,false,false,5,2,3,6,25,305334,25,0,0,633.8304938198825,10.853688092384077,10.41154931976131,0,zhfeng,9,0.8888888888888888,1,false,false
291490,jbosstm/narayana,java,24,1333145839,1333236479,1333236479,1510,1510,github,false,false,5,1,0,2,23,305331,0,7,8,633.8334463254632,10.853794734239235,10.411651617425024,0,zhfeng,8,0.875,1,false,false
290086,jbosstm/narayana,java,23,1332942536,1332987867,1332987867,755,755,github,false,false,5,1,0,1,26,319051,1,0,5,606.5770049302463,10.387054107337072,9.963924262892139,0,zhfeng,7,0.8571428571428571,1,false,false
290064,jbosstm/narayana,java,22,1332940536,1332946605,1332946605,101,101,github,false,false,5,1,0,5,26,319051,0,0,5,606.5770049302463,10.387054107337072,9.963924262892139,0,zhfeng,6,0.8333333333333334,1,false,false
289433,jbosstm/narayana,java,21,1332852546,1332868703,1332868703,269,269,commits_in_master,false,false,5,1,0,1,27,318787,1,0,5,606.4049035876619,10.392519142875964,9.953354434151956,0,zhfeng,5,1.0,1,false,false
289352,jbosstm/narayana,java,20,1332842986,1332946711,1332946711,1728,1728,github,false,false,5,1,3,2,28,318787,0,0,5,606.4049035876619,10.392519142875964,9.953354434151956,0,zhfeng,4,1.0,1,false,false
287654,jbosstm/narayana,java,19,1332515700,1332515709,1332515709,0,0,github,false,false,5,1,0,9,27,318757,38,0,11,606.2894305066242,10.390360054838013,9.94174245585195,0,paulrobinson,5,1.0,2,false,true
285957,jbosstm/narayana,java,18,1332331875,1332837782,1332837782,8491,8491,github,false,false,5,3,3,16,22,318787,0,6,27,606.4049035876619,10.392519142875964,9.953354434151956,0,zhfeng,3,1.0,1,false,false
285956,jbosstm/narayana,java,17,1332331849,1332837500,1332837500,8487,8487,github,false,false,5,3,6,3,22,318787,38,0,0,606.4049035876619,10.392519142875964,9.953354434151956,0,zhfeng,2,1.0,1,false,false
284722,jbosstm/narayana,java,16,1332248469,1332435950,1332435950,3124,3124,github,false,false,5,1,1,4,21,318701,118,17,7,606.3677239795294,10.389048041895068,9.940351614836477,0,radeshrao,3,1.0,0,false,false
284427,jbosstm/narayana,java,15,1332202206,1332659656,1332659657,7684,7684,github,false,false,5,2,3,3,20,318701,0,14,9,606.3677239795294,10.389048041895068,9.940351614836477,0,zhfeng,1,1.0,1,false,false
282809,jbosstm/narayana,java,14,1331898942,1331900674,1331900674,28,28,github,false,false,7,2,1,1,18,318702,18,0,2,606.3658213629033,10.389015443894296,9.940320424722781,0,radeshrao,2,1.0,0,false,false
282717,jbosstm/narayana,java,13,1331882845,1331889024,1331889024,102,102,github,false,false,7,1,0,1,17,318688,0,0,3,606.3924590822371,10.389471834521538,9.94075710412692,0,paulrobinson,4,1.0,1,false,true
282347,jbosstm/narayana,java,12,1331829818,1331890282,1331890282,1007,1007,github,false,false,7,1,0,1,15,318688,39,0,2,606.3924590822371,10.389471834521538,9.94075710412692,0,radeshrao,1,1.0,0,false,false
282130,jbosstm/narayana,java,11,1331805491,1332863537,1332863537,17694,17694,github,false,false,7,1,8,1,13,318787,0,0,6,606.4049035876619,10.392519142875964,9.953354434151956,0,zhfeng,0,0,1,true,false
281603,jbosstm/narayana,java,10,1331742505,1331822236,1331822237,1328,1328,github,false,false,7,3,2,6,13,318685,4,59,5,606.335409573717,10.38643174294366,9.934574893703815,0,radeshrao,0,0,0,false,false
866539,jbosstm/narayana,java,9,1330940096,1330940448,1330940448,5,5,github,false,false,7,1,0,14,12,318546,243,73,17,606.4901144575666,10.390963942413341,9.938909921957896,0,paulrobinson,3,1.0,2,false,true
279345,jbosstm/narayana,java,8,1330075434,1330075694,1330075694,4,4,github,false,false,7,1,0,5,12,318488,14,7,11,605.9192183064982,10.383436738589836,9.912461380020597,0,paulrobinson,2,1.0,0,false,true
373976,jbosstm/narayana,java,7,1329316088,,1329320007,65,,unknown,false,false,7,1,0,1,10,318444,0,0,0,605.820803657786,10.378590898242706,9.907550464131841,0,tomjenkinson,0,0,1,true,false
274754,jbosstm/narayana,java,6,1329228880,1329228892,1329228894,0,0,github,false,false,7,1,0,6,9,311893,0,104,7,615.4578653576708,10.516427108014607,10.08679258591889,0,paulrobinson,1,1.0,0,false,true
274260,jbosstm/narayana,java,5,1329144393,1329144401,1329144402,0,0,github,false,false,7,1,0,4,8,311876,33,6,4,615.4850004488964,10.517000346291475,10.087342405314933,0,paulrobinson,0,0,0,false,true
271563,jbosstm/narayana,java,4,1328628490,1328628654,1328628654,2,2,github,false,false,7,1,0,25,7,310961,25,960,9,614.3117625682963,10.528651502921589,10.081650110464015,0,npfr,3,1.0,0,false,false
861850,jbosstm/narayana,java,3,1327515339,1327515347,1327515347,0,0,github,false,false,7,1,0,1,8,310469,527,0,13,612.8824455903809,10.519568781424233,10.055754358728247,0,npfr,2,1.0,0,false,false
861529,jbosstm/narayana,java,2,1327481793,1327485113,1327485114,55,55,github,false,false,7,1,0,1,6,310464,0,6,1,612.8762110904968,10.519738198309627,10.055916305916305,0,npfr,1,1.0,0,false,false
970028,jbosstm/narayana,java,1,1327479584,1327479622,1327479622,0,0,github,false,false,7,1,0,5,4,310464,0,0,5,612.8762110904968,10.519738198309627,10.055916305916305,0,npfr,0,0,0,false,false
