pull_req_id,project_name,github_id,created_at,merged_at,closed_at,lifetime_minutes,mergetime_minutes,team_size,num_commits,num_comments,files_changed,perc_external_contribs,sloc,src_churn,test_churn,commits_on_files_touched,test_lines_per_1000_lines,watchers,requester,prev_pullreqs,requester_succ_rate,followers
824887,jenkins,668,1357327797,,1358611502,21395,,15,0,0,0,37,78267,0,0,0,275.7356229317592,1774,kutzi,15,0.5333333333333333,5
776116,jenkins,664,1357142382,1357151371,1357151371,149,149,15,1,0,1,37,78210,0,0,0,274.8753356348293,1773,andreyev,1,0.0,0
776113,jenkins,661,1356870454,1356941637,1356941637,1186,1186,15,2,0,6,37,78192,0,0,2,274.9130345815429,1770,albers,5,1.0,0
768220,jenkins,660,1356699150,1358681215,1358681215,33034,33034,15,1,0,2,37,78192,12,75,2,274.9130345815429,1764,larshvile,0,0,1
765328,jenkins,658,1356619945,1356694918,1356694918,1249,1249,15,3,2,5,37,78188,105,0,0,274.9270987875377,1759,vkravets,0,0,1
767360,jenkins,656,1356239219,1356672146,1356672146,7215,7215,15,1,0,1,38,78184,8,0,4,274.9411644326205,1752,ssogabe,2,0.5,7
776107,jenkins,655,1356119368,1356309202,1356309202,3163,3163,15,1,0,1,39,78184,6,0,0,274.9411644326205,1751,vjuranek,19,0.2631578947368421,6
776108,jenkins,654,1356108948,1356110696,1356110696,29,29,15,3,0,12,39,78107,130,27,29,274.9433469471366,1751,imod,8,0.25,3
776109,jenkins,653,1355995514,1355995808,1355995808,4,4,15,2,0,38,39,78107,0,0,0,274.9433469471366,1747,albers,4,1.0,0
776111,jenkins,652,1355903073,1355903442,1355903442,6,6,15,1,0,1,40,78095,0,0,0,274.9855944682758,1745,aabeling,0,0,1
776112,jenkins,651,1355851961,1355857007,1355857007,84,84,15,1,0,2,41,78095,0,0,1,274.9855944682758,1743,albers,3,1.0,0
747719,jenkins,646,1355400953,1355737777,1355737777,5613,5613,15,37,0,212,45,77885,2668,324,2468,275.7270334467484,1736,vjuranek,17,0.29411764705882354,6
718456,jenkins,643,1354877134,1354882945,1354882945,96,96,15,1,0,2,50,78409,2,0,138,275.92495759415374,1723,Vlatombe,19,0.3684210526315789,4
692394,jenkins,641,1354795748,1355071443,1355071443,4594,4594,15,4,0,8,50,78399,59,17,0,275.96015255296624,1721,vjuranek,16,0.3125,6
691862,jenkins,640,1354792503,1355008490,1355008490,3599,3599,15,1,0,1,50,78399,3,0,0,275.96015255296624,1721,slide,1,0.0,1
671351,jenkins,639,1354710262,1354716372,1354716372,101,101,14,2,0,2,51,78378,17,0,6,274.1330475388502,1718,vjuranek,15,0.26666666666666666,6
660480,jenkins,637,1354637989,1354654676,1354654676,278,278,13,1,0,1,51,78377,4,0,2,274.13654515993215,1715,vjuranek,14,0.2857142857142857,6
627060,jenkins,636,1354464957,1354486896,1354486896,365,365,13,1,0,5,53,78369,17,0,163,274.16452934195917,1711,Vlatombe,18,0.3333333333333333,4
611185,jenkins,635,1354308980,1354362425,1354362425,890,890,13,1,0,1,54,78361,27,0,9,274.1925192378862,1706,krosenvold,0,0,18
732872,jenkins,634,1354126735,1355008584,1355008584,14697,14697,13,1,0,1,56,78292,15,0,0,274.43416951923564,1696,aerickson,2,0.0,6
776100,jenkins,633,1354116937,1354118798,1354118798,31,31,13,1,0,1,56,78292,2,0,0,274.43416951923564,1695,recampbell,14,0.8571428571428571,6
776101,jenkins,632,1354097266,1354097449,1354097449,3,3,13,2,0,2,56,78292,0,0,2,274.43416951923564,1694,albers,2,1.0,0
776102,jenkins,631,1354095319,1354095470,1354095470,2,2,13,1,0,2,56,78292,0,0,0,274.43416951923564,1694,albers,1,1.0,0
776103,jenkins,630,1354033964,1354035596,1354035596,27,27,13,1,0,1,57,78285,0,0,12,274.45870856485914,1691,albers,0,0,0
732954,jenkins,629,1354023569,1355009194,1355009194,16427,16427,13,1,0,13,56,78285,1249,273,78,274.45870856485914,1690,olivergondza,2,0.0,0
607446,jenkins,628,1353855292,1355060966,1355060966,20094,20094,13,8,5,21,58,78285,357,0,3,274.45870856485914,1690,imod,7,0.2857142857142857,3
521854,jenkins,627,1353503815,1353536271,1353536271,540,540,12,1,0,1,60,78249,0,0,0,274.5849787217728,1689,cliffano,2,0.5,27
506344,jenkins,624,1353416772,1353416910,1353416910,2,2,12,1,0,2,61,78250,1,0,146,274.5814696485623,1689,Vlatombe,17,0.29411764705882354,4
482486,jenkins,621,1353098435,1353175287,1353175287,1280,1280,11,4,2,1,62,78322,0,0,0,274.03539235463853,1689,oldelvet,14,0.2857142857142857,2
479697,jenkins,618,1352898599,1352901008,1352901008,40,40,10,1,0,1,61,78315,3,0,0,274.04711741045776,1689,lvotypko,19,0.42105263157894735,0
459846,jenkins,614,1352588264,1354267450,1354267450,27986,27986,10,5,2,6,63,78277,94,0,0,272.4682857033356,1688,mkochofenough,2,0.5,1
463664,jenkins,613,1352483829,1352568976,1352568976,1419,1419,10,1,0,1,63,78277,4,0,1,272.4682857033356,1687,cjo9900,7,0.0,1
462807,jenkins,612,1352467790,1352548434,1352548434,1344,1344,10,1,0,1,63,78277,0,0,30,272.4682857033356,1687,Vlatombe,16,0.3125,4
454774,jenkins,611,1352349135,1352389218,1352389218,668,668,11,1,0,1,62,78156,0,0,126,272.89011720149443,1687,hiroshi,0,0,11
454735,jenkins,610,1352282895,1352314508,1352314508,526,526,11,1,0,0,62,78154,0,0,0,272.7051718402129,1687,Vlatombe,15,0.3333333333333333,4
454562,jenkins,609,1352231397,1352826917,1352826917,9925,9925,12,1,0,2,62,78157,17,46,3,272.69470424913953,1687,alexkoon,3,0.0,1
454570,jenkins,608,1352212656,1352233701,1352233701,350,350,12,1,0,2,62,78157,56,0,128,272.69470424913953,1687,Vlatombe,14,0.2857142857142857,4
498537,jenkins,607,1352191504,1353332754,1353332754,19020,19020,13,1,0,2,62,78157,8,0,4,272.69470424913953,1687,arangamani,0,0,3
461705,jenkins,606,1352104643,1352443977,1352443977,5655,5655,13,44,0,158,61,78156,1962,0,124,272.698193356876,1687,ndeloof,9,0.4444444444444444,33
506793,jenkins,604,1351885330,1351886509,1351886509,19,19,13,1,0,1,61,78156,0,0,0,272.698193356876,1687,mkochofenough,1,0.0,1
454351,jenkins,602,1351752285,1351770130,1351770130,297,297,13,1,0,1,61,78156,0,0,0,272.698193356876,1687,cliffano,1,1.0,27
454349,jenkins,601,1351744484,1351832164,1351832164,1461,1461,13,1,5,0,61,78156,0,0,0,272.698193356876,1687,mkochofenough,0,0,1
506784,jenkins,599,1351541893,1355401705,1355401705,64330,64330,13,2,0,14,61,78149,20,2,173,272.7226196112554,3374,vjuranek,13,0.3076923076923077,12
506787,jenkins,598,1351462647,1351579199,1351579199,1942,1942,13,1,0,1,62,78138,9,0,0,272.76101256750877,1687,evernat,1,1.0,0
506789,jenkins,597,1351190434,1351235438,1351235438,750,750,15,1,0,2,62,77916,4,0,3,273.53816931053956,1686,recampbell,12,0.9166666666666666,6
506790,jenkins,595,1351171426,1351175128,1351175128,61,61,15,1,0,2,62,77907,17,29,5,273.30021692530835,1686,onemanbucket,2,0.5,2
454286,jenkins,594,1351159436,1351159607,1351159607,2,2,15,1,0,2,62,77910,19,0,0,273.2896932357849,1686,Vlatombe,13,0.3076923076923077,4
454289,jenkins,593,1351003618,1351169915,1351169915,2771,2771,15,4,0,0,63,77857,0,0,0,273.32160242495854,1685,onemanbucket,1,1.0,2
454125,jenkins,590,1350468093,1350468937,1350468937,14,14,16,1,1,3,64,77715,30,0,0,271.8522807694782,1684,lvotypko,17,0.4117647058823529,0
454239,jenkins,589,1350458795,1350458924,1350458924,2,2,15,1,0,1,64,77715,0,0,0,271.8522807694782,1684,Batmat,4,0.5,3
454310,jenkins,588,1350380735,1351364194,1351364194,16390,16390,15,17,0,367,63,77715,594,0,30,271.8522807694782,1684,ndeloof,8,0.5,33
506781,jenkins,585,1349910246,1349966555,1349966555,938,938,15,2,0,4,66,77657,5,18,128,271.2183061411077,1679,oldelvet,13,0.23076923076923078,2
451044,jenkins,583,1349125826,1352734849,1352734849,60090,60090,16,1,0,0,71,77525,0,0,0,270.26120606256046,1666,pjdarton,0,0,0
450767,jenkins,582,1349119014,1353164131,1353164131,67358,67358,16,6,0,314,71,77525,3296,892,1282,270.26120606256046,1666,molekamp,1,0.0,0
449788,jenkins,581,1349096081,1349096823,1349096823,12,12,16,1,0,1,72,77509,2,0,1,270.31699544569017,1666,mpapo,1,0.0,3
440061,jenkins,579,1348687926,1348690770,1348690770,47,47,17,1,1,1,75,77465,4,0,0,270.4705350803589,1661,JoelJ,1,0.0,8
439851,jenkins,578,1348682361,1348724394,1348724394,700,700,17,1,0,2,75,77465,2,0,0,270.4705350803589,1661,lvotypko,15,0.4666666666666667,0
431833,jenkins,575,1348419567,1348516354,1348516354,1613,1613,15,1,1,0,76,76482,0,0,0,269.5143955440496,1658,molekamp,0,0,0
429019,jenkins,573,1348248394,1348493020,1348493020,4077,4077,14,60,1,9102,77,76482,27372,781,1007,269.5143955440496,1656,kohsuke,0,0,357
454238,jenkins,572,1348241822,1348242062,1348242062,4,4,14,1,0,1,77,76482,0,0,0,269.5143955440496,1656,alfonsocora,0,0,4
423168,jenkins,570,1348006389,1348179029,1348179029,2877,2877,14,14,0,52,79,76176,598,0,261,270.5576559546314,1655,jglick,6,0.6666666666666666,3
420460,jenkins,569,1347908035,1347910553,1347910553,41,41,14,2,0,2,78,76181,0,0,0,270.5398983998635,1653,Batmat,3,0.3333333333333333,3
420350,jenkins,568,1347905609,1347905897,1347905897,4,4,14,1,0,1,78,76181,2,0,0,270.5398983998635,1653,jeffmaury,0,0,2
417401,jenkins,567,1347768276,1348179180,1348179180,6848,6848,14,1,0,5,78,76181,0,0,4,270.5398983998635,1652,comutt,0,0,3
410236,jenkins,566,1347649975,1347652696,1347652696,45,45,14,15,0,61,77,75988,842,413,439,269.72679896825815,1652,jglick,5,0.6,3
404929,jenkins,565,1347575222,1347652891,1347652891,1294,1294,14,3,0,3,77,75984,31,0,15,269.74099810486416,1651,aerickson,1,0.0,5
415240,jenkins,564,1347451601,1347453271,1347453271,27,27,14,1,0,1,78,75912,11,0,12,269.83876067024977,1647,wolfgarnet,4,0.25,2
366199,jenkins,562,1347301438,1347304164,1347304164,45,45,14,1,0,1,78,75789,16,0,0,269.66974099143675,1646,mpapo,0,0,3
358338,jenkins,559,1346949590,1347305602,1347305602,5933,5933,14,7,0,32,77,75726,495,38,583,269.6431872804585,1645,jglick,4,0.75,2
357663,jenkins,558,1346932343,1347358420,1347358420,7101,7101,14,7,11,7,77,75708,85,0,21,269.70729645480003,1643,ndeloof,7,0.5714285714285714,32
357122,jenkins,557,1346914741,1347026346,1347026346,1860,1860,14,1,0,0,77,75708,0,0,0,269.70729645480003,1643,schendel,0,0,0
354060,jenkins,556,1346799830,1347401681,1347401681,10030,10030,14,2,0,0,78,75690,0,0,0,268.25208085612365,1643,fredg02,18,0.6111111111111112,1
352908,jenkins,555,1346765999,1346939908,1346939908,2898,2898,14,1,0,0,78,75690,0,0,0,268.25208085612365,1642,gcoutant,0,0,1
352560,jenkins,554,1346757526,1346775970,1346775970,307,307,14,1,0,0,78,75690,0,0,0,268.25208085612365,1642,CIPO-GIT,0,0,0
344453,jenkins,551,1346331212,1346519495,1346519495,3138,3138,14,3,0,2,78,75561,19,0,6,266.92341287171956,1636,vjuranek,11,0.36363636363636365,6
341967,jenkins,550,1346243946,1346519121,1346519121,4586,4586,14,1,0,0,78,75561,0,0,0,266.8572411693863,1634,joantune,0,0,0
265572,jenkins,547,1345795469,1346134410,1346134410,5649,5649,15,1,0,0,75,75549,0,0,0,266.06573217382095,1627,scarytom,0,0,15
258499,jenkins,545,1345595486,1346174100,1346174100,9643,9643,16,18,0,16,72,75549,20,223,163,266.06573217382095,1623,jglick,3,1.0,2
257179,jenkins,544,1345550314,1346516701,1346516701,16106,16106,17,1,0,0,71,75488,0,0,0,266.2807333615939,1621,cjo9900,4,0.0,1
257176,jenkins,543,1345550182,1346516656,1346516656,16107,16107,17,1,0,0,71,75488,0,0,0,266.2807333615939,1621,cjo9900,3,0.0,1
249974,jenkins,542,1345185775,1346515711,1346515711,22165,22165,18,1,0,3,70,75426,155,199,0,266.49961551719565,1616,alexkoon,2,0.0,1
246635,jenkins,541,1345058498,1345060750,1345060750,37,37,18,2,0,2,70,75363,50,57,1,265.8599047277842,1615,jglick,2,1.0,2
243641,jenkins,540,1344957058,1345023927,1345023927,1114,1114,18,1,0,2,70,75347,36,0,10,265.9163603063161,1615,cjo9900,2,0.0,1
243157,jenkins,539,1344944973,1345642247,1345642247,11621,11621,18,2,0,2,70,75347,44,0,10,265.9163603063161,1613,pgdad,0,0,0
239620,jenkins,538,1344822128,1347572711,1347572711,45843,45843,19,1,0,0,70,75324,0,0,0,265.8913493707185,1610,BrianAker,0,0,15
14968,jenkins,536,1344472368,1346509621,1346509621,33954,33954,19,2,0,4,71,75324,0,54,0,265.8913493707185,1606,jorgenpt,1,1.0,18
9043,jenkins,535,1344305271,1346521330,1346521330,36934,36934,21,1,0,5,70,75292,43,0,0,266.004356372523,1602,aerickson,0,0,5
88009,jenkins,534,1344124228,1345466492,1345466492,22371,22371,22,4,1,10,70,75288,174,114,0,266.01848900223143,1596,dapak,0,0,3
230953,jenkins,533,1343990660,1344004244,1344004244,226,226,23,1,0,1,70,75288,6,0,0,265.9255126979067,1595,cjo9900,1,0.0,1
228426,jenkins,532,1343904397,1343907419,1343907419,50,50,24,1,0,5,70,75215,109,44,117,266.0506547896032,1593,Vlatombe,12,0.3333333333333333,4
348419,jenkins,530,1343587546,1346520600,1346520600,48884,48884,25,1,0,0,69,75139,75,0,0,266.1999760443977,1584,KostyaSha,0,0,1
456247,jenkins,529,1343403285,1343461405,1343461405,968,968,25,1,0,0,69,75139,0,0,0,266.1999760443977,1583,larrys,0,0,3
225049,jenkins,528,1343146939,1343260894,1343260894,1899,1899,26,1,0,3,68,75097,20,0,5,266.36217159140847,1571,photoionized,0,0,0
223915,jenkins,527,1343108064,1343240192,1343240192,2202,2202,26,4,0,4,69,75097,0,0,119,266.36217159140847,1569,Zsub,0,0,0
223599,jenkins,526,1343086570,1343261509,1343261509,2915,2915,26,1,0,1,69,75097,6,0,1,266.36217159140847,1568,dillona,0,0,0
222124,jenkins,525,1343035236,1343070504,1343070504,587,587,26,3,0,6,68,74929,156,0,7,266.95938822084906,1565,stephenc,7,0.8571428571428571,12
218703,jenkins,524,1342791944,1342819784,1342819784,464,464,27,1,0,1,68,74929,0,2,0,266.95938822084906,1557,mkalkov,0,0,1
215994,jenkins,523,1342686015,1343261666,1343261666,9594,9594,27,1,0,0,67,74925,0,0,0,266.9736403069736,1554,emanuelez,3,0.0,6
61799,jenkins,522,1342550154,1342670565,1342670565,2006,2006,27,3,2,16,67,74924,51,0,305,266.97720356628054,1550,KAllan357,0,0,2
204482,jenkins,521,1342161367,1343262176,1343262176,18346,18346,28,1,0,1,65,74932,2,0,0,266.94870015480706,1537,douglarek,0,0,2
7020,jenkins,520,1342022926,1343262304,1343262304,20656,20656,26,1,0,1,65,74924,1,0,0,266.97720356628054,1533,vincentkok,0,0,1
201057,jenkins,519,1342009157,1343713059,1343713059,28398,28398,26,4,0,2,64,74924,9,0,0,266.97720356628054,1532,thors,3,0.0,1
198847,jenkins,518,1341922015,1343713036,1343713036,29850,29850,26,1,0,0,64,74921,0,0,0,266.98789391492375,1527,vjuranek,10,0.4,5
54672,jenkins,517,1341523602,1341884163,1341884163,6009,6009,26,4,1,5,61,74853,21,0,146,266.6292600162986,1516,jglick,1,1.0,1
191179,jenkins,516,1341519232,1343713010,1343713010,36562,36562,26,1,0,0,61,74853,0,0,0,266.6292600162986,1516,abayer,2,0.0,33
191039,jenkins,515,1341511329,1341939493,1341939493,7136,7136,26,3,0,82,61,74921,166,63,334,266.98789391492375,1515,jglick,0,0,1
185545,jenkins,514,1341247466,1347468821,1347468821,103689,103689,27,1,0,4,60,74853,33,0,1,266.6292600162986,1508,vjuranek,9,0.4444444444444444,5
185376,jenkins,513,1341240588,1343712989,1343712989,41206,41206,27,1,0,0,60,74853,0,0,0,266.6292600162986,1508,rafatower,0,0,3
184934,jenkins,512,1341224603,1341225212,1341225212,10,10,28,1,0,1,59,74851,8,0,13,266.6363842834431,1506,lvotypko,13,0.46153846153846156,0
178646,jenkins,511,1340824000,1340824143,1340824143,2,2,30,1,0,1,54,74763,0,0,0,266.9502293915439,1493,olivierlemasle,0,0,0
11018,jenkins,510,1340772411,1344357799,1344357799,59756,59756,30,1,0,1,54,74790,0,0,0,266.8538574675759,1492,msabramo,0,0,15
173851,jenkins,509,1340621479,1348248114,1348248114,127110,127110,31,2,0,0,53,75139,0,0,0,266.1999760443977,1490,ndeloof,6,0.6666666666666666,31
399813,jenkins,508,1340611442,1340613660,1340613660,36,36,31,1,0,2,52,74752,16,0,0,266.9895119863014,1490,lvotypko,12,0.4166666666666667,0
170964,jenkins,507,1340382610,1340401277,1340401278,311,311,32,3,0,4,50,74848,0,0,138,264.89685763146645,1488,kukido,0,0,0
170282,jenkins,506,1340355608,1341020033,1341020033,11073,11073,32,1,0,1,49,74848,133,0,12,264.89685763146645,1487,albgra,0,0,5
168716,jenkins,505,1340279385,1340925291,1340925291,10765,10765,32,1,0,2,48,74848,69,0,6,264.89685763146645,1487,wolfgarnet,3,0.0,2
168654,jenkins,504,1340276838,1340279394,1340279394,42,42,32,2,0,2,48,74848,69,0,6,264.89685763146645,1487,wolfgarnet,2,0.0,2
165406,jenkins,503,1340117688,1340168979,1340168979,854,854,32,1,0,1,46,74316,0,0,0,265.20533936164486,1480,timp21337,3,0.3333333333333333,1
161217,jenkins,500,1339775999,1340367715,1340367715,9861,9861,34,1,0,1,44,74262,2,0,1,265.08847055021414,1473,recampbell,11,0.9090909090909091,5
160573,jenkins,499,1339741502,1341573200,1341573200,30528,30528,34,13,0,7,44,74262,45,0,0,265.08847055021414,1473,BerkOFF,2,0.0,3
160164,jenkins,498,1339705388,1339711695,1339711695,105,105,34,1,0,1,43,74264,2,0,0,264.2734029947215,1473,buckett,0,0,1
159912,jenkins,497,1339693974,1340367871,1340367871,11231,11231,34,1,0,1,43,74262,0,0,0,264.2805203199483,1473,edenman,0,0,2
397622,jenkins,496,1339671278,1339671417,1339671417,2,2,34,1,0,2,43,74262,2,11,1,264.2131911340928,1473,lvotypko,11,0.36363636363636365,0
221916,jenkins,495,1339590400,1343027887,1343027887,57291,57291,34,0,0,0,42,74929,0,0,0,266.95938822084906,1473,stephenc,6,0.8333333333333334,12
397379,jenkins,494,1339565372,1339565490,1339565490,1,1,34,1,0,1,41,74262,2,0,0,264.2131911340928,1473,lvotypko,10,0.3,0
321344,jenkins,493,1338838900,1338839226,1338839226,5,5,34,3,0,7,31,73941,15,0,6,264.7651505930404,1458,recampbell,10,0.9,5
395669,jenkins,492,1338804222,1339429813,1339429813,10426,10426,34,1,0,0,31,74182,0,0,0,264.4981262300828,1458,lvotypko,9,0.3333333333333333,0
320400,jenkins,491,1338556617,1338875512,1338875512,5314,5314,35,1,0,1,29,73933,1,0,3,264.7802740318937,1457,ndeloof,5,0.6,30
319921,jenkins,490,1338474184,1338474568,1338474568,6,6,36,2,0,3,29,73911,4,0,0,264.85908728064834,1456,recampbell,9,0.8888888888888888,5
395022,jenkins,489,1338454757,1338497002,1338497002,704,704,36,1,0,4,28,73911,31,0,4,264.85908728064834,1455,lvotypko,8,0.25,0
319736,jenkins,488,1338447933,1338929785,1338929785,8030,8030,36,1,0,0,29,73911,0,0,0,264.85908728064834,1455,Vlatombe,11,0.36363636363636365,3
319693,jenkins,487,1338441067,1338938271,1338938271,8286,8286,36,1,0,1,29,73911,39,0,0,264.85908728064834,1455,dharmsheta,0,0,0
318064,jenkins,486,1338031749,1338315947,1338315947,4736,4736,36,1,0,2,26,74328,47,0,0,262.78118609406954,1449,murank,0,0,0
317089,jenkins,485,1337844828,1337916652,1337916652,1197,1197,36,1,0,28,25,74064,0,0,5,262.96176279974077,1447,manolo,1,1.0,6
316952,jenkins,484,1337813710,1337839695,1337839695,433,433,36,2,0,9,25,74064,201,0,166,262.96176279974077,1446,cquinn,0,0,5
393662,jenkins,483,1337803855,1337805755,1337805755,31,31,36,1,0,1,24,74014,2,0,0,263.13940605831334,1446,jhowk,0,0,0
319075,jenkins,482,1337785558,1338310516,1338310516,8749,8749,35,1,3,0,24,74064,0,0,0,262.96176279974077,1445,BerkOFF,1,0.0,3
316455,jenkins,481,1337754177,1338316933,1338316933,9379,9379,35,1,0,1,24,74064,2,0,0,262.96176279974077,1444,fma1977,0,0,0
315944,jenkins,480,1337678292,1337684597,1337684597,105,105,35,1,0,2,25,73835,19,0,5,263.7773413692693,1441,IanKemp,0,0,0
315928,jenkins,479,1337676350,1337677796,1337677796,24,24,35,1,0,54,25,73835,0,0,2,263.7773413692693,1441,manolo,0,0,6
315727,jenkins,478,1337636579,1337723550,1337723550,1449,1449,34,4,0,2,25,73733,4,0,0,264.1422429576987,1440,bmoyles,0,0,1
314424,jenkins,477,1337351048,1337723952,1337723952,6215,6215,33,1,0,0,27,73733,0,0,0,264.1422429576987,1438,edalquist,0,0,12
392555,jenkins,476,1337298854,1337301468,1337301468,43,43,33,1,0,1,27,73729,0,0,0,264.15657339717075,1438,cliffano,0,0,18
313727,jenkins,475,1337234612,1337234936,1337234936,5,5,33,1,0,2,27,73729,0,0,0,264.15657339717075,1437,arielpeltz,0,0,0
392237,jenkins,474,1337176364,1337724968,1337724968,9143,9143,33,1,0,0,27,73729,0,0,0,264.15657339717075,1436,lvotypko,7,0.2857142857142857,0
312625,jenkins,473,1337072648,1338316968,1338316968,20738,20738,33,2,0,0,27,74064,0,0,0,262.96176279974077,1435,BerkOFF,0,0,3
309519,jenkins,471,1336497152,1337031684,1337031684,8908,8908,32,1,0,0,27,73718,0,0,0,264.0060772131637,1422,bap2000,5,0.6,2
309112,jenkins,470,1336427747,1336454644,1336454644,448,448,32,1,0,1,27,73653,87,0,0,264.23906697622635,1420,recampbell,8,0.875,5
309038,jenkins,469,1336417959,1336506798,1336506798,1480,1480,31,1,0,2,27,73653,10,6,0,264.23906697622635,1419,dreiss,0,0,22
308483,jenkins,468,1336311201,1336415599,1336415599,1739,1739,31,1,0,1,27,73649,11,0,0,264.2534182405735,1417,Vlatombe,10,0.3,3
308329,jenkins,467,1336250930,1337726407,1337726407,24591,24591,31,1,0,0,27,73649,0,0,0,264.2534182405735,1417,fredg02,17,0.6470588235294118,1
308255,jenkins,466,1336230031,1336230057,1336230057,0,0,31,1,0,1,27,73649,0,0,131,264.2534182405735,1417,fredg02,16,0.625,1
307716,jenkins,465,1336125782,1336155444,1336155444,494,494,30,1,0,0,27,73639,0,0,0,264.28930322247726,1415,ssogabe,1,1.0,6
307640,jenkins,464,1336115954,1337726726,1337726726,26846,26846,30,1,0,2,27,73639,5,0,0,264.28930322247726,1415,Vlatombe,9,0.3333333333333333,3
389300,jenkins,463,1336026296,1337728430,1337728430,28368,28368,30,1,0,0,27,73633,0,0,0,264.31083889017157,1415,lvotypko,6,0.3333333333333333,0
305996,jenkins,462,1335858471,1335859545,1335859545,17,17,29,1,0,1,26,73629,20,0,3,264.325197951894,1413,lacostej,13,0.5384615384615384,14
305976,jenkins,461,1335853355,1335853827,1335853827,7,7,29,1,0,1,26,73629,7,0,2,264.175800296079,1413,stephenc,5,0.8,10
388641,jenkins,460,1335787008,1341223116,1341223116,90601,90601,29,1,0,0,26,74182,0,0,0,264.4981262300828,1412,lvotypko,5,0.4,0
305456,jenkins,459,1335775890,1337729471,1337729471,32559,32559,28,1,0,3,26,73629,9,0,0,264.0399842453381,1412,davehunt,0,0,35
304069,jenkins,458,1335452295,1337729620,1337729620,37955,37955,29,1,0,0,27,73620,0,0,0,264.58842705786475,1409,justinsb,0,0,6
303611,jenkins,457,1335378277,1335385376,1335385376,118,118,28,1,0,0,27,73598,0,0,0,264.66751813907985,1407,abayer,1,0.0,32
303565,jenkins,456,1335372625,1335415752,1335415752,718,718,28,1,0,0,28,73598,0,0,0,264.66751813907985,1407,ccosby,0,0,1
303532,jenkins,455,1335369008,1335414924,1335414924,765,765,28,1,0,1,28,73598,0,0,0,264.66751813907985,1407,marc-guenther,2,0.5,1
303420,jenkins,454,1335358058,1335358427,1335358427,6,6,28,1,0,1,27,73597,7,0,1,264.6711143117247,1406,recampbell,7,0.8571428571428571,5
302928,jenkins,453,1335281016,1335281060,1335281060,0,0,28,1,0,4,27,73585,10,0,145,263.9668410681525,1405,lacostej,12,0.5,14
301965,jenkins,452,1335118880,1335416421,1335416421,4959,4959,27,5,0,1,27,73577,35,0,0,263.6013971757479,1402,rborer,1,0.0,0
301656,jenkins,451,1335020019,1335159463,1335159463,2324,2324,27,1,0,2,27,73577,7,35,5,263.6013971757479,1401,recampbell,6,0.8333333333333334,5
300859,jenkins,450,1334852500,1335415271,1335415271,9379,9379,26,1,0,0,27,73558,0,0,0,263.6694853041138,1397,rpetti,0,0,4
300627,jenkins,449,1334827434,1339433753,1339433753,76771,76771,26,1,0,0,28,74182,0,0,0,264.4981262300828,1397,emanuelez,2,0.0,6
300399,jenkins,448,1334783500,1334783563,1334783563,1,1,25,1,0,1,28,73558,0,0,126,263.45196987411293,1397,fredg02,15,0.6,1
300099,jenkins,447,1334749789,1338320645,1338320645,59514,59514,25,1,0,0,28,74064,0,0,0,262.96176279974077,1395,gscheibel,0,0,3
300052,jenkins,446,1334741646,1334827237,1334827237,1426,1426,25,2,0,3,27,73558,75,0,0,263.45196987411293,1394,emanuelez,1,0.0,6
299957,jenkins,445,1334723500,1335280339,1335280339,9280,9280,25,3,0,22,27,73558,63,59,0,263.45196987411293,1394,lacostej,11,0.5454545454545454,14
299175,jenkins,444,1334596799,1334598346,1334598346,25,25,26,1,0,1,27,73548,0,0,25,263.48779028661556,1389,jclouds,1,1.0,70
298633,jenkins,443,1334496006,1334598486,1334598486,1708,1708,26,1,0,1,27,73542,0,0,0,263.50928721002964,1386,ssogabe,0,0,6
298421,jenkins,442,1334425318,1334425662,1334425662,5,5,26,1,0,4,28,73527,24,0,126,263.56304486787167,1385,Vlatombe,8,0.25,3
298366,jenkins,441,1334408284,1334598457,1334598457,3169,3169,26,1,0,1,27,73527,26,0,1,263.56304486787167,1384,evernat,0,0,0
298107,jenkins,440,1334343794,1334404795,1334404795,1016,1016,26,1,0,1,27,73479,6,0,2,263.73521686468246,1382,vjuranek,8,0.375,4
384786,jenkins,439,1334319794,1334405951,1334405951,1435,1435,25,1,0,0,27,73479,0,0,0,263.73521686468246,1380,bkmeneguello,0,0,0
297767,jenkins,438,1334297811,1335420817,1335420817,18716,18716,25,1,0,0,28,73479,0,0,0,263.73521686468246,1380,mpeltonen,0,0,36
297563,jenkins,436,1334256542,1334256615,1334256615,1,1,25,1,0,1,27,73449,1,0,7,263.80209396996554,1379,agallou,0,0,14
384452,jenkins,435,1334226155,1334407013,1334407013,3014,3014,25,1,0,0,27,73449,0,0,0,263.80209396996554,1374,lvotypko,4,0.5,0
297011,jenkins,434,1334170162,1339447508,1339447508,87955,87955,25,1,0,1,27,74182,0,0,0,264.4981262300828,1374,dserodio,0,0,8
296220,jenkins,433,1334065467,1334912929,1334912929,14124,14124,25,1,0,1,28,73446,10,0,0,263.81286931895545,1370,marc-guenther,1,0.0,1
295909,jenkins,432,1334009677,1334598504,1334598505,9813,9813,25,1,0,66,28,73446,0,0,2,263.81286931895545,1369,fredg02,14,0.5714285714285714,1
295864,jenkins,431,1334003296,1334598420,1334598420,9918,9918,25,1,0,8,28,73446,0,0,3,263.81286931895545,1369,fredg02,13,0.5384615384615384,1
295775,jenkins,430,1333993391,1339693630,1339693630,95003,95003,25,1,0,0,28,74182,0,0,0,264.4981262300828,1369,stisti,6,0.3333333333333333,1
294920,jenkins,429,1333764197,1333898985,1333898986,2246,2246,25,2,0,4,27,73526,5,4,14,263.49862633626196,1366,soid,3,0.0,0
294917,jenkins,428,1333763044,1338938581,1338938581,86258,86258,25,3,0,3,27,74064,8,0,130,262.96176279974077,1366,thomasvandoren,0,0,1
81456,jenkins,427,1333724900,1348562489,1348562489,247293,247293,25,1,0,1,27,74182,0,0,1,264.4981262300828,1365,kmaehashi,0,0,2
201046,jenkins,426,1333542092,1342008653,1342008653,141109,141109,25,2,0,1,27,74182,0,0,0,264.4981262300828,1363,thors,2,0.0,1
293249,jenkins,425,1333497011,1334425835,1334425835,15480,15480,24,1,0,1,27,73506,0,0,0,263.17579517318313,1362,jieryn,16,0.6875,4
293225,jenkins,424,1333492427,1334224437,1334224437,12200,12200,24,1,0,1,27,73506,2,0,0,263.17579517318313,1362,kinow,0,0,13
292300,jenkins,423,1333367192,1335289309,1335289309,32035,32035,24,1,0,0,27,73353,0,0,0,262.81133695963354,1359,commana,0,0,1
292046,jenkins,422,1333307505,1335124151,1335124151,30277,30277,24,0,0,0,27,73577,0,0,0,263.6013971757479,1358,alexlehm,4,1.0,1
381904,jenkins,421,1333221837,1333300785,1333300785,1315,1315,24,1,0,2,27,73313,54,0,2,262.95472835649883,1355,lvotypko,3,0.3333333333333333,0
290095,jenkins,420,1332943133,1333285142,1333285142,5700,5700,24,1,0,1,28,73306,0,1,0,262.27048263443646,1350,slavino,0,0,0
289620,jenkins,419,1332871235,1333032612,1333032612,2689,2689,25,2,0,2,28,73306,4,0,136,262.27048263443646,1345,Vlatombe,7,0.14285714285714285,3
289480,jenkins,418,1332856848,1333032659,1333032659,2930,2930,25,1,0,2,28,73306,11,64,6,262.2431997380842,1345,alexlehm,3,1.0,1
380538,jenkins,417,1332771625,1332782770,1332782770,185,185,24,2,0,2,28,73306,0,9,0,262.2022753935558,1343,slide,0,0,0
288455,jenkins,416,1332698088,1332704102,1332704102,100,100,24,1,0,1,28,73247,54,0,0,262.39982524881566,1341,Vlatombe,6,0.16666666666666666,3
287738,jenkins,415,1332524614,1332631353,1332631353,1778,1778,23,1,0,0,27,73247,0,0,0,262.39982524881566,1340,oldelvet,12,0.25,1
287472,jenkins,414,1332494349,1332821353,1332821353,5510,5510,22,1,0,1,28,73247,2,0,0,262.39982524881566,1339,kayabendroth,0,0,0
287175,jenkins,413,1332438230,1332444255,1332444255,100,100,23,1,0,2,28,73247,0,0,143,262.39982524881566,1337,Vlatombe,5,0.0,3
286348,jenkins,411,1332350339,1332363641,1332363641,221,221,23,1,0,1,29,73221,3,0,3,262.2335122437552,1336,thatguystone,0,0,4
284421,jenkins,410,1332200632,1333027689,1333027689,13844,13844,23,1,0,1,29,73214,3,0,0,262.25858442374414,1330,fredg02,12,0.5,1
282568,jenkins,409,1331852443,1331852660,1331852660,3,3,23,1,0,1,29,73189,4,0,0,262.3481670742871,1323,recampbell,5,0.8,5
282372,jenkins,408,1331832086,1332084135,1332084135,4200,4200,22,1,0,1,29,73184,29,0,0,262.3660909488413,1322,marc-guenther,0,0,0
282022,jenkins,407,1331790234,1331857108,1331857108,1114,1114,24,3,0,0,29,73189,0,0,0,262.3481670742871,1319,ohtake,22,0.5454545454545454,2
281616,jenkins,406,1331743485,1331758859,1331758859,256,256,24,1,0,1,29,73183,0,0,0,262.3696760176544,1318,cliffmaury,1,1.0,1
506357,jenkins,405,1331680592,1331707092,1331707092,441,441,24,1,0,1,29,73183,0,0,11,262.3696760176544,1317,hayato1980,1,0.0,2
281696,jenkins,404,1331317224,1331750332,1331750333,7218,7218,25,1,0,1,29,73112,0,0,1,262.3645913119597,1313,onemanbucket,0,0,2
390170,jenkins,403,1331186990,1336405228,1336405228,87030,87030,25,1,0,0,29,73112,0,0,0,262.3645913119597,1310,lvotypko,2,0.5,0
506358,jenkins,402,1331038356,1331356279,1331356279,5298,5298,25,1,0,0,29,72946,0,0,0,262.96164285910123,1307,ndeloof,4,0.75,25
507620,jenkins,399,1330701810,1330701883,1330701883,1,1,25,1,0,1,29,72477,6,0,15,263.46289167597996,1303,alexlehm,2,1.0,1
506365,jenkins,398,1330700905,1330700974,1330700974,1,1,25,3,0,67,29,72477,608,0,327,263.46289167597996,1303,alexlehm,1,1.0,1
507621,jenkins,397,1330674742,1330990704,1330990704,5266,5266,25,1,0,1,29,72933,2,0,0,262.0761520847901,1302,ohtake,21,0.5714285714285714,2
506368,jenkins,396,1330667731,1330990386,1330990386,5377,5377,24,1,0,0,28,72933,0,0,0,262.0761520847901,1302,ohtake,20,0.6,2
506369,jenkins,395,1330636306,1330700983,1330700983,1077,1077,23,1,0,1,27,72469,4,0,13,262.4432515972347,1302,alexlehm,0,0,1
456248,jenkins,394,1330599551,1331001174,1331001174,6693,6693,23,1,0,0,27,72469,0,0,0,262.4432515972347,1300,lvotypko,1,1.0,0
456249,jenkins,393,1330599002,1330999602,1330999602,6676,6676,23,2,0,0,27,72933,0,0,0,262.0761520847901,1300,ohtake,19,0.631578947368421,2
456250,jenkins,392,1330558545,1330999814,1330999814,7354,7354,22,1,0,0,27,72469,0,0,0,262.4432515972347,1299,soid,2,0.0,0
456251,jenkins,391,1330479754,1330479830,1330479830,1,1,22,6,0,0,25,72438,0,0,0,262.55556475882827,1298,soid,1,0.0,0
46456,jenkins,390,1330387092,1330466345,1330466345,1320,1320,22,1,0,2,21,72212,26,0,0,263.3772780147344,1294,PerilousApricot,0,0,5
42554,jenkins,389,1330098359,1330323954,1330323954,3759,3759,22,1,0,1,21,72211,0,0,0,263.3809253437842,1285,timp21337,2,0.0,1
40804,jenkins,388,1330001383,1333542198,1333542198,59073,59073,23,5,0,5,21,72508,42,0,0,263.2399183538368,1280,thors,1,0.0,0
40795,jenkins,387,1330001243,1331057583,1331057583,17605,17605,23,4,0,10,21,72211,138,0,125,263.3809253437842,1280,thors,0,0,0
40116,jenkins,386,1329954249,1329986497,1329986497,537,537,23,2,0,5,21,72218,27,0,137,263.35539616162174,1278,fredg02,11,0.45454545454545453,1
39468,jenkins,385,1329925499,1329925732,1329925732,3,3,23,1,0,0,20,72220,0,0,0,263.3481030185544,1277,emonty,1,1.0,14
38831,jenkins,383,1329882439,1329894271,1329894271,197,197,23,1,0,1,20,72220,0,0,0,263.3481030185544,1272,gshakhn,0,0,1
37904,jenkins,382,1329834809,1329925761,1329925761,1515,1515,23,1,0,1,20,72220,0,0,26,263.3481030185544,1272,jclouds,0,0,66
375332,jenkins,381,1329807876,1344502590,1344502590,244971,244971,23,250,0,264,20,74182,3822,880,0,264.4981262300828,1268,alexkoon,1,0.0,1
36484,jenkins,380,1329752926,1329753054,1329753054,2,2,23,1,0,3,19,72165,22,0,0,263.54881175084876,1268,Delorien84,0,0,0
35261,jenkins,379,1329669477,1329764794,1329764794,1588,1588,23,3,0,7,18,72148,73,0,9,263.6109109053612,1267,imod,5,0.2,2
18505,jenkins,378,1329597673,1329748366,1329748360,2511,2511,23,1,0,4,18,72085,27,0,2,263.8412984670875,1263,kutzi,14,0.5,2
373970,jenkins,376,1329314832,1329475116,1329475117,2671,2671,26,2,0,7,18,71955,88,0,10,264.3179765130985,1258,lvotypko,0,0,0
373926,jenkins,374,1329295600,1329664164,1329664164,6142,6142,26,3,0,9,18,71971,425,471,0,264.25921551736116,1258,alexkoon,0,0,0
48493,jenkins,373,1329225236,1331750220,1331750220,42083,42083,26,1,0,3,17,71971,7,0,6,264.25921551736116,1256,zlosch,0,0,0
29672,jenkins,372,1329148223,1329222792,1329222792,1242,1242,26,4,0,15,17,71954,6061,0,0,264.32164994301917,1253,baileys,2,0.0,0
27347,jenkins,371,1328857120,1329511846,1329511846,10912,10912,28,1,0,2,17,71948,0,0,0,264.14910768888643,1242,bartosh,1,0.0,6
26820,jenkins,370,1328806228,1333290249,1333290249,74793,74793,28,1,0,0,17,71907,0,0,0,264.244093064653,1242,imod,4,0.25,2
26783,jenkins,369,1328804177,1329148102,1329148102,5732,5732,28,4,0,15,17,71900,6061,0,0,264.0751043115438,1242,baileys,1,0.0,0
26706,jenkins,368,1328798608,1328800930,1328800930,38,38,27,1,0,4,17,71900,3005,0,0,264.0751043115438,1242,baileys,0,0,0
34751,jenkins,367,1328295860,1329573533,1329573533,21294,21294,29,1,0,5,17,72039,79,2,0,264.0097724843488,1229,kutzi,13,0.46153846153846156,2
27343,jenkins,366,1328279277,1328856766,1328856766,9624,9624,29,1,0,2,17,71948,0,0,0,264.14910768888643,1229,bartosh,0,0,6
20791,jenkins,365,1327872251,1327931505,1327931505,987,987,30,2,0,2,16,71714,0,0,1,262.11060601835067,1224,jieryn,15,0.6666666666666666,3
19994,jenkins,364,1327765531,1327773978,1327773978,140,140,30,3,0,4,16,71714,68,0,10,262.11060601835067,1223,ikikko,0,0,20
18145,jenkins,363,1327690082,1327710405,1327710405,338,338,30,1,0,1,17,71674,0,0,0,262.256885341965,1223,kisielk,0,0,17
18096,jenkins,362,1327680804,1327709881,1327709881,484,484,30,1,0,1,16,71674,2,0,0,262.256885341965,1223,recampbell,4,0.75,5
267582,jenkins,360,1327589148,1327710856,1327710856,2028,2028,30,2,0,0,17,71652,0,0,0,262.3374085859432,1221,vjuranek,7,0.42857142857142855,1
267555,jenkins,359,1327587232,1327664565,1327664565,1288,1288,30,1,0,0,17,71652,0,0,0,262.3374085859432,1221,axnsoftware,2,0.0,1
507622,jenkins,358,1327525476,1327526377,1327526377,15,15,30,1,0,1,16,71648,4,0,3,262.352054488611,1218,mfriedenhagen,6,0.5,12
506371,jenkins,357,1327466396,1327475910,1327475910,158,158,30,1,0,2,16,71648,0,0,141,262.352054488611,1215,jieryn,14,0.6428571428571429,3
506373,jenkins,356,1327463025,1327465113,1327465113,34,34,30,1,0,0,16,71648,0,0,0,262.352054488611,1215,jieryn,13,0.6923076923076923,3
276657,jenkins,355,1326940140,1329573866,1329573866,43895,43895,31,4,0,0,17,71545,0,0,0,262.7297505066741,1209,soid,0,0,0
506374,jenkins,354,1326933927,1326933946,1326933946,0,0,31,1,0,1,16,71545,60,0,7,262.7297505066741,1209,jorgenpt,0,0,16
280927,jenkins,353,1326782025,1330386439,1330386439,60073,60073,30,1,0,0,17,71545,0,0,0,262.7297505066741,1208,hayato1980,0,0,2
269353,jenkins,352,1326774666,1327935456,1327935456,19346,19346,30,2,0,2,17,71545,22,0,4,262.7297505066741,1208,puug,0,0,0
506376,jenkins,350,1326629676,1326718999,1326718999,1488,1488,30,3,0,0,17,71545,0,0,0,262.7297505066741,1202,deruyter,1,0.0,0
506378,jenkins,349,1326565572,1326721152,1326721153,2593,2593,30,1,0,2,16,71545,6,0,140,262.7297505066741,1202,mc1arke,1,1.0,1
506379,jenkins,348,1326545497,1326720600,1326720600,2918,2918,30,1,0,2,16,71545,0,0,140,262.7297505066741,1201,mc1arke,0,0,1
506380,jenkins,347,1326376754,1326441692,1326441692,1082,1082,30,1,0,0,16,71545,0,0,0,262.7297505066741,1195,deruyter,0,0,0
506383,jenkins,346,1326347133,1326347785,1326347785,10,10,30,1,0,1,16,71545,2,0,1,262.7297505066741,1195,ohtake,18,0.6111111111111112,0
270470,jenkins,344,1326197355,1328175426,1328175426,32967,32967,31,6,0,9,17,71714,16,204,6,262.11060601835067,1190,ohtake,17,0.5882352941176471,0
267583,jenkins,343,1326187155,1327589359,1327589359,23370,23370,31,1,0,3,17,71545,32,0,3,262.71577328953805,1190,vjuranek,6,0.3333333333333333,1
272156,jenkins,342,1325888497,1328715963,1328715963,47124,47124,31,12,0,20,16,71542,282,8,0,262.36336697324646,1189,huybrechts,0,0,2
506384,jenkins,341,1325865764,1325866131,1325866131,6,6,31,1,0,9,15,71526,16,0,31,262.42205631518607,1189,javacruft,0,0,0
506385,jenkins,340,1325610732,1325615693,1325615693,82,82,31,2,0,0,17,70955,0,0,0,251.00415756465367,1181,blalor,0,0,2
506387,jenkins,338,1325252083,1325252207,1325252207,2,2,32,1,0,1,18,70960,0,0,0,250.60597519729427,1178,cliffmaury,0,0,0
506389,jenkins,336,1325026656,1325616364,1325616364,9828,9828,30,2,0,0,19,70938,0,0,0,250.68369562152864,1176,kiy0taka,0,0,32
506390,jenkins,335,1324546228,1324683514,1324683514,2288,2288,30,1,0,1,22,70902,0,0,2,250.17629968125016,1171,ialbors,0,0,0
506393,jenkins,334,1324344220,1324697898,1324697898,5894,5894,30,2,0,4,24,70902,25,0,12,250.17629968125016,1169,fredg02,10,0.4,1
506395,jenkins,333,1324344126,1324985098,1324985098,10682,10682,30,1,0,0,24,70902,0,0,0,250.17629968125016,1169,fredg02,9,0.4444444444444444,1
506397,jenkins,332,1324245026,1324294667,1324294667,827,827,30,8,0,0,25,70850,0,0,0,250.35991531404377,1169,fredg02,8,0.5,1
506399,jenkins,331,1324223107,1325617376,1325617376,23237,23237,30,1,0,0,25,70850,0,0,0,250.35991531404377,1169,imod,3,0.3333333333333333,1
506400,jenkins,330,1324029010,1325618219,1325618219,26486,26486,30,1,0,0,25,70851,0,0,0,250.35638170244596,1168,tivv,0,0,0
506402,jenkins,329,1323977176,1325619758,1325619758,27376,27376,30,1,0,0,26,70851,0,0,0,250.35638170244596,1168,stisti,5,0.4,1
506403,jenkins,328,1323955417,1325629875,1325629875,27907,27907,29,2,0,0,27,70834,0,0,0,250.416466668549,1168,Vlatombe,4,0.0,2
506404,jenkins,327,1323913828,1323933309,1323933310,324,324,29,1,0,2,27,70828,16,0,7,250.437680013554,1168,recampbell,3,0.6666666666666666,5
506405,jenkins,326,1323838281,1325632987,1325632987,29911,29911,29,4,0,0,27,70828,0,0,0,250.437680013554,1166,albert-so,0,0,1
506407,jenkins,324,1323281098,1325633943,1325633943,39214,39214,27,1,0,0,33,70826,0,0,0,250.44475192725835,1160,nolanlawson,0,0,7
506408,jenkins,323,1322955164,1322994392,1322994392,653,653,27,1,0,1,36,70827,4,0,3,250.4412159204823,1158,davidmc24,1,1.0,0
506409,jenkins,322,1322856789,1323279528,1323279528,7045,7045,25,2,0,0,37,70790,0,0,0,250.557988416443,1158,costincaraivan,0,0,0
506410,jenkins,321,1322676710,1322680911,1322680911,70,70,24,2,0,0,40,70778,0,0,0,250.6004690723106,1154,Elbandi,1,0.0,1
506411,jenkins,320,1322310209,1325344497,1325344497,50571,50571,24,4,0,13,45,70973,257,0,121,250.94049849942934,1152,kutzi,12,0.4166666666666667,2
506413,jenkins,319,1322310095,1322310189,1322310189,1,1,24,1,0,0,45,70333,0,0,0,252.0722847027711,1152,kutzi,11,0.45454545454545453,2
506414,jenkins,318,1322240353,1322247892,1322247892,125,125,24,1,0,1,46,70332,12,0,21,252.07586873684812,1151,jyrkiput,0,0,1
506415,jenkins,317,1322095217,1322674183,1322674183,9649,9649,23,3,0,0,47,70332,0,0,0,252.0474321788091,1151,fredg02,7,0.5714285714285714,1
506416,jenkins,316,1322046343,1322058139,1322058139,196,196,23,5,0,9,47,70310,132,175,204,250.33423410610155,1150,imod,2,0.5,1
506417,jenkins,315,1322035463,1322674884,1322674884,10657,10657,23,1,0,0,47,70310,0,0,0,250.33423410610155,1150,Vlatombe,3,0.0,1
506418,jenkins,314,1321728729,1322675112,1322675112,15773,15773,23,1,0,0,48,70307,0,0,0,250.23112919055,1147,Elbandi,0,0,1
506420,jenkins,313,1321603873,1325634231,1325634231,67172,67172,23,3,0,0,50,70290,0,0,0,249.19618722435624,1147,kutzi,10,0.5,2
506421,jenkins,312,1321476355,1325634855,1325634855,69308,69308,21,1,0,0,51,70287,0,0,0,249.20682345241653,1145,mzs-github,0,0,0
506422,jenkins,311,1321400969,1322675363,1322675363,21239,21239,21,1,0,0,53,70287,0,0,0,249.20682345241653,1143,oldelvet,11,0.2727272727272727,1
506423,jenkins,310,1321400858,1322675608,1322675608,21245,21245,21,1,0,0,53,70287,0,0,0,249.20682345241653,1143,oldelvet,10,0.3,1
506425,jenkins,308,1320913539,1322680691,1322680691,29452,29452,20,1,0,0,57,70181,0,0,0,249.56897165899602,1140,blueyed,0,0,8
506426,jenkins,307,1320790227,1320970714,1320970714,3008,3008,20,1,0,1,56,70178,0,0,1,249.57964034312747,1139,stisti,4,0.25,1
506427,jenkins,306,1320779084,1325635238,1325635238,80935,80935,19,1,0,0,56,70175,0,0,0,249.21980762379764,1139,justinedelson,0,0,3
506428,jenkins,305,1320596774,1320702790,1320702790,1766,1766,20,1,0,0,56,70029,0,0,0,249.19676134172985,1137,motlin,0,0,5
506430,jenkins,304,1320354157,1320703102,1320703102,5815,5815,20,2,0,0,55,70012,0,0,0,249.25727018225447,1134,oldelvet,9,0.3333333333333333,1
506431,jenkins,303,1320219132,1320254247,1320254247,585,585,20,1,0,0,55,70000,0,0,0,249.29999999999998,1133,emanuelez,0,0,6
506432,jenkins,302,1320152827,1320253775,1320253775,1682,1682,19,1,0,1,54,70000,8,0,4,249.29999999999998,1133,fredg02,6,0.6666666666666666,1
506436,jenkins,300,1319918076,1319968452,1319968452,779,779,21,1,0,1,55,69986,0,0,24,248.09247563798473,1132,dodtsair,0,0,0
506437,jenkins,299,1319804773,1320704112,1320704112,14928,14928,22,7,0,0,55,70029,0,0,0,249.19676134172985,1132,ohtake,16,0.625,0
506440,jenkins,298,1319711968,1320703387,1320703387,16463,16463,22,5,0,0,55,70029,0,0,0,249.19676134172985,1131,ohtake,15,0.6666666666666666,0
506441,jenkins,297,1319678027,1319691515,1319691515,224,224,22,1,0,1,54,69957,2,0,3,248.09525851594552,1131,davidmc24,0,0,0
506443,jenkins,295,1319067184,1319108259,1319108259,684,684,24,4,0,11,51,69893,11,0,342,248.22228263202322,1125,ohtake,14,0.6428571428571429,0
506444,jenkins,294,1319031545,1319033258,1319033258,28,28,24,4,0,14,51,69893,0,2815,174,225.9310660581174,1125,stephenc,4,0.75,7
506446,jenkins,293,1319004562,1325648679,1325648679,110675,110675,24,1,0,0,51,70162,0,0,0,249.2659844360195,1125,Vlatombe,2,0.0,1
506448,jenkins,292,1318909829,1319106733,1319106733,3281,3281,24,1,0,2,51,69893,0,0,163,248.22228263202322,1124,ohtake,13,0.6153846153846154,0
506449,jenkins,291,1318792990,1318848723,1318848723,928,928,24,1,0,1,50,69893,6,0,0,225.9310660581174,1122,fredg02,5,0.6,1
506451,jenkins,289,1318570077,1320709355,1320709355,35594,35594,24,1,0,0,50,69893,0,0,0,225.9310660581174,1119,Vlatombe,1,0.0,1
506452,jenkins,288,1318568929,1321433195,1321433195,47677,47677,24,1,0,0,50,70162,0,0,0,249.2659844360195,1119,jaakkopaakkonen,0,0,0
506453,jenkins,287,1318534001,1319128731,1319128731,9912,9912,24,1,0,1,50,69893,0,0,0,225.9310660581174,1119,stisti,3,0.0,1
506455,jenkins,286,1318531819,1318531975,1318531975,2,2,24,19,0,0,50,69893,0,0,0,225.9310660581174,1119,stisti,2,0.0,1
506459,jenkins,285,1318447104,1321187841,1321187841,45618,45618,24,5,0,0,50,70162,0,0,0,249.2659844360195,1119,pauxus,2,0.5,0
506461,jenkins,284,1318406496,1318488184,1318488184,1361,1361,24,1,0,2,50,69850,50,0,164,226.07015032211882,1119,ndeloof,3,0.6666666666666666,20
506462,jenkins,283,1318378432,1318418968,1318418968,675,675,24,2,0,0,50,69850,0,0,0,226.07015032211882,1118,ohtake,12,0.6666666666666666,0
506463,jenkins,282,1318378086,1318415028,1318415028,615,615,24,2,0,3,50,69850,9,0,174,226.07015032211882,1118,ohtake,11,0.6363636363636364,0
506464,jenkins,281,1318353659,1320710542,1320710542,39221,39221,23,1,0,0,49,69850,0,0,0,226.07015032211882,1118,rborer,0,0,0
506465,jenkins,280,1317974822,1318488149,1318488150,8555,8555,23,1,0,1,51,69655,16,0,0,226.70303639365443,1116,stephenc,3,0.6666666666666666,7
506466,jenkins,279,1317808694,1317978278,1317978278,2826,2826,23,1,0,12,50,69652,39,0,1,226.7128007810257,1113,ndeloof,2,0.5,20
506467,jenkins,278,1317802397,1317814809,1317814809,206,206,23,1,0,9,50,69652,15,0,15,226.7128007810257,1113,PaulSandoz,3,1.0,4
506468,jenkins,277,1317733161,1317755669,1317755669,375,375,23,1,0,2,50,69652,19,0,171,226.7128007810257,1110,ohtake,10,0.6,0
506469,jenkins,276,1317726487,1330991364,1330991364,221021,221021,23,59,0,174,50,72211,1799,4,1387,263.3809253437842,1110,ohtake,9,0.6666666666666666,0
506473,jenkins,274,1317662286,1317995321,1317995321,5550,5550,22,5,0,11,50,69652,773,0,41,226.7128007810257,1110,kutzi,9,0.4444444444444444,2
506475,jenkins,273,1317578337,1317586189,1317586189,130,130,22,1,0,1,49,69654,2,0,2,226.70629109598875,1110,redsolo,0,0,2
506476,jenkins,272,1317395758,1317397617,1317397617,30,30,21,2,0,2,49,69654,0,0,334,226.70629109598875,1110,jpederzolli,1,1.0,3
506479,jenkins,271,1317392982,1317393790,1317393790,13,13,21,2,0,2,49,69653,19,0,12,226.7095458917778,1109,jpederzolli,0,0,3
506480,jenkins,270,1317376478,1317376700,1317376700,3,3,21,1,0,2,49,69643,13,0,173,226.74209899056615,1108,oldelvet,8,0.25,1
506482,jenkins,269,1317239640,1317261699,1317261699,367,367,22,1,0,0,49,69638,0,0,0,226.7583790459232,1105,wernight,1,0.0,0
506484,jenkins,268,1317214810,1317216313,1317216313,25,25,22,1,0,1,49,69636,4,0,6,226.76489172267216,1105,jcarsique,0,0,1
506486,jenkins,267,1317192438,1317292565,1317292565,1668,1668,22,1,0,2,48,69636,2,0,167,226.76489172267216,1105,ohtake,8,0.625,0
506487,jenkins,266,1317192084,1319970548,1319970548,46247,46247,22,4,0,7,48,69923,4,156,118,248.2158946269468,1105,ohtake,7,0.5714285714285714,0
506488,jenkins,265,1317162954,1317292956,1317292956,2166,2166,22,1,0,1,48,69636,2,0,6,226.76489172267216,1105,CMoH,1,0.0,1
506489,jenkins,264,1317109107,1317429455,1317429455,5339,5339,22,2,0,3,48,69636,39,0,168,226.76489172267216,1104,ohtake,6,0.5,0
506490,jenkins,263,1317084393,1317088625,1317088625,70,70,22,3,0,4,48,69636,0,0,1,226.76489172267216,1104,ohtake,5,0.4,0
506258,jenkins,262,1317074352,1317083456,1317083456,151,151,22,1,0,1,48,69600,0,0,5,226.17816091954023,1104,jieryn,12,0.6666666666666666,3
506260,jenkins,261,1317066456,1318447200,1318447200,23012,23012,22,7,0,0,48,69600,0,0,0,226.17816091954023,1104,pauxus,1,1.0,0
506263,jenkins,260,1317040251,1317052492,1317052492,204,204,23,1,0,1,48,69600,0,0,3,226.17816091954023,1104,henryju,0,0,3
506264,jenkins,258,1317020750,1317022071,1317022071,22,22,23,1,0,2,47,69589,16,0,13,226.21391311845264,1104,PaulSandoz,2,1.0,4
506266,jenkins,256,1316796983,1316797475,1316797475,8,8,23,1,0,1,48,69272,0,0,40,225.0115486776764,1100,Batmat,2,0.0,3
506269,jenkins,255,1316789725,1316810257,1316810257,342,342,23,1,0,1,48,69272,0,0,1,225.0115486776764,1100,jieryn,11,0.6363636363636364,3
506270,jenkins,254,1316770646,1316797931,1316797931,454,454,23,1,0,1,48,69272,0,0,0,225.0115486776764,1099,PaulSandoz,1,1.0,4
506272,jenkins,252,1316705914,1316706072,1316706072,2,2,23,1,0,1,48,69255,0,0,0,225.06678218179192,1099,aitortxu,1,1.0,3
506273,jenkins,251,1316590049,1316785438,1316785438,3256,3256,29,250,0,601,47,70090,3534,1086,11860,201.75488657440434,1097,wernight,0,0,0
506283,jenkins,250,1316527017,1316811175,1316811175,4735,4735,31,4,0,0,46,69235,0,0,0,225.1317975012638,1095,ohtake,4,0.5,0
506284,jenkins,249,1316466478,1316497569,1316497569,518,518,31,1,0,2,45,69235,0,0,0,225.1317975012638,1094,fredg02,4,0.5,1
506287,jenkins,246,1316132043,1316381059,1316381059,4150,4150,32,1,0,0,45,69181,0,0,0,225.30752663303508,1090,cspotcode,0,0,1
506289,jenkins,245,1316119452,1316812087,1316812087,11543,11543,32,6,0,0,45,69181,0,0,0,225.30752663303508,1090,oldelvet,7,0.2857142857142857,1
506291,jenkins,244,1316061967,1316061986,1316061986,0,0,32,1,0,1,45,69181,0,2,0,225.30752663303508,1089,lacostej,10,0.5,14
506293,jenkins,243,1315987092,1320712420,1320712420,78695,78695,33,6,0,27,45,70162,119,0,80,249.2659844360195,1088,ohtake,3,0.3333333333333333,0
506294,jenkins,242,1315940992,1319462995,1319462995,58700,58700,33,1,0,0,44,69491,0,0,0,224.67657682289794,1088,flaviocdc,0,0,9
506296,jenkins,241,1315905739,1316836163,1316836163,15507,15507,33,3,0,0,43,69491,0,0,0,224.67657682289794,1088,stefanbrausch,0,0,1
506298,jenkins,240,1315832268,1315870642,1315870642,639,639,32,1,0,0,43,69461,0,0,0,224.77361397042944,1087,isware,0,0,0
506299,jenkins,238,1315743776,1315745406,1315745406,27,27,32,1,0,1,42,69461,0,0,0,224.77361397042944,1086,orrc,1,1.0,7
506300,jenkins,237,1315634382,1325635425,1325635425,166624,166624,32,2,0,0,41,70162,0,0,0,249.2659844360195,1086,ralfEdmund,0,0,1
506303,jenkins,236,1315590935,1315869574,1315869574,4643,4643,32,1,0,0,41,69461,0,0,0,224.77361397042944,1085,CMoH,0,0,1
506304,jenkins,235,1315579416,1316836566,1316836566,20952,20952,32,2,0,0,41,69461,0,0,0,224.77361397042944,1085,oldelvet,6,0.3333333333333333,1
506305,jenkins,234,1315548174,1315568904,1315568904,345,345,32,8,0,0,40,69459,0,0,0,224.7512921291697,1084,oldelvet,5,0.4,1
506307,jenkins,233,1315499610,1316839287,1316839287,22327,22327,32,9,0,16,39,69971,258,28,177,226.15083391690843,1083,imod,1,0.0,1
506308,jenkins,232,1315475762,1315818278,1315818278,5708,5708,32,2,0,0,39,69987,0,0,0,226.09913269607213,1082,ohtake,2,0.5,0
506310,jenkins,230,1315340466,1315340555,1315340555,1,1,32,1,0,1,37,69981,6,0,5,226.11851788342548,1079,oldelvet,4,0.25,1
506311,jenkins,229,1315322565,1316839791,1316839791,25287,25287,32,1,0,0,36,69965,0,0,0,226.17022797112844,1079,awarddev,0,0,2
506334,jenkins,228,1315230268,1315230827,1315230827,9,9,34,1,0,0,35,69950,0,0,0,226.21872766261617,1078,ohtake,1,0.0,0
506335,jenkins,227,1315230192,1315958693,1315958693,12141,12141,34,1,0,0,35,69950,0,0,0,226.21872766261617,1078,ohtake,0,0,0
506336,jenkins,226,1315167572,1315230945,1315230945,1056,1056,34,1,0,0,35,69950,0,0,0,226.21872766261617,1078,d-rep,1,0.0,0
506492,jenkins,225,1315043706,1315325324,1315325324,4693,4693,34,2,0,0,35,69950,0,0,0,226.21872766261617,1074,pauxus,0,0,0
506493,jenkins,224,1315019281,1320717549,1320717549,94911,94911,34,1,0,0,35,70162,0,0,0,249.2659844360195,1073,simoleone,0,0,5
506494,jenkins,223,1314731504,1314887623,1314887623,2601,2601,35,3,0,11,34,69945,14,0,290,226.2348988490957,1073,recampbell,2,0.5,5
506496,jenkins,222,1314708787,1315911687,1315911687,20048,20048,35,1,0,0,34,69891,0,0,0,225.10766765391824,1072,jieryn,10,0.7,2
506497,jenkins,221,1314483646,1314549117,1314549117,1091,1091,35,2,0,0,33,69876,0,0,0,223.75350621100233,1068,oldelvet,3,0.3333333333333333,1
506498,jenkins,219,1314394584,1314420713,1314420713,435,435,35,1,0,1,32,69872,7,0,13,223.7663155484314,1068,oldelvet,2,0.0,1
506500,jenkins,218,1314260147,1314548321,1314548321,4802,4802,35,1,0,0,32,69760,0,0,0,222.67775229357798,1068,timp21337,1,0.0,1
506501,jenkins,217,1313620875,1313665614,1313665614,745,745,36,1,0,2,33,69719,0,0,182,222.80870350980365,1060,jieryn,9,0.6666666666666666,2
506505,jenkins,215,1313095514,1314547562,1314547562,24200,24200,37,1,0,0,30,69616,0,0,0,222.9085267754539,1056,fieldmar,0,0,0
506506,jenkins,214,1313070758,1313436487,1313436487,6095,6095,37,1,0,1,29,69614,12,0,2,222.91493090470308,1055,rvanoo,0,0,0
506507,jenkins,213,1312982771,1313732504,1313732504,12495,12495,37,1,0,0,29,69614,0,0,0,222.91493090470308,1055,timp21337,0,0,1
506509,jenkins,212,1312958264,1319033974,1319033974,101261,101261,37,4,0,0,29,69614,0,0,0,222.91493090470308,1055,sshekher,0,0,0
506511,jenkins,211,1312576602,1312918901,1312918901,5704,5704,37,1,0,0,29,68949,0,0,0,221.0039304413407,1049,oldelvet,1,0.0,1
506512,jenkins,210,1312575877,1312917833,1312917833,5699,5699,36,1,0,0,29,68949,0,0,0,221.0039304413407,1049,oldelvet,0,0,1
506513,jenkins,209,1312404925,1312918801,1312918801,8564,8564,36,1,0,0,29,68957,0,0,0,220.83327290920428,1047,thomasmorse,0,0,1
506515,jenkins,208,1312105628,1312213066,1312213066,1790,1790,36,3,0,10,30,68786,115,144,239,217.93678946297211,1042,kutzi,7,0.42857142857142855,2
506516,jenkins,207,1312076101,1312919051,1312919051,14049,14049,36,2,0,0,30,68786,0,0,0,217.93678946297211,1042,d-rep,0,0,0
506517,jenkins,206,1312015133,1314547165,1314547165,42200,42200,35,1,0,0,31,68786,0,0,0,217.93678946297211,1042,wolfs,5,0.4,3
506518,jenkins,205,1311969877,1311969976,1311969976,1,1,35,1,0,3,31,68786,64,0,56,217.93678946297211,1042,wolfs,4,0.25,3
506519,jenkins,204,1311885099,1311885522,1311885522,7,7,35,1,0,1,31,68767,5,0,6,217.99700437709947,1041,recampbell,1,0.0,5
506521,jenkins,203,1311791526,1311869861,1311869861,1305,1305,36,1,0,8,31,68671,13,0,16,218.21438452913168,1041,bap2000,4,0.5,1
506522,jenkins,202,1311440795,1311514653,1311514653,1230,1230,38,2,0,0,34,68344,0,0,0,219.09750673065668,1037,axnsoftware,1,0.0,1
506524,jenkins,201,1311438507,1311662485,1311662485,3732,3732,38,1,0,0,34,68344,0,0,0,219.09750673065668,1037,recampbell,0,0,5
506525,jenkins,200,1311181004,1311619446,1311619446,7307,7307,38,4,0,4,34,68406,91,0,176,219.07435020319855,1034,kutzi,6,0.3333333333333333,2
506526,jenkins,199,1311112200,1311423986,1311423986,5196,5196,38,3,0,0,34,68302,0,0,0,218.82228924482447,1033,lacostej,9,0.5555555555555556,14
506527,jenkins,198,1311110696,1311423318,1311423318,5210,5210,38,2,0,0,33,68302,0,0,0,218.82228924482447,1033,lacostej,8,0.625,14
506528,jenkins,197,1310826465,1311422288,1311422288,9930,9930,41,1,0,0,32,68269,0,0,0,218.9427119190262,1027,axnsoftware,0,0,1
506529,jenkins,196,1310736872,1310814084,1310814084,1286,1286,41,3,0,4,30,72677,8894,1605,227,216.6435048227087,1026,kutzi,5,0.4,2
506530,jenkins,195,1310676203,1312918353,1312918353,37369,37369,41,4,0,4,30,72677,8894,1605,238,216.6435048227087,1026,stisti,1,0.0,1
506531,jenkins,194,1310492087,1310803800,1310803800,5195,5195,41,1,0,0,31,72677,0,0,0,216.6435048227087,1024,lacostej,7,0.7142857142857143,14
506532,jenkins,193,1310377646,1310524718,1310524718,2451,2451,40,14,0,0,31,72671,0,0,0,216.66139175186802,1022,stephenc,2,1.0,6
506536,jenkins,192,1310327790,1310503016,1310503016,2920,2920,40,2,0,0,32,72671,0,0,0,216.66139175186802,1022,ffo,0,0,0
506538,jenkins,190,1310112857,1310524805,1310524805,6865,6865,40,1,0,0,32,72616,0,0,0,216.68778230692962,1022,wgriffiths,0,0,0
506539,jenkins,189,1309923755,1310808301,1310808301,14742,14742,41,25,0,0,32,72677,0,0,0,216.6435048227087,1018,ajub,2,0.0,0
506542,jenkins,188,1309896373,1309905682,1309905682,155,155,41,4,0,0,32,72301,0,0,0,217.6318446494516,1017,stisti,0,0,1
506543,jenkins,187,1309865782,1309878436,1309878436,210,210,40,1,0,1,32,72301,0,0,1,217.6318446494516,1017,redtoad,0,0,1
506545,jenkins,186,1309847975,1309848103,1309848103,2,2,40,1,0,1,32,72300,1,0,4,217.63485477178423,1017,fred-o,0,0,4
506546,jenkins,185,1309687390,1309787416,1309787416,1667,1667,41,1,0,3,32,72283,32,0,17,217.68603959437212,1016,kutzi,4,0.25,2
506548,jenkins,184,1309596800,1309630437,1309630437,560,560,41,2,0,2,32,72284,16,44,3,217.28183277073765,1015,kutzi,3,0.0,2
506551,jenkins,181,1309349362,1309350533,1309350533,19,19,41,1,0,1,30,72099,2,0,5,216.99330087795948,1012,PaulSandoz,0,0,3
506553,jenkins,179,1309009106,1314888455,1314888455,97989,97989,42,3,0,0,31,72677,0,0,0,216.6435048227087,1008,imod,0,0,0
506554,jenkins,178,1308904022,1308959735,1308959735,928,928,41,2,0,0,31,72033,0,0,0,216.1092832451793,1008,cjo9900,0,0,1
506555,jenkins,177,1308813923,1308814291,1308814291,6,6,41,1,0,1,31,71707,0,0,25,217.0917762561535,1007,aheritier,11,0.5454545454545454,23
506556,jenkins,176,1308696853,1308950396,1308950396,4225,4225,40,2,0,0,31,71706,0,0,0,217.10874961648955,1003,joesondow,0,0,0
506558,jenkins,175,1308692897,1310524945,1310524945,30534,30534,39,1,0,0,31,71706,0,0,0,217.10874961648955,1003,kevinsawicki,1,1.0,87
506560,jenkins,174,1308692678,1308951010,1308951010,4305,4305,39,4,0,0,31,71706,0,0,0,217.10874961648955,1003,drwelden,2,0.0,2
506561,jenkins,173,1308691823,1308692412,1308692412,9,9,37,3,0,0,31,71706,0,0,0,217.10874961648955,1003,drwelden,1,0.0,2
506562,jenkins,172,1308690743,1308959426,1308959426,4478,4478,37,1,0,0,31,71706,0,0,0,217.10874961648955,1003,rbywater,0,0,0
506563,jenkins,171,1308684684,1308684891,1308684892,3,3,37,1,0,1,31,71706,2,0,3,217.10874961648955,1002,mrobinet,1,0.0,2
506565,jenkins,169,1308510555,1308512115,1308512115,26,26,35,1,0,1,31,71684,0,0,1,217.1753808381229,1000,resmo,3,1.0,21
506567,jenkins,167,1308333376,1308344480,1308344480,185,185,35,1,0,0,31,71514,0,0,0,217.69164079760606,998,jsiirola,0,0,0
506568,jenkins,166,1308329328,1308947546,1308947546,10303,10303,34,38,0,6,31,71514,0,0,14,217.69164079760606,998,paxswill,0,0,0
506571,jenkins,165,1308253611,1308342680,1308342680,1484,1484,34,1,0,0,30,71494,0,0,0,217.52874367079755,995,drwelden,0,0,2
506572,jenkins,164,1308071367,1308164334,1308164334,1549,1549,33,2,0,0,28,71474,0,0,0,217.5896130061281,994,netjunki,0,0,2
506573,jenkins,163,1308022011,1308033011,1308033011,183,183,32,1,0,1,28,71474,0,0,1,217.5896130061281,994,kevinsawicki,0,0,86
506574,jenkins,162,1308005650,1308037474,1308037474,530,530,32,1,0,2,28,71474,0,0,190,217.5896130061281,994,jieryn,8,0.625,2
506578,jenkins,158,1307732398,1308120030,1308120030,6460,6460,31,1,0,1,28,71366,1,0,8,217.91889695373146,990,vjuranek,5,0.2,0
506581,jenkins,155,1307582421,1307962185,1307962185,6329,6329,30,4,0,13,28,71297,190,0,265,217.5407099877975,987,jieryn,7,0.5714285714285714,2
506582,jenkins,154,1307518581,1307518672,1307518672,1,1,30,1,0,3,28,71297,2,0,82,217.5407099877975,986,magnayn,2,1.0,4
506583,jenkins,153,1307456092,1307457139,1307457139,17,17,30,2,0,3,30,70921,529,8,0,218.891442591052,984,stephenc,1,1.0,6
506584,jenkins,152,1307429385,1307465387,1307465387,600,600,30,8,0,93,29,70921,1300,55,833,218.891442591052,984,magnayn,1,1.0,4
506588,jenkins,151,1307420249,1307460678,1307460678,673,673,30,1,0,1,29,70921,2,0,1,218.891442591052,984,kconnor,0,0,0
506590,jenkins,149,1307295731,1307460002,1307460002,2737,2737,29,1,0,0,30,70901,0,0,0,218.41722965825588,983,AncientLeGrey,0,0,0
506591,jenkins,148,1307104675,1307104694,1307104694,0,0,28,1,0,0,30,70756,0,0,0,218.82243201989937,980,stephenc,0,0,6
506593,jenkins,147,1307016077,1307459527,1307459527,7390,7390,28,2,0,0,30,70756,0,0,0,218.82243201989937,979,vjuranek,4,0.25,0
506594,jenkins,146,1306958634,1306988658,1306988658,500,500,28,1,0,0,29,70697,0,0,0,219.0050497192243,978,aheritier,10,0.5,23
506597,jenkins,145,1306933776,1307459171,1307459171,8756,8756,28,4,0,0,29,70756,0,0,0,218.82243201989937,978,olenz,0,0,3
506599,jenkins,144,1306875101,1307458812,1307458812,9728,9728,27,1,0,0,29,70756,0,0,0,218.82243201989937,978,aheritier,9,0.5555555555555556,23
506602,jenkins,143,1306842502,1306842761,1306842761,4,4,25,2,0,0,30,70697,0,0,0,219.0050497192243,978,aheritier,8,0.625,23
506603,jenkins,142,1306822471,1306835621,1306835621,219,219,25,1,0,0,29,70680,0,0,0,219.0577249575552,978,aheritier,7,0.5714285714285714,23
506604,jenkins,141,1306740121,1306837442,1306837442,1622,1622,25,1,0,0,29,70680,0,0,0,219.0577249575552,977,vjuranek,3,0.0,0
506605,jenkins,140,1306596351,1307458354,1307458354,14366,14366,25,1,0,0,29,70756,0,0,0,218.82243201989937,975,wolfs,3,0.3333333333333333,3
506606,jenkins,139,1306592981,1306593063,1306593063,1,1,25,3,0,0,28,70663,0,0,0,219.11042554094786,975,dbaeli,0,0,6
506609,jenkins,138,1306587489,1306734378,1306734378,2448,2448,24,1,0,0,28,70663,0,0,0,219.11042554094786,975,aheritier,6,0.5,23
506612,jenkins,137,1306584591,1306840502,1306840502,4265,4265,24,5,0,0,28,70663,0,0,0,219.11042554094786,974,ndeloof,1,1.0,18
506613,jenkins,136,1306572100,1306843173,1306843173,4517,4517,24,46,0,0,28,70663,0,0,0,219.11042554094786,974,aheritier,5,0.4,23
506618,jenkins,135,1306570669,1307271926,1307271926,11687,11687,24,1,0,0,28,70756,0,0,0,218.82243201989937,974,Vlatombe,0,0,1
506619,jenkins,134,1306570540,1306841479,1306841479,4515,4515,24,1,0,0,28,70663,0,0,0,219.11042554094786,974,aheritier,4,0.25,23
506621,jenkins,133,1306240050,1307220477,1307220477,16340,16340,26,3,0,0,26,70756,0,0,0,218.82243201989937,970,wolfgarnet,1,0.0,1
506622,jenkins,132,1306236961,1306838782,1306838782,10030,10030,26,3,0,0,26,70663,0,0,0,219.11042554094786,970,laurents59,7,1.0,0
506625,jenkins,131,1306219546,1306219635,1306219635,1,1,26,1,0,0,26,70657,0,0,0,219.12903180152003,970,kartben,0,0,3
506626,jenkins,130,1305979176,1307073083,1307073083,18231,18231,26,1,0,0,20,70663,0,0,0,219.11042554094786,970,bap2000,3,0.3333333333333333,1
506627,jenkins,129,1305978764,1305978837,1305978837,1,1,26,3,0,0,20,70664,0,0,0,218.51296275331146,970,bap2000,2,0.5,1
506314,jenkins,128,1305911615,1305911696,1305911696,1,1,26,1,0,0,19,70650,0,0,0,218.55626326963906,970,mfriedenhagen,4,0.75,10
506316,jenkins,127,1305868843,1305868938,1305868938,1,1,27,1,0,0,19,70650,0,0,0,218.55626326963906,969,laurents59,6,1.0,0
506318,jenkins,126,1305581388,1305842037,1305842037,4344,4344,30,1,0,0,19,70645,0,0,0,216.25026541156487,964,orrc,0,0,7
506319,jenkins,125,1305446565,1305628409,1305628409,3030,3030,30,1,0,0,19,70602,0,0,0,215.9853828503442,963,mfriedenhagen,3,0.6666666666666666,10
506321,jenkins,124,1305404696,1305442403,1305442403,628,628,30,3,0,0,19,70594,0,0,0,215.89653511629882,963,mfriedenhagen,2,1.0,10
506322,jenkins,123,1305395060,1306070689,1306070689,11260,11260,31,1,0,0,18,70664,0,0,0,218.51296275331146,962,kutzi,2,0.0,2
506323,jenkins,122,1305383464,1305842750,1305842750,7654,7654,32,1,0,0,18,70594,0,0,0,215.89653511629882,962,bap2000,1,0.0,1
506324,jenkins,121,1305300725,1307271409,1307271409,32844,32844,32,3,0,0,18,70756,0,0,0,218.82243201989937,961,kutzi,1,0.0,2
506326,jenkins,119,1305246648,1307270666,1307270666,33733,33733,32,1,0,0,18,70756,0,0,0,218.82243201989937,960,scsibug,0,0,6
506338,jenkins,118,1305180187,1305180290,1305180290,1,1,34,1,0,1,18,70551,0,0,196,216.02812150075832,959,laurents59,5,1.0,0
506339,jenkins,117,1304983782,1305042081,1305042082,971,971,34,1,0,14,19,70500,0,0,0,216.18439716312056,956,fredg02,3,0.3333333333333333,1
506341,jenkins,116,1304600344,1304602684,1304602684,39,39,36,1,0,3,25,70460,0,0,0,216.30712460970764,948,laurents59,4,1.0,0
506628,jenkins,115,1304428482,1304430571,1304430571,34,34,37,1,0,1,28,70460,0,0,0,216.30712460970764,946,laurents59,3,1.0,0
506630,jenkins,114,1304427546,1304427679,1304427679,2,2,37,1,0,1,28,70460,0,0,0,216.30712460970764,946,laurents59,2,1.0,0
506631,jenkins,113,1304426284,1304427335,1304427335,17,17,37,2,0,10,28,70460,0,0,2,216.30712460970764,945,laurents59,1,1.0,0
506633,jenkins,112,1304341546,1304341811,1304341811,4,4,38,1,0,9,28,70455,0,0,0,216.32247533886877,944,laurents59,0,0,0
506635,jenkins,111,1304331394,1305266355,1305266355,15582,15582,38,14,0,0,28,70455,0,0,0,216.32247533886877,944,wolfgarnet,0,0,1
506638,jenkins,110,1304251212,1304251273,1304251273,1,1,37,9,0,197,28,70455,948,342,1407,216.32247533886877,944,fredg02,2,0.0,1
506640,jenkins,108,1304007839,1304057550,1304057550,828,828,36,3,0,3,26,70443,0,0,0,216.35932597987025,942,erwandf,0,0,0
506641,jenkins,107,1303825878,1304059031,1304059031,3885,3885,35,2,0,6,25,70443,12,0,245,214.7693880158426,938,jieryn,6,0.5,2
506644,jenkins,104,1303759028,1303759978,1303759978,15,15,34,1,0,1,25,70440,0,0,3,214.65076660988075,938,resmo,2,1.0,20
506647,jenkins,102,1303159838,1303232129,1303232129,1204,1204,33,2,0,0,27,70362,0,0,0,214.80344504135755,933,dlemos,0,0,3
506650,jenkins,99,1302981791,1303232843,1303232843,4184,4184,30,1,0,0,28,70319,0,0,0,214.3517399280422,933,vjuranek,2,0.0,0
506651,jenkins,98,1302970816,1303232498,1303232498,4361,4361,30,1,0,0,28,70319,0,0,0,214.3517399280422,933,kutzi,0,0,2
506652,jenkins,97,1302898580,1302906421,1302906421,130,130,29,1,0,0,29,70355,0,0,0,213.4034539123019,933,abayer,0,0,25
506654,jenkins,96,1302769655,1307270456,1307270456,75013,75013,29,8,0,0,29,70756,0,0,0,218.82243201989937,933,ajub,1,0.0,0
506656,jenkins,95,1302738042,1302747586,1302747586,159,159,29,6,0,146,29,70353,621,126,836,213.1394538967777,933,fredg02,1,0.0,1
506658,jenkins,93,1302634356,1304015276,1304015276,23015,23015,29,2,0,3,27,70443,0,0,396,216.35932597987025,929,mfriedenhagen,1,1.0,10
506659,jenkins,92,1302630231,1302650776,1302650776,342,342,29,1,0,0,27,70339,0,0,0,211.8881417137008,929,bap2000,0,0,1
506660,jenkins,91,1302601578,1302650012,1302650012,807,807,30,1,0,0,26,70300,0,0,0,211.80654338549076,927,ajub,0,0,0
506661,jenkins,90,1302503413,1302653899,1302653899,2508,2508,31,1,0,0,26,70339,0,0,0,211.8881417137008,925,morca,0,0,0
506662,jenkins,89,1302184503,1302650336,1302650336,7763,7763,31,1,0,0,24,70339,0,0,0,211.8881417137008,921,lhanson,0,0,0
506663,jenkins,88,1302074805,1302075067,1302075067,4,4,30,1,0,0,23,70243,0,0,0,212.81835912475265,920,lweller,0,0,7
506664,jenkins,87,1301754319,1301756770,1301756770,40,40,29,1,0,0,23,70243,0,0,0,212.81835912475265,911,baaym,0,0,0
506667,jenkins,84,1301404737,1301452627,1301452627,798,798,29,1,0,0,24,69971,0,0,0,209.58682882908633,904,jieryn,5,0.6,2
506668,jenkins,82,1301254759,1301269022,1301269022,237,237,29,1,0,14,23,69938,0,0,2,209.52843947496356,901,fredg02,0,0,1
506669,jenkins,81,1300999494,1301412233,1301412233,6938,6938,28,3,0,0,23,69971,0,0,0,209.58682882908633,898,josephalevin,0,0,0
506670,jenkins,80,1300888458,1300904857,1300904857,273,273,28,1,0,0,22,69542,0,0,0,210.72157832676655,895,mrobinet,0,0,2
506672,jenkins,79,1300835865,1300904704,1300904704,1147,1147,28,5,0,0,22,69536,0,0,0,210.7397606994938,893,petehayes,2,0.5,0
506675,jenkins,78,1300806962,1300808022,1300808022,17,17,28,1,0,0,21,69536,0,0,0,210.6534744592729,893,ndeloof,0,0,14
506676,jenkins,77,1300804018,1300904306,1300904306,1671,1671,28,1,0,0,21,69536,0,0,0,210.6534744592729,893,tomerc,1,1.0,0
506677,jenkins,76,1300781648,1300808195,1300808197,442,442,28,1,0,0,21,69529,0,0,0,210.5164751398697,891,resmo,1,1.0,20
506679,jenkins,74,1300669267,1300903606,1300903606,3905,3905,28,1,0,0,21,69475,0,0,0,210.66570708888088,891,nparry,2,0.0,4
506680,jenkins,73,1300634999,1300661844,1300661844,447,447,28,2,0,0,21,69445,0,0,0,210.75671394628841,891,huxi,0,0,3
506681,jenkins,72,1300374178,1300376649,1300376649,41,41,28,1,0,0,21,69400,0,0,0,207.492795389049,889,pnc,0,0,4
506682,jenkins,71,1299780268,1299785372,1299785408,85,85,28,1,0,0,20,70622,0,0,0,202.13247996375065,877,pgweiss,3,0.0,1
506683,jenkins,70,1299640191,1299744148,1299744148,1732,1732,27,1,0,0,20,70573,0,0,0,202.2728238844884,876,nparry,1,0.0,4
506684,jenkins,69,1299443487,1299702136,1299702136,4310,4310,27,3,0,0,20,70509,0,0,0,202.4564240026096,873,Mahoney,0,0,0
506685,jenkins,68,1299426619,1299838053,1299866853,7337,6857,27,1,0,0,20,70509,0,0,0,202.4564240026096,871,magnayn,0,0,3
506687,jenkins,66,1298902310,1300158581,1300158581,20937,20937,28,3,0,0,19,70383,0,0,0,202.54891095861217,862,vjuranek,1,0.0,0
506688,jenkins,65,1298887142,1298889501,1298918301,519,39,28,1,0,1,19,70372,16,0,2,202.58057181833684,861,tomerc,0,0,0
506691,jenkins,62,1298468904,1299552507,1299552507,18060,18060,27,1,0,0,19,70370,0,0,0,202.57211880062525,852,jieryn,4,0.75,2
506692,jenkins,61,1298403472,1298573468,1298573468,2833,2833,27,1,0,1,19,70329,0,0,3,202.64755648452274,850,resmo,0,0,20
506694,jenkins,60,1298188023,1298221710,1298250510,1041,561,29,1,0,1,19,70325,0,0,2,202.65908282971918,846,davidstrauss,0,0,13
506695,jenkins,59,1298148468,1298346599,1298346599,3302,3302,30,2,0,0,19,70325,0,0,0,202.65908282971918,844,petehayes,1,1.0,0
506697,jenkins,58,1297881692,1297911605,1297911605,498,498,30,5,0,0,19,70359,0,0,0,203.6128995579812,841,atwupack,2,1.0,0
506700,jenkins,57,1297877899,1300316144,1300316144,40637,40637,30,1,0,0,18,70359,0,0,0,203.6128995579812,841,jlubcke,0,0,0
506702,jenkins,55,1297723409,1300187738,1300187738,41072,41072,30,1,0,0,18,70145,0,0,0,202.13842754294674,836,kbertelson,0,0,0
506705,jenkins,54,1297699863,1297704994,1297704994,85,85,29,6,0,0,19,70105,0,0,0,201.71171813708008,834,jieryn,3,1.0,2
506707,jenkins,53,1297612431,1297615304,1297644104,527,47,29,3,0,35,18,70105,131,4,492,201.71171813708008,832,atwupack,1,1.0,0
506708,jenkins,52,1297610552,1297733297,1297733297,2045,2045,29,1,0,0,18,70105,0,0,0,201.71171813708008,832,manandbytes,2,1.0,1
506709,jenkins,51,1297543448,1297705662,1297705662,2703,2703,28,1,0,0,18,70105,0,0,0,201.71171813708008,832,vjuranek,0,0,0
506710,jenkins,50,1297537636,1297704310,1297704310,2777,2777,27,1,0,0,18,70105,0,0,0,201.71171813708008,832,wolfs,2,0.5,3
506711,jenkins,49,1297450905,1297456062,1297484862,565,85,25,2,0,9,17,70090,2,0,125,201.75488657440434,830,atwupack,0,0,0
506712,jenkins,48,1297449910,1297455423,1297484223,571,91,25,1,0,1,17,70090,0,0,3,201.75488657440434,830,aitortxu,0,0,2
506713,jenkins,47,1297356515,1297531708,1297531708,2919,2919,25,1,0,0,17,70090,0,0,0,201.75488657440434,828,pgweiss,2,0.0,1
506714,jenkins,46,1297341522,1297341599,1297341599,1,1,25,70,0,284,17,70052,1494,1963,3110,196.04008450865072,828,pgweiss,1,0.0,1
506722,jenkins,45,1297284321,1297369511,1297369511,1419,1419,26,67,0,233,17,70052,1219,1521,2660,196.04008450865072,826,pgweiss,0,0,1
506724,jenkins,43,1297192117,1297531164,1297559964,6130,5650,25,65,0,233,15,70052,1211,1521,2657,196.04008450865072,822,mfriedenhagen,0,0,10
506727,jenkins,41,1297185104,1297190884,1297219684,576,96,25,1,0,1,14,70069,16,0,4,199.44626011502947,822,kphonik,1,0.0,0
506730,jenkins,40,1297184259,1297184359,1297184359,1,1,25,2,0,0,14,70069,0,0,0,199.44626011502947,822,kphonik,0,0,0
506732,jenkins,38,1297068033,1297190659,1297219459,2523,2043,25,1,0,1,13,70098,0,0,107,199.63479699848781,817,lacostej,6,0.6666666666666666,11
506733,jenkins,37,1297020342,1297736024,1297736024,11928,11928,25,1,0,0,13,70090,0,0,0,201.75488657440434,816,Batmat,1,0.0,1
506734,jenkins,36,1296948905,1297190470,1297190470,4026,4026,25,9,0,19,11,70069,175,4,30,199.44626011502947,814,mebigfatguy,0,0,4
506735,jenkins,35,1296930057,1297025717,1297025717,1594,1594,25,1,0,0,11,70069,0,0,0,199.44626011502947,814,Batmat,0,0,1
506736,jenkins,34,1296791368,1296846602,1296846602,920,920,25,1,0,0,7,70015,0,0,0,195.10104977504818,810,nparry,0,0,4
506737,jenkins,33,1296768973,1296880290,1296880290,1855,1855,25,1,0,2,7,70015,32,42,5,195.10104977504818,810,janickr,0,0,1
506738,jenkins,32,1296767362,1296855692,1296884492,1952,1472,25,2,0,2,7,70015,16,0,0,195.10104977504818,810,lacostej,5,0.6,11
506739,jenkins,31,1296767224,1296845532,1296845532,1305,1305,25,1,0,2,7,70015,0,11,6,195.10104977504818,810,lacostej,4,0.75,11
506740,jenkins,30,1296767158,1296845396,1296845396,1303,1303,25,1,0,1,7,70015,8,0,0,195.10104977504818,810,lacostej,3,0.6666666666666666,11
506741,jenkins,29,1296767040,1296879386,1296908186,2352,1872,25,1,0,3,7,70015,5,0,4,195.10104977504818,810,lacostej,2,0.5,11
506742,jenkins,28,1296766144,1296766326,1296766326,3,3,25,3,0,3,7,70004,42,0,27,195.13170675961373,810,lacostej,1,0.0,11
506743,jenkins,27,1296704978,1296766176,1296766176,1019,1019,24,7,0,10,5,70007,68,11,37,195.12334480837632,809,lacostej,0,0,11
506744,jenkins,26,1296703195,1296876286,1296905086,3364,2884,24,2,0,3,5,70048,9,332,4,194.93775696665145,809,nairb774,1,1.0,1
506746,jenkins,24,1296693179,1296875486,1296904286,3518,3038,23,1,0,2,5,70048,15,61,1,194.93775696665145,809,nairb774,0,0,1
506748,jenkins,22,1296522046,1296524239,1296524239,36,36,22,1,0,1,5,69970,5,0,16,195.22652565385164,804,petehayes,0,0,0
506751,jenkins,21,1296508672,1296852414,1296852414,5729,5729,22,2,0,0,5,70015,0,0,0,195.10104977504818,804,mlb5000,0,0,0
506753,jenkins,20,1296490253,1296517643,1296517643,456,456,22,3,0,6,4,69970,0,0,10,195.22652565385164,802,emonty,0,0,10
506754,jenkins,19,1296422873,1296504692,1296504692,1363,1363,22,3,0,4,4,69970,62,0,6,195.22652565385164,799,wolfs,1,1.0,3
506757,jenkins,18,1296385320,1296399373,1296399373,234,234,21,1,0,1,4,69948,0,0,0,195.28792817521588,798,manandbytes,1,1.0,1
506758,jenkins,17,1296297418,1296298160,1296298160,12,12,21,1,0,1,4,69948,0,0,2,195.28792817521588,798,manandbytes,0,0,1
506759,jenkins,16,1296250591,1296253382,1296253382,46,46,21,1,0,1,3,69948,2,0,3,195.28792817521588,798,wolfs,0,0,3
506761,jenkins,14,1295615616,1295623233,1295623233,126,126,24,1,0,1,3,69808,0,0,0,195.95175338070138,785,dirkaholic,0,0,0
506762,jenkins,13,1295453714,1295626831,1295626831,2885,2885,24,1,0,2,3,69808,0,0,77,195.95175338070138,784,jieryn,2,1.0,2
506763,jenkins,12,1294997275,1295391548,1295391548,6571,6571,26,1,0,0,3,69671,0,0,0,196.3370699430179,778,aheritier,3,0.3333333333333333,16
506764,jenkins,11,1294994640,1294997980,1294997980,55,55,26,1,0,0,2,69671,0,0,0,196.3370699430179,778,aheritier,2,0.5,16
506765,jenkins,10,1294965235,1294994319,1294994319,484,484,26,3,0,0,2,69671,0,0,0,196.3370699430179,778,aheritier,1,1.0,16
506767,jenkins,9,1294012958,1294046546,1294075346,1039,559,23,1,0,1,2,68665,8,0,13,195.79115997961117,768,aheritier,0,0,16
506768,jenkins,8,1292565359,1294877698,1294877698,38538,38538,25,2,0,0,2,66255,0,0,0,200.03018640102636,752,mleinart,1,0.0,2
506770,jenkins,5,1291748370,1291764773,1291793573,753,273,26,2,0,0,1,66133,0,0,0,200.11189572528087,734,jieryn,1,1.0,2
506772,jenkins,4,1290797917,1290814489,1290814489,276,276,23,1,0,7,0,66117,0,6,1,200.16032185368363,713,zigarn,0,0,2
506774,jenkins,3,1290685940,1290690448,1290690448,75,75,22,1,0,7,0,66012,2,0,12,200.46355208143973,711,jieryn,0,0,2
507665,jenkins,2,1290631240,1290653843,1290682643,856,376,22,1,0,441,0,66012,0,0,85,200.46355208143973,711,cleibersilva,1,0.0,0
506776,jenkins,1,1290631001,1290631053,1290631053,0,0,22,1,0,441,0,66012,0,0,85,200.46355208143973,711,cleibersilva,0,0,0
