pull_req_id,project_name,github_id,created_at,merged_at,closed_at,lifetime_minutes,mergetime_minutes,team_size_at_merge,num_commits,num_commit_comments,num_issue_comments,num_comments,files_changed,total_commits_last_month,main_team_commits_last_month,sloc,churn,commits_on_files_touched,test_lines_per_1000_lines,test_cases_per_1000_lines,assertions_per_1000_lines

663535,junit,572,1355339398,,1355417321,1298,,2,1,2,0,2,4,0,0,7646,34,4,1734.2401255558461,137.58828145435524,175.38582265236724
663538,junit,571,1355338303,,1355338646,5,,2,0,0,0,0,0,0,0,7646,0,0,1734.2401255558461,137.58828145435524,175.38582265236724
480904,junit,549,1352997990,,1355336465,38974,,2,9,24,1,25,12,0,0,7473,136,9,1687.4080021410412,129.26535527900444,168.07172487622108
658962,junit,568,1354934122,,1355172026,3965,,2,2,0,2,2,6,0,0,7528,835,0,1696.9978746014879,129.78214665249735,170.03188097768333
658960,junit,569,1355010668,1355152948,1355152948,2371,2371,1,1,0,3,3,2,96,14,7528,62,9,1696.9978746014879,129.78214665249735,170.03188097768333
503736,junit,555,1353398356,,1354894935,24942,,1,17,0,3,3,16,0,0,7470,260,15,1692.6372155287818,129.58500669344042,168.40696117804552
611689,junit,564,1354623717,,1354806927,3053,,1,3,2,7,9,3,0,0,7522,1414,4,1695.6926349375165,129.48683860675354,170.03456527519276
644848,junit,563,1354557511,,1354734628,2951,,1,2,0,10,10,5,0,0,7470,133,0,1692.6372155287818,129.58500669344042,168.40696117804552
49777,junit,456,1340221865,,1354632827,240122,,1,9,10,10,20,347,0,0,6894,192,0,1638.671308384102,134.3196982883667,169.71279373368145
496640,junit,552,1353283265,,1354559928,21277,,1,9,22,8,30,15,0,0,7470,1128,4,1692.6372155287818,129.58500669344042,168.40696117804552
658972,junit,561,1354551488,,1354554318,47,,1,0,0,0,0,0,0,0,7470,0,0,1692.6372155287818,129.58500669344042,168.40696117804552
454650,junit,540,1352251745,,1354543547,38196,,1,1,0,1,1,1,0,0,7439,28,1,1688.1301250168033,129.31845678182552,167.89891114397096
488239,junit,550,1353022496,1353090065,1353090065,1126,1126,1,3,0,1,1,3,62,10,7472,18,5,1692.184154175589,129.55032119914347,168.36188436830835
481753,junit,547,1352923869,1353090024,1353090024,2769,2769,1,3,0,2,2,3,61,9,7454,8,5,1686.0745908237188,129.1923799302388,167.56104105178426
456343,junit,529,1350372972,,1353008396,43863,,1,2,0,10,10,4,0,0,7435,55,1,1686.2138533960995,129.11903160726297,167.58574310692669
481924,junit,548,1352926411,1352990618,1352990618,1070,1070,1,1,0,1,1,1,60,10,7454,2,8,1686.0745908237188,129.1923799302388,167.56104105178426
462227,junit,544,1352757680,1352990486,1352990486,3880,3880,1,4,21,13,34,10,60,10,7439,342,8,1688.1301250168033,129.31845678182552,167.89891114397096
457161,junit,542,1352517015,,1352922996,6766,,1,8,13,16,29,11,0,0,7439,107,8,1688.1301250168033,129.31845678182552,167.89891114397096
65817,junit,450,1339142015,,1352834837,228153,,1,6,4,9,13,2,0,0,6894,6,0,1638.671308384102,134.3196982883667,169.71279373368145
457159,junit,543,1352655742,,1352833810,2967,,1,1,0,0,0,2,0,0,7439,6,3,1688.1301250168033,129.31845678182552,167.89891114397096
454611,junit,539,1352245414,,1352321077,1261,,1,4,0,8,8,0,0,0,7439,0,0,1688.1301250168033,129.31845678182552,167.89891114397096
259860,junit,492,1345651449,,1352300054,110750,,1,1,0,7,7,0,0,0,6982,0,0,1651.1028358636495,135.77771412202807,171.44084789458608
448947,junit,521,1349067913,,1352241901,52839,,1,5,10,10,20,336,0,0,7157,115,34,1625.820874668157,133.85496716501328,171.30082436775186
454390,junit,538,1352168209,,1352231665,1057,,1,1,0,3,3,0,0,0,7431,0,0,1687.1215179652806,129.18853451756158,167.67595209258513
446850,junit,519,1348938908,,1351533821,43188,,1,4,0,7,7,343,0,0,7157,877,340,1625.820874668157,133.85496716501328,171.30082436775186
456346,junit,532,1350811262,,1350969445,2636,,1,1,0,11,11,0,0,0,7435,0,0,1686.2138533960995,129.11903160726297,167.58574310692669
456347,junit,526,1350327010,1350926042,1350926042,9983,9983,1,3,0,7,7,23,56,10,7435,2117,25,1686.2138533960995,129.11903160726297,167.58574310692669
456345,junit,533,1350811487,1350917906,1350917906,1773,1773,1,1,0,1,1,1,55,9,7435,2,2,1686.2138533960995,129.11903160726297,167.58574310692669
456349,junit,524,1350062859,1350309345,1350309345,4108,4108,3,1,0,2,2,2,49,7,7435,231,2,1686.2138533960995,129.11903160726297,167.58574310692669
456348,junit,525,1350280859,1350308284,1350308284,457,457,3,1,0,1,1,1,49,7,7435,40,1,1686.2138533960995,129.11903160726297,167.58574310692669
246961,junit,481,1345068304,,1349784442,78602,,3,2,0,4,4,1,0,0,6896,19,0,1650.9570765661251,135.87587006960558,171.11368909512763
454247,junit,522,1349375306,1349454267,1349454267,1316,1316,3,1,0,1,1,305,56,8,7164,44609,335,1630.3740926856506,134.00335008375208,173.50642099385817
362708,junit,502,1347130749,,1349355168,37073,,3,4,8,7,15,4,0,0,7167,486,2,1620.203711455281,133.3891446909446,168.55029998604715
356617,junit,498,1346884694,,1349185957,38354,,3,6,38,2,40,8,0,0,7017,212,5,1654.8382499643724,136.24055864329483,172.153341883996
340696,junit,496,1346499888,,1348942588,40711,,3,1,1,12,13,0,0,0,7014,0,0,1651.8391787852865,136.0136869118905,171.79925862560594
433608,junit,513,1348493410,,1348828683,5587,,3,2,0,2,2,0,0,0,7167,0,0,1620.203711455281,133.3891446909446,168.55029998604715
413866,junit,508,1348094723,,1348761637,11115,,3,4,1,2,3,4,0,0,7167,72,4,1620.203711455281,133.3891446909446,168.55029998604715
413857,junit,509,1348098546,,1348596891,8305,,3,4,2,1,3,4,0,0,7167,103,4,1620.203711455281,133.3891446909446,168.55029998604715
434431,junit,514,1348511908,,1348594116,1370,,3,1,0,1,1,1,0,0,7167,19,1,1620.203711455281,133.3891446909446,168.55029998604715
429531,junit,510,1348263085,,1348577663,5242,,3,2,0,1,1,2,0,0,7167,35,2,1620.203711455281,133.3891446909446,168.55029998604715
403481,junit,504,1347648123,,1348155113,8449,,3,3,2,2,4,9,0,0,7167,34,3,1620.203711455281,133.3891446909446,168.55029998604715
454246,junit,507,1348085960,,1348086614,10,,3,1,0,0,0,0,0,0,7167,0,0,1620.203711455281,133.3891446909446,168.55029998604715
358854,junit,500,1346963211,,1347022637,990,,4,1,0,0,0,2,0,0,7017,426,2,1654.8382499643724,136.24055864329483,172.153341883996
51289,junit,457,1340639966,,1346782427,102374,,4,4,1,4,5,65,0,0,6897,93,26,1639.5534290271132,134.40626359286648,169.78396404233726
214239,junit,491,1345628146,,1346777526,19156,,4,1,2,4,6,1,0,0,6982,2,1,1651.1028358636495,135.77771412202807,171.44084789458608
259072,junit,490,1345628112,,1346428149,13333,,4,1,0,1,1,1,0,0,6982,3,1,1651.1028358636495,135.77771412202807,171.44084789458608
191443,junit,489,1345569805,,1346165468,9927,,4,1,2,1,3,4,0,0,6982,243,4,1651.1028358636495,135.77771412202807,171.44084789458608
87988,junit,484,1345201797,,1345562544,6012,,5,6,25,4,29,8,0,0,6896,337,6,1650.9570765661251,135.87587006960558,171.11368909512763
166864,junit,485,1345233529,,1345492054,4308,,5,2,2,3,5,4,0,0,6896,119,4,1650.9570765661251,135.87587006960558,171.11368909512763
252680,junit,488,1345311757,,1345487953,2936,,5,1,0,3,3,1,0,0,6896,3,1,1650.9570765661251,135.87587006960558,171.11368909512763
249895,junit,483,1345182062,1345201339,1345201339,321,321,5,0,0,1,1,0,46,10,6896,0,0,1650.9570765661251,135.87587006960558,171.11368909512763
34716,junit,182,1294991686,,1345182052,836566,,5,19,53,27,80,20,0,0,6831,1386,0,1637.8275508710292,134.38735177865613,169.52129995608257
16813,junit,451,1339758101,,1344964040,86765,,5,8,6,8,14,72,0,0,6902,105,2,1641.9878296146044,134.45378151260505,169.8058533758331
18930,junit,479,1344749290,,1344877395,2135,,5,4,6,2,8,9,0,0,6884,127,10,1644.6833236490413,135.09587449157468,169.52353282975014
55872,junit,424,1335092001,,1344875523,163058,,5,4,1,12,13,3,0,0,6777,107,0,1634.3514829570606,133.9825881658551,166.88800354139
16725,junit,401,1332269983,,1344528501,204368,,5,1,0,15,15,23,0,0,6664,295,0,1573.0792316926772,133.70348139255702,169.26770708283314
12043,junit,464,1342719650,,1344381264,27693,,6,2,0,5,5,2,0,0,6902,128,0,1641.9878296146044,134.45378151260505,169.8058533758331
11772,junit,461,1342293576,,1344373287,34661,,6,0,4,10,14,0,0,0,6902,0,0,1641.9878296146044,134.45378151260505,169.8058533758331
229710,junit,470,1343936524,1343952792,1343952792,271,271,6,1,0,1,1,1,40,9,6884,12,2,1644.9738524113889,135.09587449157468,169.52353282975014
136178,junit,436,1337942200,1343934250,1343934251,99867,99867,6,1,0,8,8,4,37,7,6881,8,0,1640.6045632902196,134.42813544542946,169.88809766022382
229482,junit,404,1332363177,1343931087,1343931087,192858,192858,6,29,18,51,69,196,33,6,6897,1336,9,1639.5534290271132,134.40626359286648,169.78396404233726
229396,junit,142,1284997298,,1343928829,982192,,6,1,0,32,32,2,0,0,6425,163,0,1431.4396887159533,122.02334630350195,155.79766536964982
49841,junit,452,1339761950,1343926651,1343926651,69411,69411,6,3,4,2,6,4,33,6,6897,180,0,1639.5534290271132,134.40626359286648,169.78396404233726
456257,junit,467,1343234424,,1343823461,9817,,6,1,0,11,11,0,0,0,6902,0,0,1641.9878296146044,134.45378151260505,169.8058533758331
456258,junit,466,1343226807,,1343233984,119,,6,1,0,1,1,0,0,0,6902,0,0,1641.9878296146044,134.45378151260505,169.8058533758331
145168,junit,447,1338691351,1342795188,1342795188,68397,68397,6,1,0,1,1,1,34,5,6894,1,0,1638.671308384102,134.3196982883667,169.71279373368145
61901,junit,448,1338713838,1342713258,1342713258,66657,66657,5,2,1,4,5,3,21,3,6894,50,1,1638.671308384102,134.3196982883667,169.71279373368145
41618,junit,443,1338402275,,1342552458,69169,,5,2,1,5,6,2,0,0,6894,51,0,1638.671308384102,134.3196982883667,169.71279373368145
207953,junit,462,1342347737,1342380778,1342380778,550,550,5,1,0,1,1,1,17,2,6897,12,1,1639.5534290271132,134.40626359286648,169.78396404233726
207266,junit,354,1319871522,1342285365,1342285365,373564,373564,4,0,0,9,9,0,14,2,6897,0,0,1639.5534290271132,134.40626359286648,169.78396404233726
164956,junit,454,1340100046,1340461025,1340461025,6016,6016,5,1,0,1,1,2,54,9,6894,33,3,1638.671308384102,134.3196982883667,169.71279373368145
144918,junit,446,1338660768,1339141278,1339141278,8008,8008,4,0,0,1,1,0,71,15,6894,0,0,1638.671308384102,134.3196982883667,169.71279373368145
144085,junit,445,1338569914,1339129292,1339129292,9322,9322,4,2,0,5,5,63,70,14,6894,84,82,1638.671308384102,134.3196982883667,169.71279373368145
40109,junit,438,1337977479,,1338569977,9874,,4,2,13,4,17,6,0,0,6893,19,0,1638.9090381546496,134.33918468011024,169.73741476860582
41096,junit,440,1338317425,1338520344,1338520344,3381,3381,3,6,11,9,20,11,64,13,6894,60,9,1638.671308384102,134.3196982883667,169.71279373368145
291869,junit,409,1333260808,,1338486818,87100,,3,3,0,4,4,12,0,0,6664,317,0,1573.0792316926772,133.70348139255702,169.26770708283314
141433,junit,442,1338400003,,1338437590,626,,3,1,0,2,2,1,0,0,6894,7,0,1638.671308384102,134.3196982883667,169.71279373368145
138002,junit,439,1338137827,1338138556,1338138556,12,12,3,1,0,1,1,1,54,12,6893,1,8,1638.9090381546496,134.33918468011024,169.73741476860582
83840,junit,416,1333988848,1337975309,1337975309,66441,66441,3,19,0,7,7,127,49,9,6821,287,7,1632.6051898548599,134.43776572350095,169.33001026242485
136095,junit,435,1337935561,1337974157,1337974157,643,643,3,1,0,1,1,1,49,9,6881,5,1,1640.6045632902196,134.42813544542946,169.88809766022382
136775,junit,221,1303821702,,1337974116,569206,,3,1,0,7,7,2,0,0,6664,84,0,1573.0792316926772,133.70348139255702,169.26770708283314
136204,junit,437,1337944146,1337973946,1337973946,496,496,3,1,0,1,1,1,49,9,6881,2,1,1640.6045632902196,134.42813544542946,169.88809766022382
317397,junit,369,1325581931,1337884059,1337884059,205095,205095,3,11,2,16,18,75,42,8,6856,410,25,1639.87747957993,134.48074679113188,169.340723453909
134748,junit,434,1337849366,1337855285,1337855285,98,98,3,1,0,1,1,1,34,8,6856,8,1,1639.87747957993,134.48074679113188,169.340723453909
38385,junit,430,1337606159,,1337796244,3168,,3,4,11,2,13,9,0,0,6831,1628,0,1637.8275508710292,134.38735177865613,169.52129995608257
272139,junit,377,1328714573,1337700339,1337700339,149822,149822,3,5,3,14,17,37,35,9,6770,260,2,1629.837518463811,133.53028064992614,166.32200886262925
37637,junit,428,1337331268,1337698833,1337698833,6126,6126,3,3,7,8,15,4,34,9,6831,36,4,1637.8275508710292,134.38735177865613,169.52129995608257
316056,junit,328,1317102455,,1337692726,343171,,3,2,0,7,7,0,0,0,6632,0,0,1554.1314837153197,131.6344993968637,166.3148371531966
131072,junit,431,1337621536,1337623338,1337623338,30,30,3,1,0,1,1,1,33,8,6831,5,1,1637.8275508710292,134.38735177865613,169.52129995608257
130954,junit,175,1293686655,,1337615829,732212,,3,3,0,5,5,0,0,0,6425,0,0,1431.4396887159533,122.02334630350195,155.79766536964982
126357,junit,192,1297938122,,1337191176,654277,,3,1,0,7,7,0,0,0,6425,0,0,1431.4396887159533,122.02334630350195,155.79766536964982
275459,junit,385,1329334460,1337017870,1337017870,128116,128116,3,8,0,10,10,45,25,7,6788,214,11,1633.0288744843842,134.06010606953447,167.05951679434298
123380,junit,155,1289324446,,1337000580,794662,,3,1,0,4,4,0,0,0,6425,0,0,1431.4396887159533,122.02334630350195,155.79766536964982
34890,junit,415,1333919591,1336667528,1336667528,45798,45798,3,4,4,3,7,4,37,9,6680,18,3,1606.2874251497005,133.68263473053892,169.0119760479042
310086,junit,340,1318340078,,1336583319,304054,,3,5,0,9,9,0,0,0,6629,0,0,1554.8348167144366,131.69407150399758,166.39010408809776
84190,junit,418,1334010600,1336582451,1336582451,42864,42864,3,5,0,0,0,7,41,9,6761,226,3,1629.3447714835083,133.26431001331161,166.3955036237243
118102,junit,152,1289137296,,1336582131,790807,,3,1,0,4,4,0,0,0,6425,0,0,1431.4396887159533,122.02334630350195,155.79766536964982
310065,junit,277,1312627848,,1336581086,399220,,3,1,0,5,5,2,0,0,6575,199,0,1498.403041825095,126.23574144486693,161.67300380228136
304720,junit,361,1320881042,,1335552782,244589,,3,1,0,4,4,0,0,0,6636,0,0,1573.236889692586,133.66485834840267,169.6805304400241
303624,junit,353,1319664670,,1335379194,261908,,3,3,0,4,4,0,0,0,6636,0,0,1573.236889692586,133.66485834840267,169.6805304400241
286974,junit,405,1332413809,1335271586,1335271586,47689,47689,3,2,0,6,6,3,59,12,6664,48,1,1573.0792316926772,133.70348139255702,169.26770708283314
98370,junit,421,1335028738,1335199374,1335199374,2843,2843,3,2,0,7,7,3,51,9,6770,264,4,1629.837518463811,133.53028064992614,166.32200886262925
98393,junit,422,1335031034,1335198513,1335198513,2791,2791,3,1,0,1,1,3,51,9,6770,41,5,1629.837518463811,133.53028064992614,166.32200886262925
98763,junit,423,1335078842,1335197305,1335197305,1974,1974,3,1,0,0,0,2,51,9,6770,31,2,1629.837518463811,133.53028064992614,166.32200886262925
301484,junit,392,1330465533,,1334952358,74840,,3,1,0,2,2,0,0,0,6664,0,0,1573.0792316926772,133.70348139255702,169.26770708283314
299545,junit,376,1328037058,,1334663546,110501,,3,10,0,4,4,3,0,0,6646,34,0,1572.9762263015348,133.7646704784833,169.57568462232922
87916,junit,145,1287833253,,1334250405,773619,,3,1,0,11,11,0,0,0,6425,0,0,1431.4396887159533,122.02334630350195,155.79766536964982
382394,junit,412,1333428621,1334250361,1334250361,13695,13695,3,1,0,0,0,1,43,7,6664,12,1,1573.0792316926772,133.70348139255702,169.26770708283314
382388,junit,411,1333426296,1334250327,1334250327,13733,13733,3,1,0,0,0,1,43,7,6664,2,1,1573.0792316926772,133.70348139255702,169.26770708283314
85255,junit,419,1334080398,1334080474,1334080474,1,1,3,1,0,0,0,2,38,6,6761,26,2,1629.3447714835083,133.26431001331161,166.3955036237243
83961,junit,417,1333996087,,1333997149,17,,3,3,0,0,0,75,0,0,6761,37,0,1629.3447714835083,133.26431001331161,166.3955036237243
295736,junit,294,1314413426,,1333990378,326282,,3,8,0,7,7,11,0,0,6462,103,0,1454.3484989167441,123.33642835035592,156.4531104921077
295687,junit,323,1316639622,1333984475,1333984475,289080,289080,3,5,0,8,8,9,32,4,6575,1111,1,1498.403041825095,126.23574144486693,161.67300380228136
295639,junit,393,1330723217,1333977999,1333977999,54306,54306,2,4,0,2,2,6,31,3,6664,163,1,1573.0792316926772,133.70348139255702,169.26770708283314
276869,junit,386,1329644693,1333971713,1333971713,72177,72177,2,3,1,10,11,12,31,3,6668,501,8,1571.5356928614276,133.4733053389322,169.16616676664668
295424,junit,414,1333917226,,1333917370,2,,2,1,0,0,0,1,0,0,6680,10,0,1606.2874251497005,133.68263473053892,169.0119760479042
294785,junit,397,1331338256,1333737725,1333737725,40051,40051,2,1,0,0,0,3,27,2,6664,103,3,1573.0792316926772,133.70348139255702,169.26770708283314
293042,junit,370,1325624099,1333470600,1333470600,130835,130835,2,2,0,2,2,8,24,2,6646,332,1,1572.9762263015348,133.7646704784833,169.57568462232922
281388,junit,391,1330459277,,1332890294,40576,,1,7,0,3,3,23,0,0,6664,165,0,1573.0792316926772,133.70348139255702,169.26770708283314
289749,junit,272,1311467323,,1332886945,356993,,1,9,0,9,9,73,0,0,6668,0,0,1571.5356928614276,133.4733053389322,169.16616676664668
289581,junit,358,1320482883,,1332866606,206455,,1,1,0,4,4,0,0,0,6636,0,0,1573.236889692586,133.66485834840267,169.6805304400241
289541,junit,274,1311902310,,1332862660,349339,,1,18,0,5,5,7,0,0,6425,49,0,1431.4396887159533,122.02334630350195,155.79766536964982
286498,junit,403,1332357888,,1332370073,203,,1,1,0,5,5,1,0,0,6664,2,0,1573.0792316926772,133.70348139255702,169.26770708283314
286487,junit,402,1332357222,,1332363344,102,,1,1,0,1,1,0,0,0,6664,0,0,1573.0792316926772,133.70348139255702,169.26770708283314
456278,junit,228,1304570234,,1331052289,441307,,1,7,0,18,18,0,0,0,6425,0,0,1431.4396887159533,122.02334630350195,155.79766536964982
456282,junit,362,1321014194,1330980726,1330980726,166108,166108,1,1,0,1,1,1,19,3,6636,2,0,1573.236889692586,133.66485834840267,169.6805304400241
456299,junit,316,1316084035,,1330535939,240805,,1,4,0,24,24,0,0,0,6551,0,0,1489.0856357807968,125.32437795756374,160.586170050374
456281,junit,372,1326966970,1330533348,1330533348,59439,59439,1,1,0,1,1,4,26,3,6646,8,0,1572.9762263015348,133.7646704784833,169.57568462232922
279612,junit,365,1322512099,1330112373,1330112373,126671,126671,1,1,0,0,0,2,23,2,6636,37,0,1573.236889692586,133.66485834840267,169.6805304400241
279198,junit,347,1319138542,,1330039386,181620,,1,3,0,3,3,0,0,0,6631,0,0,1557.3819936661137,131.9559644095913,166.64153219725532
32514,junit,178,1294386704,1329403997,1329403997,583621,583621,1,1,0,0,0,1,18,1,6425,2,0,1431.4396887159533,122.02334630350195,155.79766536964982
274957,junit,374,1327065958,,1329251622,36427,,1,1,0,2,2,0,0,0,6646,0,0,1572.9762263015348,133.7646704784833,169.57568462232922
456280,junit,373,1327023574,,1328452772,23819,,1,1,0,1,1,0,0,0,6646,0,0,1572.9762263015348,133.7646704784833,169.57568462232922
456286,junit,346,1319137747,,1328294712,152556,,1,3,0,3,3,0,0,0,6631,0,0,1557.3819936661137,131.9559644095913,166.64153219725532
270081,junit,293,1314372111,1328121814,1328121814,229101,229101,1,9,0,24,24,90,14,0,6646,436,1,1572.9762263015348,133.7646704784833,169.57568462232922
456270,junit,184,1295909329,,1328036201,535447,,1,1,0,6,6,0,0,0,6636,0,0,1573.236889692586,133.66485834840267,169.6805304400241
456276,junit,151,1288954081,,1328036094,651366,,1,2,0,13,13,0,0,0,6425,0,0,1431.4396887159533,122.02334630350195,155.79766536964982
456333,junit,249,1308975121,,1328035880,317619,,1,8,0,16,16,11,0,0,6425,103,0,1431.4396887159533,122.02334630350195,155.79766536964982
20314,junit,207,1300403046,,1327804455,456690,,1,4,0,15,15,0,0,0,6425,0,0,1431.4396887159533,122.02334630350195,155.79766536964982
456285,junit,348,1319146572,1325333022,1325333022,103047,103047,1,1,0,2,2,2,1,0,6631,129,0,1557.3819936661137,131.9559644095913,166.64153219725532
456283,junit,356,1320001763,,1320001866,1,,2,1,0,1,1,0,0,0,6636,0,0,1573.236889692586,133.66485834840267,169.6805304400241
456289,junit,341,1318378887,,1319848633,24495,,2,6,0,9,9,0,0,0,6636,0,0,1573.236889692586,133.66485834840267,169.6805304400241
456284,junit,352,1319646167,,1319664756,309,,2,3,0,1,1,0,0,0,6636,0,0,1573.236889692586,133.66485834840267,169.6805304400241
456287,junit,344,1318884195,1319462505,1319462505,9638,9638,2,2,0,1,1,4,32,7,6631,237,4,1557.3819936661137,131.9559644095913,166.64153219725532
456288,junit,343,1318760402,1318877007,1318877007,1943,1943,2,1,0,2,2,2,41,12,6629,38,4,1554.8348167144366,131.69407150399758,166.39010408809776
456290,junit,337,1318236211,,1318377458,2354,,2,2,0,0,0,0,0,0,6629,0,0,1554.8348167144366,131.69407150399758,166.39010408809776
456292,junit,330,1317208319,1318243432,1318243432,17251,17251,2,2,0,10,10,2,58,20,6632,14,2,1554.1314837153197,131.6344993968637,166.3148371531966
456291,junit,334,1317979424,1317986738,1317986738,121,121,2,1,0,1,1,1,68,21,6629,5,13,1554.8348167144366,131.69407150399758,166.39010408809776
456293,junit,329,1317160422,1317221194,1317221194,1012,1012,2,1,0,0,0,1,62,17,6632,9,1,1554.1314837153197,131.6344993968637,166.3148371531966
456294,junit,326,1316799520,1316801040,1316801040,25,25,2,1,0,0,0,1,54,15,6632,3,9,1554.1314837153197,131.6344993968637,166.3148371531966
456305,junit,306,1315827589,,1316798642,16184,,2,8,0,11,11,0,0,0,6430,0,0,1448.5225505443236,123.17262830482115,156.60964230171072
456295,junit,325,1316797065,1316797545,1316797545,8,8,2,1,0,1,1,13,54,15,6575,831,21,1498.403041825095,126.23574144486693,161.67300380228136
456296,junit,321,1316546228,,1316796291,4167,,2,2,0,2,2,0,0,0,6575,0,0,1498.403041825095,126.23574144486693,161.67300380228136
456297,junit,319,1316372529,1316435807,1316435807,1054,1054,2,1,0,0,0,3,43,12,6559,30,3,1490.1661838694924,125.32398231437719,160.69522793108706
456307,junit,304,1315596732,1316435767,1316435767,13983,13983,2,1,0,4,4,5,43,12,6559,90,7,1490.1661838694924,125.32398231437719,160.69522793108706
456302,junit,313,1316002486,1316175354,1316175354,2881,2881,2,1,0,0,0,11,36,10,6520,83,13,1487.116564417178,125.4601226993865,160.7361963190184
456298,junit,317,1316101171,1316174083,1316174083,1215,1215,2,1,0,0,0,1,36,10,6551,1,1,1489.0856357807968,125.32437795756374,160.586170050374
456301,junit,314,1316021164,1316024298,1316024298,52,52,2,1,0,3,3,3,27,7,6520,161,3,1488.3435582822087,125.61349693251533,160.7361963190184
456300,junit,315,1316022689,1316022699,1316022699,0,0,2,1,0,0,0,1,27,7,6520,6,10,1488.3435582822087,125.61349693251533,160.7361963190184
456304,junit,310,1315936945,1316021700,1316021700,1412,1412,2,3,0,0,0,48,27,7,6520,449,26,1487.116564417178,125.4601226993865,160.7361963190184
456303,junit,312,1315938493,1315938858,1315938858,6,6,2,12,0,0,0,27,19,3,6430,235,0,1448.5225505443236,123.17262830482115,156.60964230171072
456306,junit,305,1315741279,,1315744254,49,,2,2,0,2,2,0,0,0,6430,0,0,1448.5225505443236,123.17262830482115,156.60964230171072
456309,junit,301,1315516724,1315642649,1315642649,2098,2098,2,1,0,2,2,2,23,5,6431,2,3,1448.2973099051471,123.15347535375524,156.58529000155497
456312,junit,298,1315189521,,1315642243,7545,,2,17,0,9,9,8,0,0,6388,11,0,1426.8941765810896,121.79085785848466,154.351909830933
456310,junit,300,1315507159,1315593861,1315593861,1445,1445,2,2,0,2,2,3,21,5,6388,35,0,1426.8941765810896,121.79085785848466,154.351909830933
456311,junit,299,1315507034,1315593792,1315593792,1445,1445,2,4,0,2,2,8,21,5,6388,151,4,1426.8941765810896,121.79085785848466,154.351909830933
456308,junit,302,1315521673,1315592898,1315592898,1187,1187,2,1,0,0,0,7,21,5,6425,207,7,1431.4396887159533,122.02334630350195,155.79766536964982
456341,junit,233,1306257541,,1315506105,154142,,2,2,0,1,1,0,0,0,6425,0,0,1431.4396887159533,122.02334630350195,155.79766536964982
456340,junit,234,1306258807,,1315506094,154121,,2,6,0,5,5,10,0,0,6425,156,2,1431.4396887159533,122.02334630350195,155.79766536964982
456313,junit,287,1313102890,,1313354473,4193,,2,2,0,2,2,0,0,0,6425,0,0,1431.4396887159533,122.02334630350195,155.79766536964982
456314,junit,286,1313093009,1313109778,1313109778,279,279,2,1,0,1,1,2,50,17,6462,7,7,1454.3484989167441,123.33642835035592,156.4531104921077
456326,junit,261,1310239436,1313083394,1313083394,47399,47399,2,0,0,18,18,0,47,17,6425,0,0,1431.4396887159533,122.02334630350195,155.79766536964982
456315,junit,283,1313007503,1313068370,1313068370,1014,1014,2,3,0,2,2,4,46,17,6385,49,2,1424.4322631166797,121.6914643696163,154.26781519185593
456332,junit,250,1309216766,,1313007619,63180,,2,13,0,3,3,7,0,0,6385,26,0,1424.4322631166797,121.6914643696163,154.26781519185593
456316,junit,282,1312916639,1312980153,1312980153,1058,1058,2,5,0,0,0,11,43,16,6444,204,8,1444.4444444444443,122.90502793296089,156.57976412166354
456318,junit,280,1312828903,1312829322,1312829322,6,6,2,1,0,0,0,3,47,21,6441,56,3,1439.993789784195,122.34125135848471,156.0316721006055
456321,junit,271,1311313713,1311334733,1311334733,350,350,2,1,0,1,1,0,66,26,6385,0,0,1424.4322631166797,121.6914643696163,154.26781519185593
456323,junit,269,1311168081,,1311255767,1461,,2,3,0,8,8,0,0,0,6441,0,0,1439.993789784195,122.34125135848471,156.0316721006055
456324,junit,267,1311135132,,1311168419,554,,2,3,0,2,2,0,0,0,6385,0,0,1424.4322631166797,121.6914643696163,154.26781519185593
456325,junit,263,1310807160,1311090513,1311090513,4722,4722,2,3,0,1,1,6,57,25,6435,56,5,1436.3636363636363,122.14452214452216,155.55555555555557
456328,junit,256,1310169059,1310492636,1310492636,5392,5392,2,3,0,3,3,7,49,17,6385,274,8,1424.4322631166797,121.6914643696163,154.26781519185593
456327,junit,259,1310223279,,1310239515,270,,1,1,0,2,2,0,0,0,6385,0,0,1424.4322631166797,121.6914643696163,154.26781519185593
456330,junit,252,1309907160,,1310169160,4366,,1,1,0,4,4,0,0,0,6385,0,0,1424.4322631166797,121.6914643696163,154.26781519185593
456329,junit,255,1309975245,1310057755,1310057755,1375,1375,1,2,0,2,2,4,37,11,6385,11,11,1424.4322631166797,121.6914643696163,154.26781519185593
456331,junit,251,1309566961,,1309905858,5648,,1,6,0,3,3,7,0,0,6385,26,0,1424.4322631166797,121.6914643696163,154.26781519185593
456273,junit,168,1291586704,,1309721374,302304,,1,1,0,0,0,0,0,0,6414,0,0,1351.2628624883068,117.24352977860929,146.24259432491425
456336,junit,240,1306896791,1309176657,1309176657,37997,37997,1,4,0,5,5,0,20,6,6379,0,0,1406.1765166954067,120.86533939488949,152.84527355384856
456266,junit,195,1298562686,,1308933951,172914,,1,2,0,4,4,0,0,0,6379,0,0,1406.1765166954067,120.86533939488949,152.84527355384856
456265,junit,196,1298640499,,1308933857,171615,,1,2,0,1,1,0,0,0,6379,0,0,1406.1765166954067,120.86533939488949,152.84527355384856
456262,junit,205,1299882583,,1308933788,150913,,1,6,0,13,13,0,0,0,6379,0,0,1406.1765166954067,120.86533939488949,152.84527355384856
456263,junit,203,1299688414,,1308933766,154149,,1,8,0,4,4,0,0,0,6379,0,0,1406.1765166954067,120.86533939488949,152.84527355384856
456334,junit,247,1308774929,1308822006,1308822006,784,784,1,2,0,0,0,2,19,5,6381,18,0,1412.6312490205298,121.29760225669958,153.58094342579534
456335,junit,243,1308327502,1308595828,1308595828,4472,4472,1,1,0,0,0,2,18,5,6381,8,2,1412.6312490205298,121.29760225669958,153.58094342579534
456337,junit,239,1306805396,1306930683,1306930683,2088,2088,1,1,0,1,1,2,23,1,6379,25,2,1406.1765166954067,120.86533939488949,152.84527355384856
456338,junit,238,1306804717,1306930672,1306930672,2099,2099,1,1,0,1,1,1,23,1,6379,16,1,1406.1765166954067,120.86533939488949,152.84527355384856
456339,junit,237,1306803067,1306930661,1306930661,2126,2126,1,2,0,5,5,3,23,1,6379,49,3,1406.1765166954067,120.86533939488949,152.84527355384856
456342,junit,232,1305873823,,1306257305,6391,,1,3,0,4,4,0,0,0,6379,0,0,1406.1765166954067,120.86533939488949,152.84527355384856
456279,junit,224,1304094902,1304098198,1304098198,54,54,1,3,0,0,0,13,10,0,6375,462,19,1388.549019607843,120.15686274509804,151.37254901960785
456260,junit,215,1302882116,1302888348,1302888348,103,103,2,4,0,0,0,9,8,0,6359,148,7,1378.6758924359176,119.67290454473974,150.80987576662997
456261,junit,213,1301922243,1302031810,1302031810,1826,1826,2,1,0,0,0,3,21,0,6359,205,6,1378.6758924359176,119.67290454473974,150.80987576662997
456264,junit,197,1299026468,,1299713327,11447,,2,5,0,17,17,0,0,0,6359,0,0,1378.6758924359176,119.67290454473974,150.80987576662997
456269,junit,188,1296740608,1299675961,1299675961,48922,48922,2,1,0,0,0,1,24,1,6364,8,0,1378.5355122564424,119.57888120678818,150.6913890634821
456267,junit,191,1297491951,,1299269633,29628,,2,1,0,3,3,0,0,0,6364,0,0,1378.5355122564424,119.57888120678818,150.6913890634821
456271,junit,176,1293687324,,1299254506,92786,,2,4,0,1,1,0,0,0,6414,0,0,1351.2628624883068,117.24352977860929,146.24259432491425
456268,junit,190,1297431690,,1297718536,4780,,2,2,0,9,9,0,0,0,6364,0,0,1378.5355122564424,119.57888120678818,150.6913890634821
456272,junit,173,1292944204,1292967908,1292967908,395,395,3,24,0,1,1,0,25,0,6414,0,0,1351.2628624883068,117.24352977860929,146.24259432491425
456274,junit,154,1289310470,1289917194,1289917194,10112,10112,4,3,0,0,0,19,10,5,6424,1082,30,1362.8580323785804,118.30635118306351,148.03860523038605
456275,junit,153,1289308439,1289917193,1289917193,10145,10145,4,3,0,0,0,19,10,5,6424,1082,30,1362.8580323785804,118.30635118306351,148.03860523038605
456277,junit,138,1283282582,,1286918651,60601,,1,1,0,1,1,0,0,0,6363,0,0,1316.6745245953166,114.41144114411442,144.58588716014458
