pull_req_id,project_name,github_id,created_at,merged_at,closed_at,lifetime_minutes,mergetime_minutes,team_size,num_commits,num_comments,files_changed,perc_external_contribs,sloc,src_churn,test_churn,commits_on_files_touched,test_lines_per_1000_lines,requester,prev_pullreqs,requester_succ_rate
786479,modeshape,643,1357715230,,1357833802,1976,,5,4,0,24,71,151324,136,120,0,494.20448838254345,hchiorean,175,0.6685714285714286
784398,modeshape,642,1357671323,,1357716728,756,,5,1,0,1,70,151324,0,0,0,494.20448838254345,rhauch,315,0.7746031746031746
779183,modeshape,640,1357556586,,1357634841,1304,,5,1,5,4,68,150842,14,37,0,495.41241829198765,hchiorean,174,0.6724137931034483
782099,modeshape,639,1357223564,,1357634611,6850,,5,4,0,32,69,150842,801,100,53,495.41241829198765,hchiorean,173,0.6763005780346821
775708,modeshape,638,1357162409,,1357200145,628,,6,3,0,12,69,150807,93,58,0,495.20910833051516,rhauch,313,0.7795527156549521
776042,modeshape,637,1357158842,,1357199063,670,,6,2,0,8,68,150807,76,32,0,495.20910833051516,rhauch,312,0.782051282051282
776044,modeshape,635,1357146973,,1357196959,833,,6,1,0,7,67,150807,3,0,12,495.20910833051516,rhauch,310,0.7870967741935484
776038,modeshape,630,1355933676,1355941028,1355941029,122,122,6,3,0,28,76,149962,1630,703,14,495.67890532268177,elvisisking,4,0.5
776039,modeshape,629,1355933583,1355934720,1355934720,18,18,6,1,0,2,76,149948,63,0,2,495.72518473070664,rhauch,308,0.788961038961039
776040,modeshape,628,1355860504,1355933360,1355933360,1214,1214,6,3,0,25,77,149906,334,0,49,495.86407482022065,rhauch,307,0.7882736156351792
776041,modeshape,627,1355838580,1355844097,1355844097,91,91,6,3,0,17,76,149863,334,18,74,496.0196979908316,hchiorean,170,0.6823529411764706
751102,modeshape,624,1355488036,,1355804970,5282,,6,8,0,11,84,149706,0,0,0,492.6389055882864,okulikov,11,0.09090909090909091
470037,modeshape,595,1352731323,,1355766059,50578,,6,3,0,109,66,143493,2,14,0,500.18467799822986,hchiorean,158,0.689873417721519
751326,modeshape,625,1355493268,,1355765947,4544,,6,3,0,21,80,149706,315,331,0,492.6389055882864,hchiorean,169,0.6863905325443787
757702,modeshape,626,1355760345,1355762923,1355762923,42,42,6,3,0,24,76,149706,326,733,22,492.6389055882864,rhauch,306,0.7875816993464052
658747,modeshape,623,1355257047,,1355760429,8389,,6,1,0,4,85,149706,0,503,0,492.6389055882864,rhauch,305,0.7901639344262295
477126,modeshape,586,1351657441,,1355488286,63847,,6,5,0,35,67,143273,428,67,0,499.07519211575107,okulikov,7,0.14285714285714285
658752,modeshape,620,1354888109,,1355238491,5839,,6,5,0,30,84,148737,1760,96,0,494.9877972528692,okulikov,10,0.1
658749,modeshape,622,1355231616,,1355237302,94,,7,1,0,12,86,148743,199,98,0,494.96783041891047,hchiorean,168,0.6904761904761905
658750,modeshape,621,1355150193,1355234178,1355234178,1399,1399,7,4,0,33,89,148743,586,171,60,494.96783041891047,hchiorean,167,0.688622754491018
658755,modeshape,619,1354783267,1354893708,1354893708,1840,1840,6,1,0,2,82,148737,22,0,15,494.9877972528692,hchiorean,166,0.6867469879518072
658730,modeshape,608,1354111980,,1354886557,12909,,7,2,0,14,74,143668,1507,0,0,501.5591502631066,okulikov,9,0.1111111111111111
658358,modeshape,616,1354630310,,1354748875,1976,,6,2,0,10,79,143669,350,8,0,502.1055342488637,hchiorean,165,0.6909090909090909
658759,modeshape,618,1354745153,1354747451,1354747451,38,38,6,18,0,269,82,147993,12152,3372,406,492.4827525626212,rhauch,304,0.7894736842105263
611009,modeshape,617,1354721231,,1354742025,346,,6,4,5,59,81,147566,1112,466,120,491.7460661670032,rhauch,303,0.7920792079207921
611987,modeshape,615,1354314481,,1354695788,6355,,6,2,0,52,79,143669,1494,450,0,502.1055342488637,rhauch,302,0.7947019867549668
612249,modeshape,614,1354275401,1354315628,1354315628,670,670,7,2,0,31,77,147452,389,242,90,491.73290291077774,hchiorean,164,0.6890243902439024
612013,modeshape,612,1354223822,,1354314783,1516,,7,1,0,8,76,143668,648,22,0,501.77492552273293,rhauch,300,0.8
658737,modeshape,613,1354227818,,1354279174,855,,7,1,0,2,76,143668,5,61,0,501.77492552273293,rhauch,301,0.7973421926910299
658738,modeshape,611,1354212398,1354217971,1354217972,92,92,7,1,0,3,76,143668,2,26,3,501.6565971545508,rhauch,299,0.7993311036789298
658740,modeshape,610,1354206412,1354206839,1354206839,7,7,7,1,0,1,75,143668,0,18,1,501.5591502631066,rhauch,298,0.7986577181208053
658742,modeshape,609,1354202748,1354206481,1354206481,62,62,7,1,0,5,75,147454,228,2,14,491.7262332659677,rhauch,297,0.797979797979798
565553,modeshape,606,1353670947,1354026976,1354026976,5933,5933,7,4,0,31,71,146820,2130,809,119,492.9164963901376,hchiorean,162,0.6851851851851852
658727,modeshape,607,1353945366,1354019840,1354019840,1241,1241,7,2,0,5,74,143650,70,0,7,501.62199791159065,hchiorean,163,0.6871165644171779
521800,modeshape,602,1353517396,1353527032,1353527032,160,160,7,1,0,31,70,145886,2292,339,98,494.372318111402,rhauch,293,0.7952218430034129
521797,modeshape,605,1353525735,1353525921,1353525921,3,3,7,1,0,1,71,143654,22,0,1,501.60803040639314,rhauch,296,0.7972972972972973
521798,modeshape,604,1353524910,1353525088,1353525088,2,2,7,1,0,2,71,143654,2,6,4,501.57322455344087,rhauch,295,0.7966101694915254
521799,modeshape,603,1353519968,1353521285,1353521285,21,21,7,1,0,2,70,143653,3,7,4,501.53494880023385,rhauch,294,0.7959183673469388
471561,modeshape,596,1352749427,,1353000576,4185,,7,1,0,2,66,149828,7,13,2,624.0555837360173,eshevchenko,0,0
466709,modeshape,599,1352934248,,1352998461,1070,,7,6,4,49,67,145165,2002,504,103,493.9138222023215,rhauch,292,0.797945205479452
456991,modeshape,591,1352378171,,1352816974,7313,,6,5,7,71,65,143273,1200,490,0,499.07519211575107,elvisisking,3,0.6666666666666666
475183,modeshape,598,1352807130,1352815078,1352815078,132,132,7,1,0,6,67,143493,9,14,6,500.18467799822986,hchiorean,160,0.6875
475152,modeshape,597,1352806844,1352813575,1352813575,112,112,7,1,0,6,66,143493,9,14,6,500.18467799822986,hchiorean,159,0.6855345911949685
465754,modeshape,594,1352561809,,1352725405,2726,,6,4,0,33,64,143273,448,410,28,499.07519211575107,rhauch,291,0.8006872852233677
460161,modeshape,592,1352408225,,1352562001,2562,,6,1,0,2,65,143273,4,0,2,499.07519211575107,kcrimson,0,0
464113,modeshape,587,1351867154,,1352494147,10449,,6,14,0,44,68,143273,1312,140,0,499.07519211575107,hchiorean,157,0.6942675159235668
460451,modeshape,593,1352411790,,1352494102,1371,,6,15,0,48,65,143273,1396,165,0,499.07519211575107,rhauch,290,0.803448275862069
477127,modeshape,590,1352229090,,1352272433,722,,6,10,0,0,65,143273,0,0,0,499.07519211575107,rhauch,289,0.8062283737024222
477128,modeshape,589,1352151571,,1352228748,1286,,6,8,0,0,65,143273,0,0,0,499.07519211575107,rhauch,288,0.8090277777777778
477129,modeshape,588,1352151219,,1352151326,1,,6,8,0,0,65,143273,0,0,0,499.07519211575107,rhauch,287,0.8118466898954704
477130,modeshape,585,1351611690,,1351852308,4010,,6,2,0,0,67,143273,0,0,0,499.07519211575107,hchiorean,156,0.6987179487179487
477131,modeshape,584,1351158003,1351171978,1351171978,232,232,6,1,0,1,71,143273,6,0,2,499.07519211575107,hchiorean,155,0.6967741935483871
477132,modeshape,583,1351093593,1351101187,1351101187,126,126,6,1,0,5,71,143273,0,15,7,498.9914359300077,rhauch,286,0.8111888111888111
477133,modeshape,582,1351084922,,1351091970,117,,6,1,0,0,71,142947,0,0,0,499.87757700406445,hchiorean,154,0.7012987012987013
477135,modeshape,580,1351019185,1351089637,1351089637,1174,1174,6,4,0,27,71,142947,835,57,74,499.87757700406445,rhauch,285,0.8105263157894737
477134,modeshape,581,1351078169,,1351079357,19,,6,1,0,0,71,142947,0,0,0,499.87757700406445,hchiorean,153,0.7058823529411765
477136,modeshape,579,1350999257,1350999866,1350999866,10,10,6,1,0,2,70,142945,3,57,3,499.7026828500472,rhauch,284,0.8098591549295775
477137,modeshape,578,1350986219,1350999150,1350999150,215,215,6,1,0,4,70,142926,69,16,8,499.6921483844787,hchiorean,152,0.7039473684210527
477138,modeshape,577,1350613951,1350647811,1350647811,564,564,6,2,0,8,70,142905,75,60,14,499.45068402085303,rhauch,283,0.8091872791519434
477139,modeshape,576,1350563308,1350566004,1350566004,44,44,6,3,0,14,69,142874,42,5,56,499.53105533547046,hchiorean,151,0.7019867549668874
477140,modeshape,575,1350508404,1350540785,1350540785,539,539,6,1,0,5,68,142813,106,151,11,498.8551462401882,rhauch,282,0.8085106382978723
477141,modeshape,574,1350418412,1350498574,1350498574,1336,1336,6,2,0,21,68,142727,197,89,29,498.6933096050502,rhauch,281,0.8078291814946619
477143,modeshape,573,1350390828,1350400663,1350400663,163,163,6,1,0,6,68,142727,0,0,12,498.6933096050502,hchiorean,150,0.7
477144,modeshape,572,1350366714,1350369391,1350369391,44,44,6,1,0,1,68,142722,11,0,2,498.7107803982567,FilipJirsak,0,0
477145,modeshape,571,1350306465,,1350313276,113,,6,1,0,0,67,142692,0,0,0,498.6474364365206,hchiorean,149,0.7046979865771812
477148,modeshape,570,1350043407,1350312023,1350312023,4476,4476,6,1,0,3,69,142692,0,49,3,498.6474364365206,hchiorean,148,0.7027027027027027
477149,modeshape,569,1349977895,1349978611,1349978611,11,11,6,2,0,41,67,142536,224,74,95,499.05287085367905,rhauch,280,0.8071428571428572
477150,modeshape,568,1349962080,,1349964434,39,,6,1,0,0,67,142470,0,0,0,499.291078823612,rhauch,279,0.8100358422939068
477151,modeshape,567,1349946425,1349963722,1349963722,288,288,6,3,0,30,68,142470,318,0,52,499.291078823612,hchiorean,147,0.7006802721088435
477154,modeshape,564,1349875200,,1349946297,1184,,6,3,0,0,68,142265,0,0,0,499.54662074297966,hchiorean,146,0.7054794520547946
477152,modeshape,566,1349902684,,1349933099,506,,6,2,0,0,67,142265,0,0,0,499.54662074297966,rhauch,278,0.8129496402877698
477153,modeshape,565,1349895649,,1349930719,584,,6,1,0,0,68,142265,0,0,0,499.54662074297966,rhauch,277,0.8158844765342961
477155,modeshape,563,1349788124,,1349929559,2357,,6,2,0,0,68,142252,0,0,0,499.53603464274664,rhauch,276,0.8188405797101449
477158,modeshape,561,1349764138,,1349868554,1740,,6,4,0,0,68,142252,0,0,0,499.53603464274664,hchiorean,144,0.7083333333333334
477157,modeshape,562,1349779872,1349864165,1349864165,1404,1404,6,1,0,1,69,142252,41,0,3,499.53603464274664,hchiorean,145,0.7034482758620689
477159,modeshape,560,1349680180,1349705267,1349705267,418,418,6,2,0,28,69,142117,215,94,73,499.73613290457865,hchiorean,143,0.7062937062937062
477160,modeshape,559,1349366853,1349369862,1349369862,50,50,6,1,0,1,69,142273,224,74,42,499.32875528034134,rhauch,275,0.8181818181818182
477161,modeshape,558,1349363471,1349365905,1349365905,40,40,6,2,0,13,69,142278,111,7,34,499.31120763575535,rhauch,274,0.8175182481751825
477162,modeshape,557,1349349240,1349363755,1349363755,241,241,6,2,0,7,68,142273,23,20,20,499.2233241725415,hchiorean,142,0.704225352112676
477163,modeshape,556,1349271268,,1349283262,199,,6,1,0,0,70,142234,0,0,0,499.3109945582632,hchiorean,141,0.7092198581560284
477165,modeshape,554,1349257933,,1349276206,304,,6,1,0,0,70,142234,0,0,0,499.3109945582632,kosch,10,0.1
477164,modeshape,555,1349264338,1349275374,1349275374,183,183,6,1,0,6,70,142234,68,53,12,499.3109945582632,hchiorean,140,0.7071428571428572
477167,modeshape,552,1349213108,1349247417,1349247417,571,571,6,1,0,6,70,142226,95,1,8,499.3320489924487,rhauch,272,0.8161764705882353
477166,modeshape,553,1349213546,1349214366,1349214366,13,13,6,1,0,1,70,142226,0,5,2,499.32501792921124,rhauch,273,0.8168498168498168
453567,modeshape,551,1349208985,,1349210152,19,,6,1,0,4,70,142226,0,247,8,498.59378735252346,rhauch,271,0.8191881918819188
453349,modeshape,550,1349203386,,1349204488,18,,6,1,0,2,69,142215,39,0,9,498.6323524241466,rhauch,270,0.8222222222222222
453264,modeshape,549,1349201546,,1349202524,16,,6,1,0,2,69,142209,38,5,2,498.62526281740253,rhauch,269,0.8252788104089219
452718,modeshape,548,1349188251,,1349188885,10,,6,1,0,3,69,142179,118,0,7,498.73047355797974,rhauch,268,0.8283582089552238
477168,modeshape,547,1349171026,1349181125,1349181125,168,168,6,1,0,23,69,142173,29,0,23,498.75152103423295,hchiorean,139,0.7050359712230215
450626,modeshape,546,1349115749,,1349116573,13,,6,2,0,2,69,142173,2,93,4,498.20992734204106,rhauch,267,0.8314606741573034
450266,modeshape,545,1349107361,,1349111416,67,,6,4,0,0,70,142171,0,0,0,497.0282265722264,rhauch,266,0.8345864661654135
449885,modeshape,544,1349098015,,1349098049,0,,6,1,0,4,69,142171,0,0,8,497.0282265722264,rhauch,265,0.8377358490566038
449809,modeshape,543,1349096570,,1349097376,13,,6,1,0,9,69,142162,77,38,16,496.9401105780729,hchiorean,138,0.7101449275362319
445478,modeshape,541,1348857805,,1349096365,3976,,6,2,0,0,68,142098,0,0,0,497.2554152767808,rhauch,263,0.844106463878327
449593,modeshape,542,1349091496,,1349094691,53,,6,2,0,0,69,142098,0,0,0,497.2554152767808,rhauch,264,0.8409090909090909
444711,modeshape,540,1348838491,,1349092905,4240,,6,1,0,3,68,142098,23,183,9,497.2554152767808,hchiorean,137,0.7153284671532847
426322,modeshape,537,1348145382,,1348837292,11531,,6,1,0,0,65,141472,0,0,0,500.7068536530197,hchiorean,135,0.725925925925926
442610,modeshape,539,1348767785,,1348826417,977,,6,1,0,3,67,142062,172,0,10,497.3814250116146,rhauch,262,0.8473282442748091
442180,modeshape,538,1348758500,,1348761373,47,,6,5,0,79,67,141404,1247,718,85,496.1952985771265,hchiorean,136,0.7205882352941176
477120,modeshape,536,1348084321,1348167704,1348167704,1389,1389,6,2,0,65,66,141472,982,1596,135,500.7068536530197,rhauch,261,0.8467432950191571
477125,modeshape,531,1347791383,,1348165552,6236,,6,1,0,0,67,141456,0,0,0,500.0848320325755,kosch,9,0.1111111111111111
477121,modeshape,535,1348060496,,1348088414,465,,6,1,0,0,66,141456,0,0,0,500.0848320325755,hchiorean,134,0.7313432835820896
477122,modeshape,534,1347966221,,1348087571,2022,,6,1,0,0,66,141456,0,0,0,500.0848320325755,hchiorean,133,0.7368421052631579
477123,modeshape,533,1347949503,,1348086862,2289,,6,1,0,0,66,141456,0,0,0,500.0848320325755,hchiorean,132,0.7424242424242424
477124,modeshape,532,1347884551,1348086128,1348086128,3359,3359,6,1,0,4,67,141456,15,30,14,500.0848320325755,hchiorean,131,0.7404580152671756
394391,modeshape,527,1347495328,,1348053556,9303,,6,1,0,0,65,141256,0,0,0,500.8424420909554,KurtStam,1,1.0
402257,modeshape,530,1347570680,,1347969537,6647,,6,1,1,0,65,141456,0,0,0,500.0848320325755,rhauch,260,0.85
401101,modeshape,529,1347542159,1347542941,1347542941,13,13,6,1,0,0,65,141456,0,0,1,500.0848320325755,rhauch,259,0.8494208494208494
400477,modeshape,528,1347537506,1347539631,1347539631,35,35,6,2,0,22,65,141359,434,556,66,500.6402139234148,hchiorean,130,0.7384615384615385
370310,modeshape,526,1347453592,,1347514716,1018,,6,1,7,11,64,141256,215,30,18,500.8424420909554,rhauch,258,0.8527131782945736
383466,modeshape,525,1347452853,1347454415,1347454415,26,26,6,1,0,5,64,141231,51,300,19,499.25299686329487,rhauch,257,0.8521400778210116
415155,modeshape,524,1347447534,1347449562,1347449562,33,33,6,1,0,2,65,141230,22,33,3,499.1078382779863,rhauch,256,0.8515625
415052,modeshape,523,1347440038,1347440971,1347440971,15,15,6,1,0,15,64,141230,0,269,35,499.1928060610352,hchiorean,129,0.7364341085271318
414906,modeshape,522,1347424324,,1347427274,49,,6,1,0,0,65,141189,0,0,0,498.87030859344566,hchiorean,128,0.7421875
414828,modeshape,521,1347409528,,1347425890,272,,6,6,0,0,65,141125,0,0,0,499.09654561558904,rhauch,255,0.8549019607843137
414757,modeshape,520,1347397183,,1347424543,456,,6,1,0,0,66,141125,0,0,0,499.09654561558904,rhauch,254,0.8582677165354331
414624,modeshape,519,1347386538,1347409582,1347409582,384,384,6,2,0,8,65,141125,334,4,32,499.09654561558904,elvisisking,2,0.5
414493,modeshape,518,1347378079,1347383166,1347383166,84,84,6,1,0,2,65,141120,6,0,6,499.1142290249433,tejones,23,0.4782608695652174
414394,modeshape,517,1347368414,,1347377619,153,,5,1,0,0,65,141019,0,0,0,499.0036803551294,tejones,22,0.5
324460,modeshape,504,1346394337,,1347369441,16251,,5,6,6,0,65,137392,0,0,0,486.7677885175265,okulikov,6,0.16666666666666666
359975,modeshape,513,1347009932,,1347365330,5923,,5,1,0,0,64,136893,0,0,0,492.055839232101,kosch,8,0.125
367258,modeshape,516,1347346972,,1347360621,227,,5,1,0,6,65,141018,0,0,24,498.943397296799,hchiorean,127,0.7480314960629921
365418,modeshape,515,1347282097,,1347290689,143,,5,1,0,0,66,136893,0,0,0,492.055839232101,hchiorean,126,0.753968253968254
360346,modeshape,514,1347020576,,1347286387,4430,,5,4,0,114,64,136893,8109,4486,77,492.055839232101,hchiorean,125,0.76
359146,modeshape,512,1346974361,,1346975262,15,,5,2,0,22,63,136768,475,34,39,492.5786733738886,rhauch,253,0.8616600790513834
354738,modeshape,510,1346831442,,1346840331,148,,5,1,0,2,63,136875,2,125,3,491.8283105022831,hchiorean,123,0.7723577235772358
353269,modeshape,508,1346775418,,1346808238,547,,5,6,0,0,64,137519,0,0,0,486.78364444185894,elvisisking,1,1.0
352479,modeshape,507,1346755292,,1346806370,851,,5,1,0,5,64,137519,56,0,5,486.78364444185894,hchiorean,122,0.7786885245901639
353435,modeshape,509,1346779732,,1346780978,20,,5,1,0,0,64,150572,0,0,0,624.6513295964721,rhauch,252,0.8650793650793651
412238,modeshape,506,1346502184,1346503630,1346503630,24,24,5,2,0,13,64,137392,227,108,24,486.7677885175265,rhauch,251,0.8645418326693227
412230,modeshape,505,1346498640,1346502925,1346502925,71,71,5,1,0,11,64,137392,224,108,22,486.7677885175265,rhauch,250,0.864
333176,modeshape,503,1346072423,,1346087000,242,,5,1,0,0,66,137312,0,0,0,486.221160568632,okulikov,5,0.2
319348,modeshape,502,1345969153,,1346086007,1947,,5,1,0,0,64,137312,0,0,0,486.221160568632,kosch,7,0.14285714285714285
267090,modeshape,501,1345887158,,1346082471,3255,,5,1,0,8,64,137312,0,345,14,486.221160568632,kosch,6,0.16666666666666666
266015,modeshape,500,1345814373,,1345815467,18,,5,1,0,1,64,137312,0,15,1,486.12648566767655,rhauch,249,0.8674698795180723
338133,modeshape,499,1345813395,1345813999,1345813999,10,10,5,1,0,3,64,137308,77,191,3,485.310397063536,rhauch,248,0.8669354838709677
338118,modeshape,498,1345812094,1345813479,1345813479,23,23,5,1,0,0,64,150568,0,0,0,623.9240741724669,hchiorean,121,0.7768595041322314
338112,modeshape,497,1345811481,1345811865,1345811865,6,6,5,1,0,0,65,150572,0,0,0,623.9074994022793,rhauch,247,0.8663967611336032
255333,modeshape,481,1345472491,,1345811818,5655,,5,1,0,0,63,137236,0,0,0,487.2628173365589,kosch,5,0.2
338013,modeshape,496,1345805391,,1345809342,65,,5,1,0,0,65,150571,0,0,0,623.5065185195025,hchiorean,120,0.7833333333333333
265548,modeshape,495,1345794558,,1345807877,221,,5,1,0,0,65,150571,0,0,0,623.5065185195025,hchiorean,119,0.7899159663865546
264052,modeshape,492,1345720918,,1345807784,1447,,5,1,0,0,68,150571,0,0,0,623.5065185195025,hchiorean,118,0.7966101694915254
263869,modeshape,491,1345719458,,1345807736,1471,,5,1,0,0,68,150571,0,0,0,623.5065185195025,hchiorean,117,0.8034188034188035
263634,modeshape,490,1345717461,,1345807718,1504,,5,1,0,0,68,150571,0,0,0,623.5065185195025,hchiorean,116,0.8103448275862069
337474,modeshape,494,1345747178,1345749212,1345749212,33,33,5,2,0,56,68,137310,3,0,76,485.3033282353798,rhauch,246,0.8658536585365854
337247,modeshape,493,1345731063,1345733022,1345733022,32,32,5,4,0,10,68,137295,271,63,22,485.34906588003935,rhauch,245,0.8653061224489796
336227,modeshape,489,1345630385,1345631260,1345631262,14,14,5,2,0,9,65,137345,361,426,41,486.78874367468785,hchiorean,115,0.808695652173913
335677,modeshape,486,1345547348,,1345581543,569,,5,1,0,0,65,137252,0,0,0,487.45373473610584,okulikov,4,0.25
335220,modeshape,482,1345473906,,1345580590,1778,,5,2,0,0,63,137236,0,0,0,487.2628173365589,tejones,20,0.55
335973,modeshape,488,1345579380,1345580278,1345580278,14,14,5,2,0,108,65,137252,3734,645,134,487.45373473610584,rhauch,244,0.8647540983606558
335744,modeshape,487,1345555542,,1345579747,403,,5,1,0,0,65,137252,0,0,0,487.45373473610584,tejones,21,0.5238095238095238
70416,modeshape,471,1344423857,,1345547296,18723,,5,5,2,7,75,133037,455,125,0,493.77992588528,okulikov,3,0.3333333333333333
335463,modeshape,485,1345509555,1345509962,1345509962,6,6,5,1,0,1,64,137250,24,0,1,487.4608378870674,rhauch,243,0.8641975308641975
335324,modeshape,484,1345486088,1345486118,1345486118,0,0,5,1,0,3,64,137250,0,80,8,487.21311475409834,rhauch,242,0.8636363636363636
122713,modeshape,377,1336941394,,1345476334,142249,,4,1,0,0,82,128571,0,0,0,516.8506117242613,ctomc,0,0
335239,modeshape,483,1345475869,1345476132,1345476132,4,4,5,1,0,6,63,137236,431,4,12,487.2628173365589,rhauch,241,0.8630705394190872
252251,modeshape,477,1345285987,,1345467583,3026,,5,1,0,8,65,136445,114,29,8,487.87423503975964,kosch,4,0.25
254843,modeshape,480,1345457852,1345457969,1345457969,1,1,5,1,0,13,64,137200,62,8,72,487.36880466472303,rhauch,240,0.8625
254734,modeshape,479,1345453508,,1345455320,30,,5,1,0,19,64,137201,419,0,96,487.365252439851,hchiorean,114,0.8157894736842105
252335,modeshape,478,1345291205,,1345291360,2,,5,1,0,7,65,137172,140,4,15,487.4682879888024,rhauch,239,0.8661087866108786
68420,modeshape,472,1344576011,,1345289365,11889,,5,3,1,18,73,133037,1226,522,38,493.77992588528,kosch,3,0.3333333333333333
251711,modeshape,476,1345241602,1345242205,1345242205,10,10,5,1,0,9,65,136349,246,9,26,488.19573300867626,rhauch,238,0.865546218487395
237515,modeshape,473,1344624747,,1345213729,9816,,5,2,0,65,72,133037,2762,1255,138,493.77992588528,rhauch,236,0.8686440677966102
248391,modeshape,475,1345125243,1345125306,1345125306,1,1,5,1,0,2,67,135152,0,0,10,488.4426423582337,rhauch,237,0.8649789029535865
247433,modeshape,474,1345097043,,1345119473,373,,5,9,0,0,67,133037,0,0,0,493.77992588528,hchiorean,113,0.8230088495575221
10244,modeshape,470,1344341997,,1345116742,12912,,4,2,0,3,75,133037,476,110,0,493.77992588528,okulikov,2,0.5
65784,modeshape,465,1343915053,,1344423931,8481,,4,1,6,6,75,133035,455,117,0,490.75807118427485,okulikov,1,1.0
235912,modeshape,469,1344261080,1344261346,1344261346,4,4,4,1,0,3,75,133038,1,44,7,493.7686976653287,rhauch,235,0.8680851063829788
235428,modeshape,468,1344234492,1344256478,1344256478,366,366,4,1,0,1,75,133038,24,0,2,493.7686976653287,hchiorean,112,0.8214285714285714
229691,modeshape,466,1343936204,1344012396,1344012396,1269,1269,4,1,0,4,76,150540,49,35,5,623.4356317257872,hchiorean,110,0.8181818181818182
231171,modeshape,467,1343996625,1344012166,1344012167,259,259,4,1,0,2,76,133035,4,580,5,490.75807118427485,hchiorean,111,0.8198198198198198
226756,modeshape,463,1343844170,1343854480,1343854480,171,171,4,1,0,1,76,133019,19,0,2,490.81710131635333,hchiorean,108,0.8148148148148148
226762,modeshape,464,1343844302,1343853891,1343853891,159,159,4,1,0,2,76,150514,41,0,2,623.5433248734337,hchiorean,109,0.8165137614678899
476658,modeshape,462,1343749597,1343821221,1343821222,1193,1193,4,1,0,2,79,133019,10,42,4,490.51639239507136,hchiorean,107,0.8130841121495327
476659,modeshape,461,1343390409,1343654283,1343654283,4397,4397,3,1,0,6,80,133016,39,4,11,490.504901665965,hchiorean,106,0.8113207547169812
476662,modeshape,459,1343306024,1343312785,1343312785,112,112,3,1,0,1,84,133005,3,0,3,490.5078756437728,hchiorean,105,0.8095238095238095
476661,modeshape,460,1343311067,1343311677,1343311677,10,10,3,2,0,29,84,133005,516,94,117,490.5078756437728,rhauch,234,0.8675213675213675
476663,modeshape,458,1343304729,1343307070,1343307070,39,39,3,1,0,2,84,132677,0,0,13,491.15521152875027,hchiorean,104,0.8076923076923077
61668,modeshape,440,1342174577,1343305281,1343305281,18845,18845,2,10,6,18,88,132409,2525,153,12,493.7504248200651,okulikov,0,0
476664,modeshape,457,1343295004,,1343303621,143,,3,1,0,0,85,132659,0,0,0,490.84494832615957,hchiorean,103,0.8155339805825242
476665,modeshape,456,1343223712,1343300847,1343300847,1285,1285,3,1,0,4,86,132659,134,36,6,490.84494832615957,hchiorean,102,0.8137254901960784
220108,modeshape,450,1342877172,,1343300761,7059,,2,1,0,0,91,132614,0,0,0,494.17105283001797,kosch,0,0
224639,modeshape,455,1343135222,1343136207,1343136207,16,16,3,1,0,1,85,132659,0,34,1,490.69418584491063,hchiorean,101,0.8118811881188119
224261,modeshape,454,1343123075,1343134710,1343134710,193,193,3,1,0,1,85,132659,0,0,12,490.69418584491063,hchiorean,100,0.81
221195,modeshape,452,1342975089,,1343105447,2172,,2,1,0,1,92,132614,3,0,0,494.17105283001797,kosch,2,0.5
63926,modeshape,451,1342969078,1343103694,1343103694,2243,2243,2,1,1,1,92,132663,13,0,2,490.6793906364246,kosch,1,0.0
222408,modeshape,453,1343045762,,1343056859,184,,3,3,0,5,89,132614,100,0,0,494.17105283001797,hchiorean,99,0.8181818181818182
218743,modeshape,449,1342792729,1343055978,1343055978,4387,4387,2,1,0,12,91,132614,218,19,43,494.17105283001797,hchiorean,98,0.8163265306122449
214543,modeshape,448,1342621997,1342624078,1342624079,34,34,2,1,0,25,91,132544,311,177,117,494.3037783679382,rhauch,233,0.8669527896995708
213931,modeshape,447,1342603716,1342614931,1342614931,186,186,2,1,0,5,91,132532,45,66,14,494.11462891980807,hchiorean,97,0.8144329896907216
212168,modeshape,446,1342536033,1342536935,1342536935,15,15,2,1,0,3,91,132532,9,80,12,494.12971961488546,rhauch,232,0.8663793103448276
212006,modeshape,445,1342533069,1342533810,1342533810,12,12,2,1,0,7,91,132530,131,0,40,494.1371764883423,hchiorean,96,0.8125
205311,modeshape,441,1342188928,1342532196,1342532196,5721,5721,2,3,0,49,89,132467,299,421,118,493.72296496485916,hchiorean,95,0.8105263157894737
210292,modeshape,444,1342463997,1342464652,1342464653,10,10,2,1,0,5,90,132436,112,0,10,493.83853332930624,rhauch,231,0.8658008658008658
209434,modeshape,443,1342439712,1342460305,1342460305,343,343,2,3,0,23,90,132442,124,0,39,493.8161610365292,elvisisking,0,0
205912,modeshape,442,1342205132,1342206134,1342206134,16,16,2,2,0,11,89,132409,189,159,17,493.7504248200651,rhauch,230,0.8652173913043478
202936,modeshape,439,1342101793,1342103204,1342103205,23,23,2,1,0,3,81,150518,2,223,3,622.4571147636827,rhauch,229,0.8646288209606987
202802,modeshape,438,1342098566,1342101630,1342101630,51,51,2,1,0,4,80,150512,8,38,5,622.2958966726906,hchiorean,94,0.8085106382978723
202560,modeshape,437,1342091831,1342095374,1342095374,59,59,2,2,0,4,79,150511,7,67,4,621.9611855611881,hchiorean,93,0.8064516129032258
7119,modeshape,434,1341953240,1342025198,1342025198,1199,1199,2,1,0,46,78,131676,2189,187,89,495.83826969227493,rhauch,228,0.8640350877192983
6627,modeshape,436,1342014074,1342019749,1342019749,94,94,2,1,0,1,78,150506,5,0,1,621.9818478997515,hchiorean,92,0.8043478260869565
6629,modeshape,435,1342013977,1342017797,1342017797,63,63,2,1,0,13,78,131674,235,597,21,497.5925391497182,hchiorean,91,0.8021978021978022
198756,modeshape,433,1341919860,1341922007,1341922007,35,35,2,1,0,6,78,131674,2,163,24,496.9545999969622,hchiorean,90,0.8
196712,modeshape,432,1341833505,1341834615,1341834616,18,18,2,1,0,14,78,131649,133,22,37,496.9957994363801,hchiorean,89,0.797752808988764
190168,modeshape,431,1341483026,1341490604,1341490604,126,126,2,2,0,24,77,131566,371,129,77,496.8988948512534,hchiorean,88,0.7954545454545454
186665,modeshape,430,1341307096,1341315467,1341315467,139,139,2,4,0,125,75,131027,2381,2323,176,506.42997244842667,hchiorean,87,0.7931034482758621
180415,modeshape,429,1340904603,1340907542,1340907542,48,48,2,2,0,7,78,131027,2,0,33,506.42997244842667,rhauch,227,0.8634361233480177
176395,modeshape,428,1340731388,1340734066,1340734067,44,44,2,2,0,6,79,131027,2,116,14,505.7659871629512,rhauch,226,0.8628318584070797
176312,modeshape,427,1340728068,1340731305,1340731305,53,53,2,2,0,10,79,131026,84,259,30,504.57161174118113,rhauch,225,0.8622222222222222
175758,modeshape,426,1340709276,1340717500,1340717500,137,137,2,2,0,36,78,131054,71,366,90,503.738916782395,hchiorean,86,0.7906976744186046
174158,modeshape,425,1340632578,1340633158,1340633158,9,9,2,1,0,16,78,130957,317,0,29,504.11203677543017,rhauch,224,0.8616071428571429
170913,modeshape,424,1340381100,1340381607,1340381607,8,8,2,1,0,1,77,130957,2,0,1,504.11203677543017,rhauch,223,0.8609865470852018
170892,modeshape,423,1340380372,1340380924,1340380924,9,9,2,1,0,11,77,130957,20,67,20,504.0738563039776,rhauch,222,0.8603603603603603
170774,modeshape,422,1340376556,1340377553,1340377554,16,16,2,1,0,5,77,130941,21,190,24,503.9521616605952,rhauch,221,0.8597285067873304
170577,modeshape,421,1340369080,1340375326,1340375326,104,104,2,2,0,11,77,130943,11,25,40,503.9215536531162,hchiorean,85,0.788235294117647
169626,modeshape,420,1340312796,1340313496,1340313496,11,11,2,2,0,6,76,130943,61,46,22,503.8910060102487,rhauch,220,0.8590909090909091
169484,modeshape,419,1340306502,1340306582,1340306582,1,1,2,1,0,3,76,130942,42,0,12,503.89485421026103,rhauch,219,0.8584474885844748
169229,modeshape,418,1340297049,1340298932,1340298933,31,31,2,1,0,19,76,130760,361,0,41,504.59620679106763,rhauch,218,0.8577981651376146
168876,modeshape,417,1340285196,,1340294471,154,,2,1,0,0,77,131047,0,0,0,503.8421329751921,hchiorean,84,0.7976190476190477
168572,modeshape,416,1340273349,1340292739,1340292740,323,323,2,6,0,86,77,131047,1512,1001,121,503.8421329751921,hchiorean,83,0.7951807228915663
166943,modeshape,415,1340197029,1340200019,1340200019,49,49,3,1,0,31,76,130987,266,117,34,504.0271171948362,rhauch,217,0.8571428571428571
327625,modeshape,414,1340139802,1340140334,1340140334,8,8,3,1,0,4,75,130987,0,12,17,503.99657981326396,rhauch,216,0.8564814814814815
476801,modeshape,413,1340134431,1340135697,1340135697,21,21,3,1,0,27,75,130979,36,37,61,503.9357454248391,rhauch,215,0.8558139534883721
327470,modeshape,412,1340121226,1340122768,1340122768,25,25,3,1,0,23,75,130978,175,68,56,503.9701323886454,rhauch,214,0.8551401869158879
327073,modeshape,411,1340036111,1340117310,1340117310,1353,1353,3,3,0,32,75,130939,163,36,52,504.08205347528235,rhauch,213,0.8544600938967136
327018,modeshape,410,1340029465,,1340031229,29,,3,3,0,0,75,130931,0,0,0,503.8837250154662,rhauch,212,0.8584905660377359
326195,modeshape,409,1339766907,1340029809,1340029809,4381,4381,3,1,0,4,75,130931,0,10,7,503.8837250154662,rhauch,211,0.8578199052132701
325663,modeshape,408,1339673895,1339764434,1339764434,1508,1508,3,7,0,70,75,130864,1417,1706,61,505.8839711456168,hchiorean,82,0.7926829268292683
324434,modeshape,407,1339467339,1339468059,1339468059,12,12,3,7,0,12,83,130861,41,1013,45,511.37466472058134,rhauch,210,0.8571428571428571
324242,modeshape,406,1339435423,1339435869,1339435870,7,7,3,1,0,2,84,130851,14,0,4,511.4137454050791,rhauch,209,0.8564593301435407
322429,modeshape,403,1339059058,1339187699,1339187699,2144,2144,3,1,0,3,81,150500,6,0,3,622.0066445182724,hchiorean,80,0.8
322995,modeshape,404,1339136162,,1339186158,833,,3,1,0,0,82,130820,0,0,0,509.6315548081333,hchiorean,81,0.8024691358024691
323086,modeshape,405,1339152029,1339177387,1339177387,422,422,3,1,0,321,81,130820,132,312,343,509.6315548081333,rhauch,208,0.8557692307692307
321922,modeshape,401,1338963883,1338964736,1338964736,14,14,3,1,0,1,81,150500,0,0,1,622.0066445182724,hchiorean,78,0.7948717948717948
321925,modeshape,402,1338963965,1338964627,1338964627,11,11,3,1,0,0,81,149828,0,0,0,624.0555837360173,hchiorean,79,0.7974683544303798
321522,modeshape,399,1338883337,1338906105,1338906105,379,379,3,1,0,3,80,150497,5,9,3,621.9924649660791,hchiorean,77,0.7922077922077922
321331,modeshape,398,1338836495,,1338904515,1133,,3,3,0,8,84,130307,180,27,0,510.01097408427785,rhauch,206,0.8592233009708737
321607,modeshape,400,1338899323,1338901400,1338901400,34,34,3,3,0,5,81,130307,57,0,7,510.01097408427785,rhauch,207,0.855072463768116
319530,modeshape,395,1338401515,,1338899567,8300,,3,3,0,0,83,130265,0,0,0,509.5382489540552,rhauch,203,0.8620689655172413
319904,modeshape,397,1338472459,1338488802,1338488802,272,272,3,1,0,11,85,130276,60,142,22,510.00184224262335,rhauch,205,0.8585365853658536
319543,modeshape,396,1338404478,1338405233,1338405233,12,12,3,1,0,6,83,130265,96,90,11,509.5382489540552,rhauch,204,0.8578431372549019
313467,modeshape,380,1337187383,,1338401883,20241,,4,1,0,0,84,149928,0,0,0,624.5531188303719,rhauch,194,0.865979381443299
319144,modeshape,394,1338320468,1338385538,1338385538,1084,1084,3,3,0,28,83,130123,387,2,48,510.09429539743167,rhauch,202,0.8613861386138614
318914,modeshape,393,1338289656,1338296253,1338296253,109,109,3,2,0,97,82,129886,1242,20,156,511.20983015875464,hchiorean,76,0.7894736842105263
317698,modeshape,392,1337945248,1337970768,1337970769,425,425,3,1,0,2,79,129886,0,0,2,511.20983015875464,hchiorean,75,0.7866666666666666
317390,modeshape,391,1337883103,,1337883251,2,,3,1,0,0,80,129886,0,0,0,511.3022188688542,rhauch,201,0.8656716417910447
317384,modeshape,390,1337882514,1337882817,1337882817,5,5,3,1,0,1,80,150486,4,0,1,622.0379304387119,rhauch,200,0.865
317380,modeshape,389,1337881998,1337882406,1337882406,6,6,3,1,0,1,80,129886,4,0,1,511.3022188688542,rhauch,199,0.864321608040201
316884,modeshape,388,1337803255,1337803546,1337803546,4,4,4,1,0,36,80,129853,578,174,108,511.33204469669545,rhauch,198,0.8636363636363636
316309,modeshape,384,1337722922,1337792143,1337792144,1153,1153,4,3,0,13,82,129718,383,46,38,511.94128802479224,rhauch,196,0.8622448979591837
316728,modeshape,387,1337787836,1337791510,1337791510,61,61,4,1,0,68,81,149928,2162,553,73,624.5531188303719,rhauch,197,0.8629441624365483
316596,modeshape,386,1337775527,,1337783116,126,,4,1,0,0,82,129680,0,0,0,514.2890191239975,hchiorean,74,0.7972972972972973
316477,modeshape,385,1337757580,1337780096,1337780097,375,375,4,1,0,10,82,129680,84,20,46,514.2890191239975,hchiorean,73,0.7945205479452054
315978,modeshape,383,1337685621,1337721986,1337721986,606,606,4,2,0,18,81,129562,497,208,56,514.2402865037589,hchiorean,72,0.7916666666666666
314071,modeshape,382,1337281805,1337282424,1337282424,10,10,4,1,0,56,83,129013,2035,512,88,515.3899219458505,rhauch,195,0.8615384615384616
313754,modeshape,381,1337241425,1337279717,1337279717,638,638,4,1,0,4,83,128978,116,27,27,515.6228193955559,hchiorean,71,0.7887323943661971
313314,modeshape,379,1337170788,1337183300,1337183300,208,208,4,2,0,9,83,149868,115,47,9,624.5629487282141,hchiorean,70,0.7857142857142857
312253,modeshape,378,1337011195,1337173336,1337173336,2702,2702,4,4,0,61,83,128571,944,201,71,516.8506117242613,hchiorean,69,0.782608695652174
310117,modeshape,376,1336585175,1336586170,1336586170,16,16,4,2,0,22,90,128513,147,10,41,517.0216242714745,rhauch,193,0.8652849740932642
310055,modeshape,375,1336579881,1336580583,1336580583,11,11,4,1,0,1,90,128513,0,0,7,517.0216242714745,rhauch,192,0.8645833333333334
310003,modeshape,374,1336573183,1336574122,1336574122,15,15,4,4,0,48,89,127676,2846,146,80,520.1369090510353,rhauch,191,0.8638743455497382
307836,modeshape,373,1336137542,1336140081,1336140081,42,42,4,1,0,7,89,127668,116,208,13,519.9736817370053,hchiorean,68,0.7794117647058824
307208,modeshape,372,1336047586,1336139554,1336139554,1532,1532,4,1,0,2,88,149868,0,78,3,624.1625964181812,hchiorean,67,0.7761194029850746
307045,modeshape,371,1336022531,1336135912,1336135912,1889,1889,4,1,0,1,88,127668,0,2,4,519.9893473697402,hchiorean,66,0.7727272727272727
306629,modeshape,370,1335962891,1335965440,1335965440,42,42,4,1,0,1,87,127668,4,0,1,519.9893473697402,hchiorean,65,0.7692307692307693
306628,modeshape,369,1335962860,1335963401,1335963401,9,9,4,1,0,1,87,149868,4,0,1,624.1625964181812,hchiorean,64,0.765625
306582,modeshape,368,1335957378,1335960443,1335960443,51,51,4,1,0,18,87,127656,28,359,34,520.0068935263521,hchiorean,63,0.7619047619047619
306128,modeshape,367,1335880843,1335881888,1335881888,17,17,4,1,0,1,89,127660,6,0,2,519.9906000313332,rhauch,190,0.8631578947368421
305525,modeshape,364,1335787372,1335880658,1335880658,1554,1554,4,2,0,25,86,127425,483,306,37,520.1098685501275,hchiorean,62,0.7580645161290323
305786,modeshape,366,1335813940,1335814049,1335814049,1,1,4,1,0,1,89,127478,6,0,1,519.8465617596761,rhauch,189,0.8624338624338624
305683,modeshape,365,1335802901,1335805488,1335805488,43,43,4,8,0,35,89,127425,504,191,78,520.1098685501275,rhauch,188,0.8617021276595744
304373,modeshape,363,1335504590,1335540781,1335540781,603,603,4,1,0,8,80,127427,16,0,11,520.1017052900877,hchiorean,61,0.7540983606557377
303994,modeshape,362,1335443531,1335445265,1335445265,28,28,4,2,0,15,82,149829,18,89,15,624.0580928925642,hchiorean,60,0.75
303839,modeshape,361,1335419665,1335442604,1335442604,382,382,4,1,0,5,83,149847,58,0,5,624.2500684031045,hchiorean,59,0.7457627118644068
303379,modeshape,360,1335352858,,1335362553,161,,4,1,0,0,84,127371,0,0,0,520.2283094267925,hchiorean,58,0.7586206896551724
302811,modeshape,359,1335268071,1335362119,1335362119,1567,1567,4,1,0,6,84,127371,50,8,17,520.2283094267925,hchiorean,57,0.7543859649122807
302717,modeshape,358,1335254839,1335361642,1335361642,1780,1780,4,2,0,13,83,149829,30,172,15,624.0580928925642,hchiorean,56,0.75
298016,modeshape,356,1334331945,1335204097,1335204097,14535,14535,4,1,0,86,84,124399,9051,492,121,532.2229278370405,rhauch,187,0.8609625668449198
301287,modeshape,357,1334925820,1335188457,1335188457,4377,4377,4,22,0,128,83,124014,1738,1868,64,530.0772493428161,hchiorean,55,0.7454545454545455
292708,modeshape,355,1333431957,1333541522,1333541522,1826,1826,4,2,0,2,80,149829,0,0,3,624.0580928925642,hchiorean,54,0.7407407407407407
291263,modeshape,354,1333115179,1333115317,1333115317,2,2,4,1,0,2,81,149829,35,54,2,624.0580928925642,rhauch,186,0.8602150537634409
291126,modeshape,353,1333100118,1333105257,1333105257,85,85,4,1,0,0,82,149829,0,0,0,623.9579787624558,hchiorean,53,0.7358490566037735
290002,modeshape,351,1332933235,,1333010705,1291,,4,4,0,4,83,123999,0,0,0,530.1413721078396,hchiorean,52,0.75
290145,modeshape,352,1332949875,1333008479,1333008479,976,976,4,1,0,41,81,123999,338,28,45,530.1413721078396,rhauch,185,0.8594594594594595
289473,modeshape,350,1332856390,,1332943375,1449,,4,1,0,0,83,123999,0,0,0,530.1413721078396,rhauch,184,0.8641304347826086
288765,modeshape,349,1332762063,1332762454,1332762454,6,6,4,1,0,1,83,149829,0,0,1,623.9579787624558,hchiorean,51,0.7450980392156863
288764,modeshape,348,1332761965,1332762374,1332762374,6,6,4,1,0,1,83,123999,0,0,1,530.1413721078396,hchiorean,50,0.74
287780,modeshape,347,1332529305,1332536586,1332536586,121,121,4,1,0,1,81,123999,0,0,6,530.1413721078396,tejones,19,0.5263157894736842
287501,modeshape,346,1332498412,1332514398,1332514399,266,266,4,2,0,4,80,123999,0,67,6,529.8026596988685,hchiorean,49,0.7346938775510204
287212,modeshape,345,1332443174,1332452045,1332452045,147,147,4,2,0,47,81,123849,1141,216,126,530.113283110885,rhauch,183,0.8633879781420765
287048,modeshape,343,1332423843,1332442084,1332442084,304,304,4,2,0,26,80,123713,354,252,39,530.0008891547373,hchiorean,48,0.7291666666666666
287102,modeshape,344,1332430184,1332441672,1332441672,191,191,4,1,0,2,80,123713,0,0,2,530.0008891547373,tejones,18,0.5
286710,modeshape,342,1332368543,1332368604,1332368604,1,1,4,1,0,1,79,123713,0,0,4,530.0008891547373,tejones,17,0.47058823529411764
286545,modeshape,341,1332360203,1332362771,1332362771,42,42,4,2,0,2,78,123713,0,0,2,530.0008891547373,tejones,16,0.4375
286510,modeshape,340,1332358393,1332358796,1332358796,6,6,4,1,0,5,78,123711,59,26,9,529.863957125882,rhauch,182,0.8626373626373627
286389,modeshape,339,1332352169,1332352212,1332352212,0,0,4,1,0,2,77,123711,0,0,2,529.863957125882,rhauch,181,0.861878453038674
285203,modeshape,337,1332266383,,1332351763,1423,,3,1,0,0,77,123631,0,0,0,530.101673528484,tejones,15,0.4666666666666667
286343,modeshape,338,1332350098,1332351725,1332351725,27,27,4,3,0,37,77,123686,45,446,68,529.8659508756044,rhauch,180,0.8611111111111112
285167,modeshape,336,1332265437,1332266451,1332266451,16,16,3,1,0,1,77,123631,0,0,2,530.101673528484,tejones,14,0.42857142857142855
55203,modeshape,335,1332162045,1332165652,1332165652,60,60,3,1,0,8,79,149859,244,41,11,623.626208636118,hchiorean,47,0.723404255319149
54085,modeshape,334,1332092486,1332164179,1332164179,1194,1194,3,1,0,17,78,123631,0,2,31,530.117850700876,tejones,13,0.38461538461538464
52217,modeshape,333,1331930218,1331931207,1331931207,16,16,3,4,0,10,79,123606,255,2,17,530.2250699804216,rhauch,179,0.8603351955307262
51596,modeshape,332,1331908042,1331912749,1331912749,78,78,3,1,0,4,79,149847,22,41,5,623.5693740949101,hchiorean,46,0.717391304347826
48379,modeshape,331,1331746139,1331748201,1331748201,34,34,3,1,0,1,81,148664,0,0,1,612.9997847495023,johnathonlee,2,1.0
48183,modeshape,330,1331739529,1331742346,1331742346,46,46,3,1,0,69,82,148664,0,0,69,612.9997847495023,johnathonlee,1,1.0
476667,modeshape,328,1331579076,1331580315,1331580315,20,20,3,2,0,0,83,149845,0,0,0,623.2907337582169,rhauch,177,0.8587570621468926
476666,modeshape,329,1331579093,1331579471,1331579471,6,6,3,1,0,3,83,123604,4,57,6,529.8534028024983,rhauch,178,0.8595505617977528
476669,modeshape,327,1331571060,1331571372,1331571372,5,5,3,1,0,3,82,123604,17,2,9,529.8614931555613,rhauch,176,0.8579545454545454
476670,modeshape,326,1331567626,1331568148,1331568148,8,8,3,1,0,94,82,120501,6585,839,132,541.7714375814309,rhauch,175,0.8571428571428571
476671,modeshape,325,1331562264,1331564107,1331564107,30,30,3,2,0,24,82,120142,1238,1020,55,541.3510679029815,hchiorean,45,0.7111111111111111
476672,modeshape,324,1331556375,1331556676,1331556676,5,5,3,1,0,0,83,149845,0,0,0,623.2907337582169,rhauch,174,0.8563218390804598
476673,modeshape,323,1331556227,,1331556322,1,,3,4,0,0,83,149845,0,0,0,623.2907337582169,rhauch,173,0.861271676300578
476675,modeshape,322,1331223255,,1331302811,1325,,3,2,0,3,78,119853,78,0,0,542.973475841239,tejones,12,0.4166666666666667
41451,modeshape,315,1330027981,,1331218700,19845,,2,2,0,3,87,119049,78,0,0,533.5114112676292,tejones,11,0.45454545454545453
476676,modeshape,321,1331120461,1331217821,1331217821,1622,1622,3,2,0,0,77,149845,0,0,0,623.2907337582169,hchiorean,44,0.7045454545454546
476677,modeshape,320,1331055361,1331059019,1331059019,60,60,3,1,0,0,80,149813,0,0,0,623.3037186358994,rhauch,172,0.8604651162790697
476680,modeshape,319,1330701222,1331053934,1331053934,5878,5878,3,5,0,37,78,119070,1770,2484,32,533.4173175443017,hchiorean,43,0.6976744186046512
42810,modeshape,318,1330111194,1330119390,1330119390,136,136,3,1,0,2,85,119049,194,0,4,533.5114112676292,rhauch,171,0.8596491228070176
42809,modeshape,317,1330111089,,1330118497,123,,3,1,0,0,85,149794,0,0,0,622.6150580130045,rhauch,170,0.8647058823529412
42492,modeshape,316,1330096126,1330115383,1330115383,320,320,3,2,0,3,84,149794,0,163,4,622.6150580130045,hchiorean,42,0.6904761904761905
40854,modeshape,314,1330004409,,1330070877,1107,,2,2,0,1,88,149769,14,0,0,622.3918167310992,hchiorean,41,0.7073170731707317
37754,modeshape,313,1329826518,1330000369,1330000369,2897,2897,2,1,0,4,88,149769,8,89,5,621.9578150351541,hchiorean,40,0.7
18293,modeshape,310,1329479107,,1329578180,1651,,2,1,0,0,91,149769,0,0,0,620.9963343549065,hchiorean,38,0.7105263157894737
18264,modeshape,311,1329486211,1329575573,1329575573,1489,1489,2,1,0,3,90,149769,0,77,3,620.9963343549065,hchiorean,39,0.6923076923076923
34273,modeshape,312,1329514903,1329515256,1329515256,5,5,2,3,0,452,89,119048,65,2,1216,533.5158927491433,rhauch,169,0.863905325443787
33563,modeshape,309,1329474384,1329474815,1329474815,7,7,2,1,0,1,91,119048,0,0,2,533.5158927491433,hchiorean,37,0.7027027027027027
32377,modeshape,307,1329397554,1329471571,1329471571,1233,1233,2,7,0,497,90,119048,0,127,472,533.2218936899402,hchiorean,36,0.6944444444444444
32975,modeshape,308,1329425238,1329425335,1329425335,1,1,2,1,0,1,90,149769,0,0,1,620.9963343549065,rhauch,168,0.8630952380952381
31761,modeshape,306,1329342542,1329342726,1329342726,3,3,2,1,0,6,90,118973,132,0,20,533.5580341758214,rhauch,167,0.8622754491017964
31683,modeshape,305,1329337631,1329337932,1329337932,5,5,2,1,0,25,90,118979,168,43,57,533.5227224972474,rhauch,166,0.8614457831325302
30862,modeshape,303,1329256975,1329258837,1329258837,31,31,2,1,0,9,89,149740,87,250,12,620.061439829037,rhauch,164,0.8597560975609756
30864,modeshape,304,1329257018,1329257465,1329257465,7,7,2,1,0,6,89,118944,62,316,12,531.9478073715361,rhauch,165,0.8606060606060606
274827,modeshape,301,1329237074,1329242833,1329242833,95,95,2,1,0,3,89,149695,62,0,4,620.2478372691138,rhauch,162,0.8580246913580247
274829,modeshape,302,1329237141,1329237613,1329237613,7,7,2,1,0,3,89,118927,62,0,7,532.023846561336,rhauch,163,0.8588957055214724
274254,modeshape,299,1329143692,,1329234696,1516,,2,2,0,3,90,148863,4,26,0,616.5131698272909,hchiorean,34,0.7058823529411765
274783,modeshape,300,1329224071,1329233198,1329233198,152,152,2,1,0,4,90,148863,4,116,4,616.5131698272909,hchiorean,35,0.6857142857142857
273470,modeshape,297,1328917462,1329230852,1329230852,5223,5223,2,3,0,43,88,148863,1603,1528,44,616.5131698272909,rhauch,160,0.85625
273474,modeshape,298,1328918217,1328918393,1328918393,2,2,2,1,0,1,88,118927,0,10,2,531.9565784052403,rhauch,161,0.8571428571428571
272690,modeshape,296,1328799205,1328799643,1328799643,7,7,2,2,0,105,90,116564,3814,654,128,539.2745616142205,hchiorean,33,0.696969696969697
272008,modeshape,295,1328695174,,1328734550,656,,3,1,0,0,98,116706,0,0,0,543.6138673247304,hchiorean,32,0.71875
272326,modeshape,294,1328277329,1328732784,1328732785,7590,7590,4,1,0,34,98,116706,2097,118,53,543.6138673247304,hchiorean,31,0.7096774193548387
272319,modeshape,292,1328018750,1328732438,1328732438,11894,11894,4,1,0,29,98,116671,837,584,40,543.8969409707639,hchiorean,29,0.7241379310344828
476802,modeshape,293,1328277312,,1328277353,0,,4,106,0,3463,98,148863,100318,34724,2855,616.5131698272909,hchiorean,30,0.7333333333333333
269564,modeshape,291,1327956621,1328171246,1328171246,3577,3577,4,1,0,6,98,116671,1828,125,40,543.8969409707639,tejones,10,0.4
268264,modeshape,290,1327674068,1327680314,1327680314,104,104,4,1,0,57,98,116469,1846,1005,95,544.3336853583357,rhauch,159,0.8553459119496856
268216,modeshape,289,1327669296,1327673669,1327673669,72,72,4,1,0,3,98,116450,24,7,7,544.3709746672391,hchiorean,28,0.7142857142857143
268160,modeshape,288,1327660238,1327673396,1327673396,219,219,4,1,0,3,98,148844,23,21,4,616.5515573351967,hchiorean,27,0.7037037037037037
267877,modeshape,287,1327610740,1327626622,1327626622,264,264,4,1,0,1,98,116450,0,0,7,544.3709746672391,tejones,9,0.3333333333333333
267742,modeshape,286,1327602914,1327603108,1327603108,3,3,4,1,0,8,98,116450,0,0,17,544.3709746672391,rhauch,158,0.8544303797468354
267661,modeshape,285,1327566616,1327594519,1327594519,465,465,4,2,0,10,97,116451,3,26,19,544.2460777494397,hchiorean,26,0.6923076923076923
267656,modeshape,284,1327564875,1327593937,1327593937,484,484,4,1,0,3,97,148845,3,26,3,616.4533575195674,hchiorean,25,0.68
476812,modeshape,283,1327524201,1327527607,1327527607,56,56,4,1,0,892,97,226001,4289,1042,3159,563.0771545258649,rhauch,157,0.8535031847133758
476813,modeshape,282,1327508751,1327523046,1327523046,238,238,4,3,0,20,97,225862,1191,41,34,563.3041414669134,tejones,8,0.25
476814,modeshape,281,1327508384,,1327508837,7,,4,92,0,2443,97,148845,90150,32401,486,616.4533575195674,tejones,7,0.2857142857142857
476834,modeshape,263,1325771562,1327444686,1327444686,27885,27885,4,1,0,313,93,203123,21373,0,433,563.3975472989272,rhauch,148,0.8513513513513513
476815,modeshape,280,1327443464,1327444175,1327444175,11,11,4,1,0,3,97,203121,210,0,3,563.4030947070959,rhauch,156,0.8525641025641025
476816,modeshape,279,1327434055,1327434283,1327434283,3,3,4,1,0,9,97,203000,372,172,26,563.3497536945813,rhauch,155,0.8516129032258064
476817,modeshape,278,1327414521,1327432410,1327432410,298,298,4,1,0,41,97,202080,1388,147,47,565.4493269992082,hchiorean,24,0.6666666666666666
476818,modeshape,277,1327087775,1327088173,1327088173,6,6,4,1,0,26,96,201509,4140,471,37,566.6148906500455,rhauch,154,0.8506493506493507
476819,modeshape,276,1327067593,1327073378,1327073378,96,96,4,2,0,37,96,201244,1073,484,56,566.0591123213611,hchiorean,23,0.6521739130434783
476820,modeshape,275,1326963198,1327015248,1327015248,867,867,4,2,0,0,96,148843,0,0,0,616.1458718246743,hchiorean,22,0.6363636363636364
476821,modeshape,274,1326913559,1326914212,1326914212,10,10,4,1,0,2,96,201254,76,0,2,566.0309857195384,rhauch,153,0.8496732026143791
476823,modeshape,272,1326877566,1326911835,1326911835,571,571,4,4,0,245,96,200546,2327,1602,265,562.658941090822,hchiorean,21,0.6190476190476191
476822,modeshape,273,1326910724,1326911104,1326911104,6,6,4,1,0,0,96,148819,0,0,0,616.2452375032758,rhauch,152,0.8486842105263158
476824,modeshape,271,1326835284,1326835788,1326835788,8,8,4,1,0,0,96,148819,0,0,0,615.5732802935108,rhauch,151,0.847682119205298
476825,modeshape,270,1326825485,1326827143,1326827143,27,27,4,1,0,58,96,200304,1420,14,72,562.8394839843438,rhauch,150,0.8466666666666667
476826,modeshape,269,1326707050,1326722692,1326722692,260,260,4,2,0,16,93,200187,282,164,31,562.8237597846014,hchiorean,20,0.6
476828,modeshape,268,1326377940,1326432900,1326432900,916,916,4,2,0,54,95,199155,2177,917,66,564.0380608069092,hchiorean,19,0.5789473684210527
476829,modeshape,267,1326227741,,1326284975,953,,4,1,0,0,94,148855,0,0,0,616.3178932518223,rhauch,149,0.8523489932885906
476830,modeshape,266,1326203842,1326234509,1326234509,511,511,4,2,0,0,94,148855,0,0,0,616.3178932518223,hchiorean,18,0.5555555555555556
476831,modeshape,265,1326141260,1326229501,1326229501,1470,1470,4,2,0,21,94,199095,219,826,30,561.8875411235842,tejones,6,0.16666666666666666
476832,modeshape,264,1325840065,1325872507,1325872507,540,540,4,4,0,96,92,199308,4305,2387,133,561.1766712826379,hchiorean,17,0.5294117647058824
476836,modeshape,261,1324650666,,1325617329,16111,,4,4,0,0,92,199259,0,0,0,559.8341856578623,hchiorean,16,0.5625
476835,modeshape,262,1325616749,1325616823,1325616823,1,1,4,1,0,0,92,148855,0,0,0,615.7334318632226,rhauch,147,0.8503401360544217
476838,modeshape,260,1324650514,,1324650572,0,,4,57,0,1205,92,148855,46110,21857,220,615.7334318632226,hchiorean,15,0.6
476840,modeshape,259,1324586985,1324587192,1324587192,3,3,4,1,0,13,92,199170,212,17,35,560.0793292162475,rhauch,146,0.8493150684931506
476841,modeshape,258,1324581691,1324581834,1324581834,2,2,4,1,0,4,92,199118,133,3,16,560.2306170210629,rhauch,145,0.8482758620689655
476842,modeshape,257,1324502867,1324504990,1324504990,35,35,4,1,0,0,93,148845,0,0,0,615.4993449561624,rhauch,144,0.8472222222222222
476844,modeshape,256,1324497600,,1324498300,11,,4,1,0,0,93,199015,0,0,0,547.3406527146195,rhauch,143,0.8531468531468531
476847,modeshape,254,1324397535,1324479453,1324479453,1365,1365,4,1,0,2,93,199044,9,48,5,546.8338658789012,rhauch,142,0.852112676056338
476845,modeshape,255,1324457680,1324458342,1324458342,11,11,4,4,0,32,93,199044,820,645,61,546.8338658789012,hchiorean,14,0.5714285714285714
476848,modeshape,253,1324378161,,1324457249,1318,,4,9,0,39,93,199035,843,645,67,546.858592709825,hchiorean,13,0.6153846153846154
476851,modeshape,251,1324303870,1324398084,1324398084,1570,1570,4,1,0,5,93,199044,0,0,9,546.8338658789012,tejones,5,0.0
476850,modeshape,252,1324321739,1324324858,1324324858,51,51,4,1,0,69,93,148632,0,0,69,613.0106571936057,johnathonlee,0,0
476852,modeshape,250,1324264219,,1324303436,653,,4,43,0,1084,92,148845,44514,16994,150,615.4993449561624,tejones,4,0.0
476853,modeshape,249,1324131265,1324133658,1324133658,39,39,4,1,0,0,92,148836,0,0,0,615.5365637345803,rhauch,141,0.851063829787234
476856,modeshape,246,1324062147,,1324076900,245,,4,1,0,0,93,198304,0,0,0,548.8744553816363,tejones,3,0.0
476854,modeshape,248,1324074564,,1324074742,2,,4,1,0,0,92,148797,0,0,0,615.6978971350229,rhauch,140,0.8571428571428571
476855,modeshape,247,1324069045,1324072198,1324072198,52,52,4,1,0,0,94,148800,0,0,0,615.6854838709678,rhauch,139,0.8561151079136691
476857,modeshape,245,1324044128,,1324046289,36,,4,1,0,0,93,148791,0,0,0,615.7227251648285,rhauch,138,0.8623188405797102
476858,modeshape,244,1324022163,1324042220,1324042220,334,334,4,1,0,0,93,148798,0,0,0,615.2636460167475,hchiorean,12,0.5833333333333334
476861,modeshape,242,1323728789,1323982325,1323982325,4225,4225,5,2,0,109,92,197153,3945,6649,178,527.8489295115976,rhauch,137,0.8613138686131386
476860,modeshape,243,1323871784,1323921928,1323921928,835,835,5,1,0,19,92,197122,280,324,34,527.9978896318016,hchiorean,11,0.5454545454545454
476862,modeshape,241,1323446844,,1323452056,86,,6,1,0,0,92,148785,0,0,0,615.31740430823,rhauch,136,0.8676470588235294
476864,modeshape,240,1323373367,1323375156,1323375156,29,29,6,1,0,15,93,196946,818,139,36,528.099072842302,rhauch,135,0.8666666666666667
476866,modeshape,239,1323117909,1323120536,1323120536,43,43,7,1,0,0,92,148796,0,0,0,615.2853571332563,rhauch,134,0.8656716417910447
476867,modeshape,238,1323116989,1323117612,1323117612,10,10,7,1,0,13,92,196852,152,260,25,527.5333753276573,rhauch,133,0.8646616541353384
476868,modeshape,237,1323114852,1323115002,1323115002,2,2,7,1,0,0,92,148678,0,0,0,614.6773564347112,rhauch,132,0.8636363636363636
476869,modeshape,236,1323111161,1323111282,1323111282,2,2,7,1,0,0,91,148682,0,0,0,614.660819736081,rhauch,131,0.8625954198473282
476870,modeshape,235,1323108771,,1323109186,6,,7,1,0,0,91,195441,0,0,0,529.6176339662609,rhauch,130,0.8692307692307693
476871,modeshape,234,1322831580,1322838951,1322838951,122,122,7,1,0,0,91,148682,0,0,0,614.5397559892925,hchiorean,10,0.5
476872,modeshape,233,1322666005,,1322757694,1528,,7,1,0,0,91,195415,0,0,0,529.2428933295806,hchiorean,9,0.5555555555555556
476873,modeshape,232,1322653952,1322753088,1322753089,1652,1652,7,2,0,0,90,148665,0,0,0,614.4216863417752,hchiorean,8,0.5
476874,modeshape,231,1322585674,,1322587216,25,,7,1,0,0,90,148635,0,0,0,614.545699196017,rhauch,129,0.875968992248062
476881,modeshape,226,1322055009,,1322586684,8861,,9,17,0,0,84,195381,0,0,0,529.334991631735,hchiorean,6,0.5
476875,modeshape,230,1322580535,,1322585603,84,,7,1,0,0,91,148631,0,0,0,614.5622380257147,rhauch,128,0.8828125
476876,modeshape,229,1322562737,1322571096,1322571096,139,139,7,1,0,0,92,148631,0,0,0,614.5622380257147,hchiorean,7,0.42857142857142855
476877,modeshape,228,1322081351,1322081500,1322081500,2,2,9,2,0,23,85,195237,587,794,49,527.4819834355169,rhauch,127,0.8818897637795275
476878,modeshape,227,1322081164,,1322081294,2,,9,20,0,814,85,148631,32009,8442,274,614.5622380257147,rhauch,126,0.8888888888888888
476884,modeshape,225,1321988371,1321994774,1321994774,106,106,9,1,0,0,84,148459,0,0,0,614.607400022902,rhauch,125,0.888
476885,modeshape,224,1321903820,1321903952,1321903952,2,2,9,1,0,7,81,194759,550,101,13,528.0885607340355,rhauch,124,0.8870967741935484
476886,modeshape,223,1321892112,1321897377,1321897377,87,87,9,3,0,130,81,193569,3455,4829,170,506.11409884847257,rhauch,123,0.8861788617886179
476888,modeshape,222,1321448073,,1321457549,157,,9,2,0,0,79,148708,0,0,0,613.578287650967,hchiorean,5,0.6
476889,modeshape,221,1321367161,,1321449950,1379,,9,2,0,0,80,148704,0,0,0,613.5342694211319,hchiorean,4,0.75
476890,modeshape,220,1321274225,1321296801,1321296801,376,376,8,1,0,0,79,148704,0,0,0,613.5342694211319,hchiorean,3,0.6666666666666666
476891,modeshape,219,1321188817,,1321189665,14,,8,2,0,106,78,190270,7759,1758,107,509.1606664214011,rhauch,122,0.8934426229508197
476893,modeshape,218,1321188652,,1321188710,0,,8,10,0,590,78,148704,26408,2561,207,613.5342694211319,rhauch,121,0.9008264462809917
476894,modeshape,217,1321037919,1321046245,1321046245,138,138,8,1,0,0,77,148683,0,0,0,612.7196787796858,rhauch,120,0.9
476895,modeshape,216,1320847385,1320950050,1320950050,1711,1711,8,1,0,5,72,190261,231,0,8,508.46468798124675,hchiorean,2,0.5
476896,modeshape,215,1320847183,1320931044,1320931044,1397,1397,8,1,0,0,72,148693,0,0,0,612.6784717505195,hchiorean,1,0.0
476897,modeshape,214,1320761939,,1320775118,219,,8,4,0,0,70,148689,0,0,0,612.9370699917278,hchiorean,0,0
476900,modeshape,213,1320696219,1320765485,1320765486,1154,1154,6,1,0,0,63,148689,0,0,0,612.9370699917278,vhalbert,23,0.5652173913043478
476901,modeshape,212,1320233889,,1320255648,362,,7,1,0,448,60,148689,18258,77,69,612.9370699917278,rhauch,119,0.907563025210084
476905,modeshape,172,1313702831,,1319729156,100438,,6,1,0,0,65,148175,0,0,0,612.8564197739161,f4tq,0,0
476934,modeshape,146,1310235919,,1319729117,158219,,4,1,0,0,63,148797,0,0,0,602.9624253177147,bcarothers,40,0.775
476684,modeshape,207,1318850609,,1319729069,14641,,7,1,0,0,80,148632,0,0,0,613.0375692986706,rhauch,115,0.9217391304347826
476903,modeshape,211,1319726830,,1319728995,36,,7,1,0,0,100,148656,0,0,0,612.938596491228,rhauch,118,0.9152542372881356
476681,modeshape,210,1319722449,1319724638,1319724638,36,36,7,1,0,8,100,148642,37,0,8,612.9963267447962,rhauch,117,0.9145299145299145
476682,modeshape,209,1319563077,1319567928,1319567928,80,80,7,1,0,1,75,148632,14,0,1,613.0375692986706,rhauch,116,0.9137931034482759
476683,modeshape,208,1319507505,1319543786,1319543786,604,604,7,1,0,1,66,148632,0,0,1,613.0375692986706,vhalbert,22,0.5454545454545454
476685,modeshape,206,1318011215,1318012107,1318012107,14,14,7,1,0,4,69,148621,37,24,4,612.9349149850964,rhauch,114,0.9210526315789473
476686,modeshape,205,1316871453,1316871552,1316871552,1,1,8,1,0,7,72,148612,157,46,15,613.0258660135117,rhauch,113,0.9203539823008849
476688,modeshape,204,1316813712,1316814073,1316814073,6,6,8,1,0,5,72,148603,12,42,11,612.8611131672981,rhauch,112,0.9196428571428571
476689,modeshape,203,1316799489,1316800074,1316800074,9,9,8,2,0,3,70,148600,5,148,7,612.2947510094212,rhauch,111,0.918918918918919
476690,modeshape,202,1316792393,1316793722,1316793723,22,22,8,1,0,12,70,148563,163,70,20,612.0904935953098,rhauch,110,0.9181818181818182
476691,modeshape,201,1316723924,1316725086,1316725086,19,19,8,1,0,1,69,148558,8,0,2,612.1110946566324,rhauch,109,0.9174311926605505
476692,modeshape,200,1316723135,1316723258,1316723258,2,2,8,1,0,7,69,148509,59,0,11,612.313058467837,rhauch,108,0.9166666666666666
476696,modeshape,197,1316653193,,1316709785,943,,8,1,0,0,69,148344,0,0,0,612.79188912258,rhauch,105,0.9238095238095239
476693,modeshape,199,1316704848,1316705130,1316705130,4,4,8,1,0,6,65,148458,128,0,11,612.5234072936453,rhauch,107,0.9158878504672897
476694,modeshape,198,1316698889,1316704737,1316704737,97,97,8,1,0,6,67,148396,148,0,7,612.7793201973099,rhauch,106,0.9150943396226415
476698,modeshape,196,1316022776,,1316026279,58,,9,1,0,0,71,148344,0,0,0,612.6840317100792,vhalbert,21,0.5714285714285714
476703,modeshape,192,1315696378,,1316006810,5173,,9,1,0,0,70,148339,0,0,0,612.6237874058744,ceefour,10,0.1
476699,modeshape,195,1316001999,,1316003694,28,,9,1,0,0,71,148339,0,0,0,612.6237874058744,rhauch,104,0.9326923076923077
476700,modeshape,194,1315859025,1315859084,1315859084,0,0,9,1,0,1,72,148339,0,0,2,612.6237874058744,vhalbert,20,0.55
476701,modeshape,193,1315833905,1315850881,1315850881,282,282,9,1,0,1,71,148339,0,0,1,612.6237874058744,psiroky,1,0.0
476704,modeshape,191,1315420230,,1315420624,6,,9,1,0,0,69,148339,0,0,0,612.6237874058744,vhalbert,19,0.5789473684210527
476707,modeshape,189,1315411026,,1315414369,55,,9,1,0,0,70,148315,0,0,0,611.8666352021036,tejones,2,0.0
476705,modeshape,190,1315411389,1315412994,1315412994,26,26,9,1,0,3,70,148315,10,179,5,611.8666352021036,rhauch,103,0.9320388349514563
476709,modeshape,188,1315408271,1315408508,1315408508,3,3,8,1,0,3,70,148304,15,18,3,611.8041320530801,rhauch,102,0.9313725490196079
476710,modeshape,187,1315406066,1315406145,1315406145,1,1,8,1,0,1,69,148304,2,0,2,611.8041320530801,rhauch,101,0.9306930693069307
476711,modeshape,186,1315402285,1315402807,1315402807,8,8,8,1,0,1,68,148307,31,0,2,611.7917562893188,rhauch,100,0.93
476713,modeshape,185,1314795958,1314796553,1314796553,9,9,8,1,0,3,66,148261,71,0,6,611.9815730367393,rhauch,99,0.9292929292929293
476714,modeshape,184,1314368194,1314372809,1314372809,76,76,8,1,0,0,67,148261,0,0,0,611.9478487262328,rhauch,98,0.9285714285714286
476716,modeshape,182,1314292851,,1314304356,191,,8,7,0,0,66,148340,0,0,0,613.0443575569637,vhalbert,18,0.6111111111111112
476715,modeshape,183,1314302639,1314303063,1314303063,7,7,8,1,0,4,66,148340,161,306,10,613.0443575569637,rhauch,97,0.9278350515463918
476720,modeshape,181,1314282058,1314284065,1314284065,33,33,8,1,0,20,67,148224,342,194,20,612.8359779792746,rhauch,96,0.9270833333333334
476734,modeshape,180,1314272463,,1314273045,9,,8,1,0,0,66,148224,0,0,0,612.8359779792746,rhauch,95,0.9368421052631579
476735,modeshape,179,1314221571,1314224208,1314224208,43,43,7,1,0,1,67,148214,21,0,3,612.8773260285802,vhalbert,17,0.5882352941176471
476736,modeshape,178,1314220750,,1314221252,8,,7,1,0,0,67,148214,0,0,0,612.8773260285802,tejones,1,0.0
476738,modeshape,176,1314186553,,1314189292,45,,7,2,0,0,64,148214,0,0,0,612.8705790276222,psiroky,0,0
476737,modeshape,177,1314188630,1314188753,1314188753,2,2,7,1,0,1,65,148214,2,0,1,612.8705790276222,rhauch,94,0.9361702127659575
476739,modeshape,175,1314039439,1314039762,1314039762,5,5,6,1,0,3,66,148208,39,12,4,612.8616538918277,rhauch,93,0.9354838709677419
476740,modeshape,174,1314030965,1314031116,1314031116,2,2,6,1,0,1,65,148190,33,0,1,612.9360955530063,rhauch,92,0.9347826086956522
476906,modeshape,171,1313611593,,1313781387,2829,,6,6,0,0,64,148175,0,0,0,612.8564197739161,vhalbert,16,0.625
476904,modeshape,173,1313780180,1313781298,1313781298,18,18,6,1,0,8,66,148175,60,26,8,612.8564197739161,rhauch,91,0.9340659340659341
476909,modeshape,169,1313463850,,1313511374,792,,6,2,0,0,61,148177,0,0,0,612.2340174251065,ceefour,9,0.1111111111111111
476908,modeshape,170,1313503032,,1313510485,124,,6,1,0,0,60,148175,0,0,0,612.8564197739161,rhauch,90,0.9444444444444444
476910,modeshape,168,1313463037,,1313503164,668,,5,1,0,0,62,148177,0,0,0,612.2340174251065,ceefour,8,0.125
476912,modeshape,167,1313438763,,1313495146,939,,5,1,0,0,62,148177,0,0,0,612.2340174251065,rhauch,89,0.9550561797752809
476913,modeshape,166,1312831291,1312831856,1312831856,9,9,5,1,0,4,62,148163,32,0,4,612.291867740259,rhauch,88,0.9545454545454546
476914,modeshape,165,1312827014,1312827118,1312827118,1,1,5,1,0,4,62,148156,63,0,6,612.3207969977591,rhauch,87,0.9540229885057471
476915,modeshape,164,1312818181,1312819658,1312819658,24,24,5,1,0,13,63,148117,114,254,18,611.4288029058109,rhauch,86,0.9534883720930233
476916,modeshape,163,1312472128,1312473437,1312473437,21,21,5,1,0,8,66,148068,91,149,8,610.9557770753978,rhauch,85,0.9529411764705882
476917,modeshape,162,1312329325,1312331331,1312331331,33,33,5,1,0,8,67,147695,575,1144,17,611.7336402721826,rhauch,84,0.9523809523809523
476918,modeshape,161,1312284371,,1312296135,196,,5,2,0,0,66,147695,0,0,0,611.7336402721826,tejones,0,0
476919,modeshape,160,1312245175,,1312295077,831,,4,1,0,0,66,147695,0,0,0,611.7336402721826,vhalbert,15,0.6666666666666666
476935,modeshape,145,1310179551,,1312292314,35212,,4,2,0,0,63,148797,0,0,0,601.8736936900609,vhalbert,10,0.8
476920,modeshape,159,1311864380,1311865431,1311865431,17,17,4,1,0,14,68,147695,14,0,19,611.7336402721826,rhauch,83,0.9518072289156626
476922,modeshape,158,1311853241,1311853373,1311853373,2,2,4,1,0,1,67,147695,0,72,2,611.3612512271912,rhauch,82,0.9512195121951219
476923,modeshape,157,1311775222,1311775283,1311775283,1,1,4,1,0,6,67,147633,104,0,6,611.6179986859307,rhauch,81,0.9506172839506173
476924,modeshape,156,1311769367,1311771347,1311771347,33,33,4,1,0,7,66,147606,82,268,8,610.5646111946669,rhauch,80,0.95
476925,modeshape,155,1311715871,1311715928,1311715928,0,0,4,1,0,3,67,147606,3,64,8,610.246195954094,rhauch,79,0.9493670886075949
476926,modeshape,154,1311713252,1311714678,1311714678,23,23,4,1,0,5,66,147582,51,648,5,607.2217479096366,rhauch,78,0.9487179487179487
476927,modeshape,153,1311359374,1311359718,1311359719,5,5,4,1,0,7,65,147582,14,88,12,607.2217479096366,vhalbert,14,0.6428571428571429
476932,modeshape,148,1310409260,,1311359593,15838,,4,5,0,0,61,148797,0,0,0,601.8736936900609,vhalbert,12,0.6666666666666666
476933,modeshape,147,1310249144,,1311353571,18407,,4,1,0,0,63,148797,0,0,0,601.8736936900609,vhalbert,11,0.7272727272727273
476928,modeshape,152,1311277877,1311350102,1311350102,1203,1203,4,1,0,2,64,148797,8,0,7,602.4247800694907,vhalbert,13,0.6153846153846154
476929,modeshape,151,1311163664,1311168124,1311168124,74,74,4,1,0,2,61,148797,0,17,6,602.3642949790654,rhauch,77,0.948051948051948
476998,modeshape,84,1303414452,,1310993583,126318,,1,4,0,0,69,143069,0,0,0,604.260881113309,gastaldi,2,1.0
476983,modeshape,98,1305372519,,1310993550,93683,,3,6,0,0,74,143310,0,0,0,604.9612727653339,bcarothers,16,0.9375
476930,modeshape,150,1310656780,,1310993094,5605,,4,1,0,0,62,148797,0,0,0,602.3642949790654,bcarothers,41,0.7560975609756098
476931,modeshape,149,1310486631,,1310488604,32,,4,1,0,0,60,148797,0,0,0,601.8669731244581,rhauch,76,0.9605263157894737
476937,modeshape,143,1310168326,,1310263362,1583,,4,1,0,26,63,148797,4,800,44,602.955704752112,bcarothers,38,0.7894736842105263
476936,modeshape,144,1310172728,1310173718,1310173718,16,16,4,1,0,2,63,148797,2,4,6,602.955704752112,bcarothers,39,0.7692307692307693
476938,modeshape,142,1310159604,1310163046,1310163046,57,57,4,1,0,2,64,148743,0,29,2,603.0199740491989,bcarothers,37,0.7837837837837838
476939,modeshape,141,1310150760,1310162643,1310162643,198,198,4,1,0,15,64,148743,181,16,35,603.0199740491989,bcarothers,36,0.7777777777777778
476946,modeshape,134,1309813313,1310131060,1310131060,5295,5295,4,1,0,47,67,148362,1317,364,56,603.5642549979106,rhauch,75,0.96
476940,modeshape,140,1310082690,1310082895,1310082895,3,3,4,1,0,2,65,148362,0,0,2,603.5642549979106,bcarothers,35,0.7714285714285715
476941,modeshape,139,1310078048,1310080525,1310080525,41,41,4,1,0,1,65,148353,4,0,1,603.5065013852095,bcarothers,34,0.7647058823529411
476942,modeshape,138,1310067037,1310080084,1310080084,217,217,4,1,0,9,64,148353,96,553,9,603.5065013852095,vhalbert,9,0.7777777777777778
476943,modeshape,137,1310055338,,1310057914,42,,4,4,0,0,64,148357,0,0,0,603.4902296487527,vhalbert,8,0.875
476944,modeshape,136,1310050965,,1310057689,112,,4,4,0,52,64,148357,730,141,69,603.4902296487527,bcarothers,33,0.7878787878787878
476945,modeshape,135,1310000667,,1310049965,821,,4,2,0,25,65,148312,430,102,25,603.3901504935542,bcarothers,32,0.8125
476947,modeshape,133,1309699778,1309700048,1309700048,4,4,4,1,0,18,67,148284,268,38,49,603.5040867524481,rhauch,74,0.9594594594594594
476951,modeshape,129,1308166059,,1309539389,22888,,3,1,0,0,69,147446,0,0,0,601.5761702589423,rhauch,73,0.9726027397260274
476964,modeshape,117,1306970146,,1309537776,42793,,3,7,0,0,66,148231,0,0,0,599.4562540899002,bcarothers,26,0.9230769230769231
476948,modeshape,132,1309040665,,1309454270,6893,,4,1,0,0,75,148231,0,0,0,599.4562540899002,bcarothers,31,0.8387096774193549
476953,modeshape,127,1308067840,,1308668470,10010,,3,5,0,0,70,147446,0,0,0,601.5761702589423,bcarothers,29,0.896551724137931
476949,modeshape,131,1308441342,,1308593729,2539,,4,1,0,0,68,147446,0,0,0,601.5761702589423,bcarothers,30,0.8666666666666667
476955,modeshape,126,1307985511,,1308589600,10068,,3,3,0,0,71,147157,0,0,0,602.6352806866137,vhalbert,7,1.0
476950,modeshape,130,1308180995,,1308226755,762,,3,1,0,0,68,147446,0,0,0,601.5761702589423,gastaldi,4,0.75
476952,modeshape,128,1308158276,1308166943,1308166943,144,144,3,1,0,11,68,147446,80,30,11,601.5761702589423,vijaykiran,1,1.0
476956,modeshape,125,1307728926,1308065794,1308065794,5614,5614,3,2,0,13,73,146793,257,0,17,601.2207666578106,vijaykiran,0,0
476957,modeshape,124,1307644090,1307994375,1307994375,5838,5838,3,1,0,1,71,146793,0,0,1,601.2207666578106,vhalbert,6,1.0
476958,modeshape,123,1307272369,1307989714,1307989714,11955,11955,3,5,0,35,70,147157,870,605,62,602.6352806866137,bcarothers,28,0.8928571428571429
476959,modeshape,122,1307207095,1307979260,1307979260,12869,12869,3,2,0,15,70,146793,646,557,26,601.2207666578106,bcarothers,27,0.8888888888888888
476961,modeshape,120,1307063997,1307973676,1307973676,15161,15161,3,5,0,18,68,146793,0,0,7,601.2207666578106,gastaldi,3,0.6666666666666666
476960,modeshape,121,1307110994,1307111007,1307111007,0,0,3,1,0,3,70,146793,0,0,9,601.2207666578106,rhauch,72,0.9722222222222222
476962,modeshape,119,1307028447,1307029529,1307029529,18,18,3,2,0,5,67,146750,75,141,6,600.7359454855196,rhauch,71,0.971830985915493
476963,modeshape,118,1307021244,1307026931,1307026931,94,94,3,1,0,1,67,146750,0,0,4,600.7359454855196,vhalbert,5,1.0
476967,modeshape,114,1306871037,1306961647,1306961647,1510,1510,3,5,0,16,64,146607,608,72,24,600.7421200897638,rhauch,70,0.9714285714285714
476966,modeshape,115,1306926891,1306960511,1306960511,560,560,3,3,0,5,65,146607,6,0,3,600.7421200897638,vhalbert,4,1.0
476965,modeshape,116,1306933194,1306949199,1306949199,266,266,3,1,0,10,65,146607,18,58,14,600.7421200897638,bcarothers,25,0.92
476968,modeshape,113,1306850613,1306863242,1306863242,210,210,3,1,0,26,63,145992,1155,587,30,601.1493780481122,bcarothers,24,0.9166666666666666
476969,modeshape,112,1306601926,1306844544,1306844544,4043,4043,3,1,0,18,63,145963,59,434,20,599.761583414975,bcarothers,23,0.9130434782608695
476970,modeshape,111,1306338890,1306338932,1306338932,0,0,3,1,0,1,66,145963,0,0,6,599.761583414975,rhauch,69,0.9710144927536232
476971,modeshape,110,1306330659,1306330700,1306330700,0,0,3,1,0,6,66,145963,4,37,8,599.7067750046244,rhauch,68,0.9705882352941176
476972,modeshape,109,1306269790,1306269911,1306269911,2,2,3,1,0,1,65,145963,8,0,2,599.7067750046244,rhauch,67,0.9701492537313433
476973,modeshape,108,1306264927,1306264978,1306264978,0,0,3,2,0,63,67,144723,1809,698,81,601.9292026837476,rhauch,66,0.9696969696969697
476975,modeshape,106,1306241033,1306258854,1306258854,297,297,3,1,0,1,67,144723,0,0,2,601.9292026837476,bcarothers,21,0.9047619047619048
476974,modeshape,107,1306241794,1306258777,1306258777,283,283,3,1,0,1,67,144723,0,0,3,601.9292026837476,bcarothers,22,0.9090909090909091
476976,modeshape,105,1305917834,1305919933,1305919933,34,34,3,5,0,7,69,144723,123,33,8,601.8808344216192,rhauch,65,0.9692307692307692
476977,modeshape,104,1305910228,1305911230,1305911230,16,16,3,1,0,1,71,144704,0,0,2,602.0082375055285,bcarothers,20,0.9
476978,modeshape,103,1305826154,1305832987,1305832987,113,113,3,1,0,2,76,143439,10,43,3,604.6054420345931,rhauch,64,0.96875
476979,modeshape,102,1305791933,1305831561,1305831562,660,660,3,2,0,22,75,143439,249,70,22,604.6054420345931,bcarothers,19,0.8947368421052632
476980,modeshape,101,1305750492,1305827312,1305827312,1280,1280,3,2,0,94,71,143439,2043,661,100,604.6054420345931,rhauch,63,0.9682539682539683
476981,modeshape,100,1305473357,1305568997,1305568997,1594,1594,3,1,0,5,70,143310,40,42,7,604.9612727653339,bcarothers,18,0.8888888888888888
476982,modeshape,99,1305459869,1305567993,1305567993,1802,1802,3,2,0,12,69,143310,539,5,13,604.9612727653339,bcarothers,17,0.8823529411764706
476984,modeshape,97,1305305225,1305313835,1305313835,143,143,3,1,0,7,75,143310,0,0,7,604.9612727653339,bcarothers,15,0.9333333333333333
476985,modeshape,96,1305287334,1305303435,1305303436,268,268,3,2,0,6,75,143306,0,0,9,604.9223340264888,bcarothers,14,0.9285714285714286
476986,modeshape,95,1305286166,1305292378,1305292378,103,103,3,1,0,8,75,143306,4,15,8,604.9223340264888,bcarothers,13,0.9230769230769231
476990,modeshape,91,1305066514,1305158481,1305158481,1532,1532,3,1,0,1,72,143257,0,0,2,604.5219430813154,bcarothers,10,0.9
476987,modeshape,94,1305141290,1305157689,1305157689,273,273,3,2,0,11,71,143300,54,0,13,604.9476622470343,bcarothers,12,0.9166666666666666
476988,modeshape,93,1305119047,1305137613,1305137613,309,309,3,3,0,9,75,143257,430,125,5,604.5219430813154,bcarothers,11,0.9090909090909091
476989,modeshape,92,1305117957,1305124783,1305124783,113,113,3,6,0,6,74,143257,0,0,6,604.5219430813154,flashboss,0,0
476994,modeshape,88,1304952994,1305030128,1305030128,1285,1285,2,1,0,4,73,143245,75,37,5,604.1467415965653,bcarothers,7,0.8571428571428571
476995,modeshape,87,1304946166,1305028783,1305028783,1376,1376,1,1,0,2,74,143065,47,46,2,604.5643588578619,bcarothers,6,0.8333333333333334
476992,modeshape,90,1305024782,1305027892,1305027892,51,51,3,2,0,8,73,143244,71,35,9,604.1509592024796,bcarothers,9,0.8888888888888888
476993,modeshape,89,1305018523,1305018616,1305018616,1,1,2,1,0,1,74,143245,11,0,2,604.1467415965653,bcarothers,8,0.875
476996,modeshape,86,1304944872,1304950343,1304950343,91,91,1,2,0,5,74,143065,324,108,6,604.5643588578619,vhalbert,3,1.0
476997,modeshape,85,1303852057,1303870375,1303870375,305,305,1,2,0,16,73,143069,587,59,36,604.260881113309,rhauch,62,0.967741935483871
476999,modeshape,83,1303404837,1303405175,1303405175,5,5,1,1,0,5,67,143069,8,0,10,604.260881113309,rhauch,61,0.9672131147540983
477000,modeshape,82,1303322563,1303323733,1303323733,19,19,1,1,0,17,66,143068,63,157,28,603.4053736684654,rhauch,60,0.9666666666666667
476721,modeshape,81,1303291134,1303311181,1303311181,334,334,1,2,0,4,66,143045,37,0,8,603.390541438009,bcarothers,5,0.8
476722,modeshape,80,1303256376,1303301632,1303301632,754,754,1,1,0,2,66,143045,6,21,11,603.390541438009,bcarothers,4,0.75
476723,modeshape,79,1303147438,1303150380,1303150380,49,49,1,3,0,15,70,143045,16,0,15,603.390541438009,ceefour,7,0.0
476729,modeshape,74,1302812552,,1303147648,5584,,1,1,0,0,69,139905,0,0,0,605.6395411171867,ceefour,3,0.0
476727,modeshape,76,1302814979,,1303147524,5542,,1,7,0,0,70,139905,0,0,0,605.6395411171867,ceefour,5,0.0
477007,modeshape,59,1302202226,1303147050,1303147050,15747,15747,2,2,0,0,70,143050,0,0,0,603.3694512408249,rhauch,51,0.9607843137254902
476744,modeshape,69,1302791200,1303145077,1303145077,5897,5897,1,1,0,0,67,141683,0,0,0,604.6738140779063,rhauch,58,0.9655172413793104
476726,modeshape,77,1302816592,,1303141820,5420,,1,1,0,0,71,139905,0,0,0,605.6395411171867,ceefour,6,0.0
476724,modeshape,78,1302977961,1303134641,1303134641,2611,2611,1,1,0,0,70,141683,0,0,0,604.8714383518136,bcarothers,3,0.6666666666666666
476747,modeshape,66,1302564466,1303133678,1303133678,9486,9486,1,1,0,0,70,141683,0,0,0,604.8714383518136,bcarothers,2,0.5
476731,modeshape,72,1302809980,,1302874000,1067,,1,2,0,0,67,139905,0,0,0,605.6395411171867,ceefour,1,0.0
476730,modeshape,73,1302811024,,1302872585,1026,,1,1,0,0,68,139905,0,0,0,605.6395411171867,ceefour,2,0.0
476728,modeshape,75,1302814928,,1302814947,0,,1,7,0,0,70,141683,0,0,0,604.8714383518136,ceefour,4,0.0
476742,modeshape,71,1302809667,,1302809996,5,,1,2,0,0,67,141683,0,0,0,604.8714383518136,ceefour,0,0
476743,modeshape,70,1302796746,1302797030,1302797030,4,4,1,1,0,1,68,141683,0,38,3,604.6738140779063,rhauch,59,0.9661016949152542
476745,modeshape,68,1302622813,1302622857,1302622857,0,0,1,1,0,3,68,141638,109,72,8,604.6117567319504,rhauch,57,0.9649122807017544
476746,modeshape,67,1302620965,1302621512,1302621512,9,9,1,1,0,24,68,141636,121,37,37,604.6132339235788,rhauch,56,0.9642857142857143
477011,modeshape,56,1302141886,1302620886,1302620886,7983,7983,2,2,0,1,69,140972,0,0,113,604.3682433391027,gastaldi,1,1.0
477001,modeshape,64,1302307341,,1302564392,4284,,1,1,0,0,72,141636,0,0,0,604.6132339235788,bcarothers,1,1.0
476748,modeshape,65,1302547155,1302548805,1302548805,27,27,1,2,0,12,71,141505,223,348,18,603.307303628847,rhauch,55,0.9636363636363636
477003,modeshape,63,1302302998,1302528977,1302528977,3766,3766,1,1,0,5,71,141499,12,12,10,603.3046169937597,bcarothers,0,0
477004,modeshape,62,1302278693,1302283727,1302283727,83,83,2,3,0,8,70,141499,293,27,22,603.3046169937597,rhauch,54,0.9629629629629629
477008,modeshape,58,1302195583,1302274866,1302274866,1321,1321,2,1,0,1,70,140972,2,0,5,604.3682433391027,rhauch,50,0.96
477005,modeshape,61,1302271038,1302271150,1302271150,1,1,2,1,0,3,71,141347,0,27,3,603.7269980968821,rhauch,53,0.9622641509433962
477006,modeshape,60,1302262776,1302262815,1302262815,0,0,2,1,0,3,70,141346,3,32,3,603.5402487512912,rhauch,52,0.9615384615384616
477010,modeshape,57,1302195241,1302195869,1302195869,10,10,2,1,0,243,70,140972,1287,149,374,604.3682433391027,rhauch,49,0.9591836734693877
477012,modeshape,55,1302120872,1302122866,1302122866,33,33,2,1,0,20,69,140581,1568,18,47,605.9780482426501,rhauch,48,0.9583333333333334
477013,modeshape,54,1302037118,1302037206,1302037206,1,1,2,1,0,3,69,140581,0,0,12,605.9780482426501,rhauch,47,0.9574468085106383
477014,modeshape,53,1301950443,1301956337,1301956337,98,98,2,1,0,2,68,140571,42,0,7,606.0211565685668,rhauch,46,0.9565217391304348
477015,modeshape,52,1301681446,1301681824,1301681824,6,6,2,1,0,4,66,140543,59,113,7,605.4944038479326,rhauch,45,0.9555555555555556
477016,modeshape,51,1301529180,1301529212,1301529212,0,0,2,1,0,4,65,140524,51,0,11,605.5762716688964,rhauch,44,0.9545454545454546
477017,modeshape,50,1301528834,1301529158,1301529158,5,5,2,1,0,12,65,140009,1369,419,17,605.7967702076296,rhauch,43,0.9534883720930233
477018,modeshape,49,1301433205,1301433248,1301433249,0,0,2,1,0,5,63,139953,171,76,9,605.7819410802198,rhauch,42,0.9523809523809523
477019,modeshape,48,1301421790,1301421859,1301421859,1,1,2,1,0,8,63,139948,21,72,11,605.4534541401092,rhauch,41,0.9512195121951219
477020,modeshape,47,1301329841,1301330445,1301330445,10,10,2,1,0,515,64,139905,746,6,590,605.6395411171867,rhauch,40,0.95
477022,modeshape,46,1301315363,1301319614,1301319614,70,70,2,1,0,3,66,139905,0,0,8,605.6395411171867,KurtStam,0,0
477023,modeshape,45,1301068364,1301073257,1301073257,81,81,2,1,0,1,71,139894,38,0,1,605.6871631378043,rhauch,39,0.9487179487179487
477024,modeshape,44,1300739027,1300805094,1300805094,1101,1101,2,3,0,7,77,139893,41,0,13,605.6914927837704,gastaldi,0,0
477025,modeshape,43,1300468979,1300469880,1300469880,15,15,2,1,0,9,77,139856,190,0,16,605.851733211303,rhauch,38,0.9473684210526315
477026,modeshape,42,1300400118,1300400453,1300400453,5,5,2,1,0,4,78,139856,0,32,5,605.6801281317927,rhauch,37,0.9459459459459459
477027,modeshape,41,1300395727,1300399829,1300399829,68,68,2,1,0,7,78,139785,128,139,13,605.0792288156812,rhauch,36,0.9444444444444444
477028,modeshape,40,1300295425,1300296485,1300296485,17,17,2,2,0,0,77,138119,0,0,0,595.2982572998646,rhauch,35,0.9428571428571428
477029,modeshape,39,1300250247,1300293532,1300293532,721,721,2,3,0,13,77,139783,94,409,36,605.0878862236466,rhauch,34,0.9411764705882353
477031,modeshape,38,1300246373,1300248962,1300248962,43,43,2,1,0,0,77,138094,0,0,0,594.2546381450317,rhauch,33,0.9393939393939394
477032,modeshape,37,1300246182,,1300246294,1,,2,249,0,0,77,139783,0,0,0,603.063319573911,rhauch,32,0.96875
477077,modeshape,36,1300238817,1300245468,1300245468,110,110,2,1,0,6,76,139758,86,280,11,601.9548075959873,rhauch,31,0.967741935483871
477079,modeshape,34,1299886298,1300131813,1300157013,4511,4091,2,2,0,10,78,139693,100,62,13,601.9986685088014,rhauch,29,0.9655172413793104
477078,modeshape,35,1300126560,1300126872,1300152072,425,5,2,1,0,0,78,138030,0,0,0,594.4287473737593,rhauch,30,0.9666666666666667
477080,modeshape,33,1299831462,1299850270,1299879070,793,313,3,1,0,2,77,139693,0,0,6,601.9986685088014,douglaspalmer,0,0
477081,modeshape,32,1299773570,1299808353,1299808353,579,579,3,1,0,1,77,139693,0,0,6,601.9986685088014,vhalbert,2,1.0
477084,modeshape,29,1299697148,1299697379,1299808289,1852,3,3,1,0,5,76,139693,0,0,22,601.9986685088014,rhauch,27,0.9629629629629629
477087,modeshape,27,1299525976,1299691691,1299737933,3532,2761,3,2,0,4,78,139483,528,321,7,603.9660747187829,rhauch,25,0.96
477082,modeshape,31,1299716978,1299722175,1299722175,86,86,3,1,0,1,76,139693,0,0,5,601.9986685088014,vhalbert,1,1.0
477083,modeshape,30,1299708444,1299708682,1299708682,3,3,3,2,0,7,76,139693,0,0,10,601.9986685088014,rhauch,28,0.9642857142857143
477085,modeshape,28,1299527458,1299531093,1299531093,60,60,3,1,0,5,78,139483,84,14,5,603.9660747187829,rhauch,26,0.9615384615384616
477088,modeshape,26,1299256925,1299259251,1299259251,38,38,4,3,0,13,80,139365,0,0,23,599.2681089226132,rhauch,24,0.9583333333333334
477090,modeshape,25,1299175045,1299258190,1299258190,1385,1385,4,3,0,90,79,139365,1432,1463,137,599.2681089226132,rhauch,23,0.9565217391304348
477095,modeshape,22,1299103112,1299103605,1299132405,488,8,4,1,0,3,83,139353,15,18,4,598.8389198653779,rhauch,20,0.95
477093,modeshape,24,1299115155,1299115316,1299115316,2,2,4,1,0,2,84,139353,17,28,3,598.9393841539112,rhauch,22,0.9545454545454546
477094,modeshape,23,1299113654,1299115289,1299115289,27,27,4,1,0,6,83,139353,2,89,6,598.9393841539112,rhauch,21,0.9523809523809523
477098,modeshape,19,1298987907,,1299018929,517,,4,2,0,58,91,139353,0,0,84,598.8460958859873,rhauch,17,1.0
477096,modeshape,21,1299007302,1299007371,1299007371,1,1,4,1,0,1,85,139353,0,0,3,598.8460958859873,rhauch,19,0.9473684210526315
477097,modeshape,20,1298990177,1299001694,1299001694,191,191,4,4,0,65,88,139353,0,2,120,598.8460958859873,rhauch,18,0.9444444444444444
477099,modeshape,18,1298903566,1298989908,1298989908,1439,1439,5,1,0,56,90,139353,0,0,82,598.8460958859873,rhauch,16,1.0
477100,modeshape,17,1298578647,1298580876,1298580876,37,37,5,1,0,2,90,139328,34,0,2,598.953548461185,rhauch,15,1.0
477101,modeshape,16,1298560582,1298563480,1298563480,48,48,5,1,0,3,90,139320,33,78,3,598.5644559287971,rhauch,14,1.0
477102,modeshape,15,1298397635,1298425327,1298425327,461,461,5,28,0,280,92,138192,6063,3784,148,597.3862452240362,rhauch,13,1.0
477103,modeshape,14,1298387786,1298406923,1298406923,318,318,5,4,0,7,95,138190,49,71,7,597.0909617193719,vhalbert,0,0
477107,modeshape,11,1295985209,1298405303,1298405303,40334,40334,6,4,0,41,62,138144,1478,396,53,597.1015751679407,rhauch,10,1.0
477105,modeshape,13,1298042807,1298400308,1298400308,5958,5958,5,13,0,145,95,138190,3064,2284,123,597.0909617193719,rhauch,12,1.0
477106,modeshape,12,1297704394,1297795908,1297795908,1525,1525,5,1,0,6,83,138144,79,47,8,597.1015751679407,rhauch,11,1.0
477109,modeshape,10,1295631962,1295641266,1295641266,155,155,6,1,0,2,58,138116,41,63,2,596.8461293405544,rhauch,9,1.0
477110,modeshape,9,1295465152,1295465912,1295494712,492,12,6,2,0,5,54,138116,8,27,13,596.7882070143937,rhauch,8,1.0
477112,modeshape,8,1295458771,1295459117,1295487917,485,5,6,1,0,10,51,138116,0,124,20,596.5637580005213,rhauch,7,1.0
477114,modeshape,6,1295383653,1295383740,1295412540,481,1,6,1,0,1,47,138092,14,0,1,595.7984532051096,rhauch,5,1.0
477113,modeshape,7,1295393274,1295396798,1295396798,58,58,6,2,0,12,50,138095,69,193,18,595.7855099750172,rhauch,6,1.0
477118,modeshape,2,1295289958,1295362422,1295391222,1687,1207,6,1,0,55,42,138141,1325,130,57,594.8342635423227,rhauch,1,1.0
477115,modeshape,5,1295377220,1295377774,1295377774,9,9,6,1,0,8,45,138090,10,168,9,595.0467086682598,rhauch,4,1.0
477116,modeshape,4,1295358648,1295358703,1295358703,0,0,6,1,0,1,45,138141,0,0,1,594.8342635423227,rhauch,3,1.0
477117,modeshape,3,1295297205,1295358589,1295358589,1023,1023,6,1,0,1,44,138141,0,0,3,594.8342635423227,rhauch,2,1.0
477119,modeshape,1,1295064243,1295064527,1295064527,4,4,6,1,0,1,46,138141,0,0,2,594.8342635423227,rhauch,0,0
