pull_req_id,project_name,lang,github_id,created_at,merged_at,closed_at,lifetime_minutes,mergetime_minutes,git_merged,conflict,forward_links,team_size,num_commits,num_comments,files_changed,perc_external_contribs,sloc,src_churn,test_churn,commits_on_files_touched,test_lines_per_kloc,test_cases_per_kloc,asserts_per_kloc,watchers,requester,prev_pullreqs,requester_succ_rate,followers,intra_branch,main_team_member
1971076,openshift/rhc,ruby,450,1377182382,1377185609,1377185609,53,53,true,false,false,4,1,4,1,53,9706,0,1,6,858.12899237585,43.16917370698537,182.77354213888316,252,jwforres,7,0.0,0,false,true
1970590,openshift/rhc,ruby,449,1377178253,,1377182522,71,,false,false,false,4,1,6,1,53,9719,1,0,17,861.0968206605618,43.21432246115855,182.94063175223786,252,jwforres,6,0.0,0,false,true
1970532,openshift/rhc,ruby,448,1377177761,1377181407,1377181407,60,60,true,false,false,4,1,3,1,53,9705,1,0,17,858.2174137042762,43.1736218444101,182.7923750643998,252,jwforres,5,0.0,0,false,true
1967338,openshift/rhc,ruby,447,1377130315,,1377177929,793,,false,false,false,4,2,16,11,52,9705,54,49,87,858.2174137042762,43.1736218444101,182.7923750643998,252,fabianofranz,47,0.8297872340425532,16,false,true
1964801,openshift/rhc,ruby,444,1377097885,1377109900,1377109900,200,200,true,false,false,4,5,9,4,54,9675,8,58,29,856.2273901808786,42.377260981912144,181.39534883720933,252,fabianofranz,45,0.8666666666666667,16,false,true
1964579,openshift/rhc,ruby,443,1377096870,1377109737,1377109737,214,214,true,false,false,4,2,9,1,53,9675,4,0,1,856.2273901808786,42.377260981912144,181.39534883720933,126,Miciah,3,0.0,3,false,false
1964469,openshift/rhc,ruby,442,1377096094,1377107604,1377107604,191,191,true,false,false,4,2,10,3,53,9675,64,14,26,856.2273901808786,42.377260981912144,181.39534883720933,126,jwforres,4,0.0,0,false,true
1958669,openshift/rhc,ruby,441,1377013924,1377091352,1377091352,1290,1290,true,false,false,4,1,7,5,53,9658,6,6,29,856.906191758128,42.348312279975154,181.61109960654377,126,smarterclayton,124,0.6290322580645161,8,false,true
1958210,openshift/rhc,ruby,440,1377008902,1377109734,1377109734,1680,1680,true,false,false,4,1,6,1,53,9658,26,0,1,856.906191758128,42.348312279975154,181.61109960654377,126,Miciah,2,0.0,3,false,false
1957679,openshift/rhc,ruby,439,1377003890,1377087154,1377087154,1387,1387,true,false,false,4,1,8,1,52,9658,5,0,1,856.906191758128,42.348312279975154,181.61109960654377,252,Miciah,1,0.0,6,false,false
1955151,openshift/rhc,ruby,438,1376964580,1377027625,1377027625,1050,1050,true,false,false,4,6,11,5,51,9658,120,18,59,856.906191758128,42.348312279975154,181.61109960654377,126,fabianofranz,44,0.8863636363636364,8,false,true
1942969,openshift/rhc,ruby,437,1376675258,1376701573,1376701573,438,438,true,false,false,4,1,7,5,52,9406,14,16,45,830.0021263023601,39.549223899638534,179.24728896449074,126,dobbymoodge,0,0,1,false,false
1931908,openshift/rhc,ruby,436,1376499419,1376945576,1376945576,7435,7435,true,false,false,4,65,41,28,50,9406,3763,2112,104,830.0021263023601,39.549223899638534,179.24728896449074,126,fabianofranz,43,0.9069767441860465,8,false,true
1896946,openshift/rhc,ruby,434,1375793678,1375800337,1375800337,110,110,false,false,false,4,1,7,2,50,9406,4,4,28,830.0021263023601,39.549223899638534,179.24728896449074,252,smarterclayton,123,0.6260162601626016,16,false,true
1896927,openshift/rhc,ruby,433,1375793470,1375895652,1375895652,1703,1703,false,false,false,4,3,9,2,50,9406,12,12,30,830.0021263023601,39.549223899638534,179.24728896449074,252,smarterclayton,122,0.6229508196721312,16,false,true
1866107,openshift/rhc,ruby,432,1375198889,1375205258,1375205258,106,106,false,false,false,4,2,6,2,50,9407,1,14,13,829.0634633783352,39.54501966620602,179.22823429361114,126,liggitt,7,0.0,0,false,true
1841977,openshift/rhc,ruby,431,1374847097,1374854298,1374854298,120,120,true,false,false,5,1,6,4,49,9399,21,0,1,829.7691243749335,39.57867858282796,179.3807851899138,252,liggitt,6,0.0,0,false,true
1814374,openshift/rhc,ruby,430,1374584189,1374591492,1374591492,121,121,true,false,false,6,1,6,4,49,9322,6,0,2,824.7157262390044,38.725595365801325,178.07337481227202,252,liggitt,5,0.0,0,false,true
1813789,openshift/rhc,ruby,429,1374580064,1374584067,1374584067,66,66,true,false,false,6,1,6,1,49,9321,1,0,13,824.8042055573437,38.72975002682116,178.09247934770946,252,liggitt,4,0.0,0,false,true
1802874,openshift/rhc,ruby,428,1374428707,1374765394,1374765394,5611,5611,true,false,false,6,10,31,16,47,9321,182,203,155,824.8042055573437,38.72975002682116,178.09247934770946,252,smarterclayton,121,0.628099173553719,14,false,true
1771324,openshift/rhc,ruby,427,1373850367,1373857108,1373857108,112,112,true,false,false,7,1,5,14,46,9209,0,166,57,826.5826908459117,39.20078184384841,180.04126398088826,126,smarterclayton,120,0.6333333333333333,6,false,true
1754046,openshift/rhc,ruby,426,1373462524,1373474130,1373474130,193,193,false,false,false,8,1,5,2,47,9205,6,10,14,826.0727865290603,39.109179793590435,179.57631721890277,126,smarterclayton,119,0.6302521008403361,6,false,true
1741958,openshift/rhc,ruby,425,1373382806,1373397308,1373397308,241,241,true,false,false,8,1,7,4,48,9186,33,2,39,826.475070759852,39.08121053777487,179.73002394948836,252,smarterclayton,118,0.635593220338983,12,false,true
1731167,openshift/rhc,ruby,424,1373339184,1373356077,1373356077,281,281,true,false,false,8,1,4,1,49,9175,0,0,2,827.465940054496,39.12806539509537,179.94550408719346,126,smarterclayton,117,0.6410256410256411,6,false,true
1731130,openshift/rhc,ruby,423,1373338821,1373378614,1373378614,663,663,true,false,false,8,1,5,2,48,9175,15,2,27,827.465940054496,39.12806539509537,179.94550408719346,126,smarterclayton,116,0.646551724137931,6,false,true
1729668,openshift/rhc,ruby,422,1373337553,1373352089,1373352089,242,242,true,false,false,8,1,5,1,48,9175,13,0,10,827.465940054496,39.12806539509537,179.94550408719346,252,smarterclayton,115,0.6521739130434783,12,false,true
1728988,openshift/rhc,ruby,421,1373335895,1373385870,1373385870,832,832,true,false,false,8,1,7,6,48,9175,24,41,53,827.465940054496,39.12806539509537,179.94550408719346,252,smarterclayton,114,0.6578947368421053,12,false,true
1725673,openshift/rhc,ruby,420,1373321172,1373394476,1373394476,1221,1221,true,false,false,8,1,5,1,48,9175,2,0,10,827.465940054496,39.12806539509537,179.94550408719346,126,pravisankar,0,0,1,false,false
1665795,openshift/rhc,ruby,419,1372423586,1372429919,1372429919,105,105,false,false,false,8,1,4,1,52,9175,0,0,34,827.465940054496,39.12806539509537,179.94550408719346,126,kraman,8,0.5,21,false,true
1656832,openshift/rhc,ruby,418,1372329533,1372361631,1372361631,534,534,true,false,false,8,2,6,2,53,9173,21,54,6,825.1389948762672,38.80954976561649,178.78556633598606,252,ncdc,1,0.0,2,false,false
1656414,openshift/rhc,ruby,417,1372317755,1373890822,1373890822,26217,26217,true,true,false,8,4,7,2,52,9173,7,0,2,825.1389948762672,38.80954976561649,178.78556633598606,252,adelton,0,0,0,false,false
1655167,openshift/rhc,ruby,416,1372291620,1374009249,1374009249,28627,28627,true,false,false,8,5,32,18,52,9173,227,185,111,825.1389948762672,38.80954976561649,178.78556633598606,126,smarterclayton,113,0.6637168141592921,5,false,true
1651413,openshift/rhc,ruby,415,1372243796,1372243814,1372243814,0,0,false,false,false,8,1,0,4,52,9173,2,8,23,825.1389948762672,38.80954976561649,178.78556633598606,252,smarterclayton,112,0.6607142857142857,10,false,true
1648771,openshift/rhc,ruby,413,1372185485,1372185819,1372185819,5,5,true,false,false,8,1,0,4,52,9173,2,8,23,825.1389948762672,38.80954976561649,178.78556633598606,252,smarterclayton,111,0.6666666666666666,10,false,true
1633715,openshift/rhc,ruby,412,1371922709,1371939114,1371939114,273,273,true,false,false,8,1,3,1,53,9175,2,0,5,825.5040871934605,38.801089918256125,178.85558583106268,252,smarterclayton,110,0.6727272727272727,10,false,true
1631500,openshift/rhc,ruby,411,1371842061,1372081770,1372081770,3995,3995,true,false,false,8,1,6,5,53,9175,12,18,69,825.5040871934605,38.801089918256125,178.85558583106268,252,smarterclayton,109,0.6788990825688074,10,false,true
1626008,openshift/rhc,ruby,410,1371752743,,1371759570,113,,false,false,false,8,1,0,2,53,9175,2,10,0,825.5040871934605,38.801089918256125,178.85558583106268,252,jtharris,21,0.6190476190476191,8,false,false
1619007,openshift/rhc,ruby,409,1371649990,1371664206,1371664206,236,236,true,false,false,8,1,6,2,54,9171,1,6,4,825.2099007741795,38.818013302802306,178.82455566459493,252,nhr,14,0.7857142857142857,2,false,true
1615108,openshift/rhc,ruby,408,1371588931,1371675349,1371675349,1440,1440,true,false,false,8,1,6,1,54,9150,5,0,0,820.655737704918,38.90710382513661,178.5792349726776,252,anthonyfok,1,1.0,0,false,false
1614008,openshift/rhc,ruby,407,1371575991,1371598053,1371598053,367,367,true,false,false,8,1,5,8,54,9150,43,65,83,820.655737704918,38.90710382513661,178.5792349726776,126,smarterclayton,108,0.6851851851851852,5,false,true
1612412,openshift/rhc,ruby,406,1371558350,1371567127,1371567127,146,146,true,false,false,8,1,5,2,54,9150,2,5,2,820.1092896174863,38.90710382513661,178.36065573770495,252,jwforres,3,0.0,0,false,true
1606519,openshift/rhc,ruby,405,1371470133,1371478983,1371478983,147,147,true,false,false,8,3,8,2,54,8909,6,1,31,817.3756875070154,38.72488494780559,175.21607363340442,252,jwforres,2,0.0,0,false,true
1599360,openshift/rhc,ruby,404,1371251636,1371497407,1371497407,4096,4096,true,false,false,8,5,31,20,54,8909,397,412,198,817.3756875070154,38.72488494780559,175.21607363340442,252,smarterclayton,107,0.6915887850467289,10,false,true
1599050,openshift/rhc,ruby,403,1371243869,1371474600,1371474600,3845,3845,true,false,false,8,1,4,2,53,8909,10,2,10,817.3756875070154,38.72488494780559,175.21607363340442,252,smarterclayton,106,0.6981132075471698,10,false,true
1598612,openshift/rhc,ruby,402,1371236987,1371490368,1371490368,4223,4223,true,false,false,8,2,10,9,53,8909,51,46,68,817.3756875070154,38.72488494780559,175.21607363340442,126,jwforres,1,0.0,0,false,true
1598141,openshift/rhc,ruby,401,1371230472,1371497384,1371497384,4448,4448,true,false,false,8,2,10,2,53,8909,2,18,13,817.3756875070154,38.72488494780559,175.21607363340442,126,liggitt,3,0.0,0,false,true
1588731,openshift/rhc,ruby,400,1371080432,1371217279,1371217279,2280,2280,true,false,false,8,4,6,10,51,8921,203,8,95,816.2762022194821,38.67279452976124,174.8682883084856,252,smarterclayton,105,0.7047619047619048,10,false,true
1588724,openshift/rhc,ruby,399,1371080308,1371086020,1371086020,95,95,true,false,false,8,2,3,2,51,8921,10,15,15,816.2762022194821,38.67279452976124,174.8682883084856,252,smarterclayton,104,0.7115384615384616,10,false,true
1581273,openshift/rhc,ruby,398,1370963251,1371064263,1371064263,1683,1683,true,false,false,8,2,15,2,52,8922,25,57,20,814.839722035418,38.55637749383546,174.51244115669132,252,ncdc,0,0,2,false,false
1555550,openshift/rhc,ruby,397,1370455736,1370548592,1370548592,1547,1547,true,false,false,8,1,4,6,51,8905,52,0,14,816.3952835485683,38.6299831555306,174.84559236384052,252,kraman,7,0.5714285714285714,42,false,true
1544909,openshift/rhc,ruby,396,1370311896,1370322464,1370322464,176,176,false,false,false,8,1,5,3,51,8892,24,15,20,816.2393162393163,38.349077822762034,175.10121457489876,252,smarterclayton,103,0.7087378640776699,10,false,true
1734013,openshift/rhc,ruby,395,1370284894,1370296112,1370296112,186,186,false,false,false,8,1,5,1,51,8892,2,0,13,816.2393162393163,38.349077822762034,175.10121457489876,252,smarterclayton,102,0.7058823529411765,10,false,true
1728036,openshift/rhc,ruby,394,1370215904,1370220366,1370220366,74,74,false,false,false,8,1,4,6,51,8872,46,35,40,815.4869251577999,38.32281334535618,174.93237150586114,252,smarterclayton,101,0.7029702970297029,10,false,true
1532017,openshift/rhc,ruby,393,1369792636,1369829134,1369829134,608,608,true,false,false,8,1,8,1,52,8872,0,0,2,815.4869251577999,38.32281334535618,174.93237150586114,252,liggitt,2,0.0,0,false,true
1530522,openshift/rhc,ruby,392,1369767576,1369773115,1369773115,92,92,true,false,false,8,1,7,2,52,8872,2,7,15,814.8106402164111,38.210099188458074,174.5942290351668,252,liggitt,1,0.0,0,false,true
1528623,openshift/rhc,ruby,391,1369745548,1369755206,1369755206,160,160,true,false,false,8,1,7,1,52,8872,0,0,1,814.8106402164111,38.210099188458074,174.5942290351668,252,liggitt,0,0,0,false,true
1709804,openshift/rhc,ruby,389,1369276702,1369297774,1369297774,351,351,false,false,false,8,1,5,1,51,8872,2,0,12,814.8106402164111,38.210099188458074,174.5942290351668,252,smarterclayton,100,0.7,10,false,true
1498564,openshift/rhc,ruby,388,1368973465,1368982334,1368982334,147,147,true,false,false,8,2,4,13,51,8885,109,74,124,820.4839617332583,38.60438942037141,174.78897017445132,252,smarterclayton,99,0.7070707070707071,10,false,true
1496897,openshift/rhc,ruby,387,1368914788,1368918747,1368918747,65,65,true,false,false,8,1,3,2,51,8875,17,8,17,820.6197183098591,38.53521126760563,174.8732394366197,252,smarterclayton,98,0.7142857142857143,10,false,true
1493956,openshift/rhc,ruby,386,1368823961,1368830556,1368830556,109,109,true,false,false,8,1,5,5,52,8871,8,14,52,819.5242926389359,38.55258708150152,174.3884567692481,252,smarterclayton,97,0.7216494845360825,10,false,true
1486702,openshift/rhc,ruby,385,1368704713,1368714587,1368714587,164,164,false,false,false,8,1,5,1,52,8877,24,0,4,818.9703728737186,38.52652923284894,174.27058690999212,252,smarterclayton,96,0.71875,10,false,true
1482257,openshift/rhc,ruby,384,1368632239,1368647255,1368647255,250,250,true,false,false,8,1,7,7,52,8862,49,11,54,819.5666892349357,38.47889866847213,174.0013540961408,126,smarterclayton,95,0.7263157894736842,5,false,true
1455906,openshift/rhc,ruby,383,1368108455,1368229301,1368229301,2014,2014,true,false,false,8,1,7,2,54,8861,4,2,15,819.6591806793816,38.48324116916827,174.02099085881954,126,jtharris,20,0.65,4,false,false
1451661,openshift/rhc,ruby,382,1368031695,1368037094,1368037094,89,89,true,false,false,8,1,7,1,56,8861,2,0,11,819.6591806793816,38.48324116916827,174.02099085881954,126,jtharris,19,0.6842105263157895,4,false,false
1450193,openshift/rhc,ruby,381,1368014054,1368025222,1368025222,186,186,true,false,false,8,1,6,1,56,8861,4,0,5,819.6591806793816,38.48324116916827,174.02099085881954,252,smarterclayton,94,0.7340425531914894,10,false,true
1450122,openshift/rhc,ruby,380,1368013361,1368221815,1368221815,3474,3474,true,false,false,8,1,7,1,56,8861,0,0,0,819.6591806793816,38.48324116916827,174.02099085881954,252,smarterclayton,93,0.7419354838709677,10,false,true
1450115,openshift/rhc,ruby,379,1368013293,1368025217,1368025217,198,198,true,false,false,8,1,6,4,56,8861,14,4,48,819.6591806793816,38.48324116916827,174.02099085881954,252,smarterclayton,92,0.75,10,false,true
1448561,openshift/rhc,ruby,378,1367987513,,1377017787,150504,,false,false,false,8,1,16,5,55,8861,122,0,0,819.6591806793816,38.48324116916827,174.02099085881954,252,kraman,6,0.6666666666666666,40,false,true
1440979,openshift/rhc,ruby,377,1367852497,1367859728,1367859728,120,120,true,false,false,8,1,5,2,55,8859,6,39,13,817.8123941754149,38.153290439101475,172.81860255107802,252,smarterclayton,91,0.7582417582417582,10,false,true
1431682,openshift/rhc,ruby,376,1367600768,1367609695,1367609695,148,148,true,false,false,8,1,7,2,56,8859,4,8,15,815.44192346766,37.81465176656507,171.5769274184445,126,smarterclayton,90,0.7666666666666667,5,false,true
1431528,openshift/rhc,ruby,375,1367599069,1367609691,1367609691,177,177,true,false,false,8,1,7,4,56,8859,2,24,46,815.44192346766,37.81465176656507,171.5769274184445,252,smarterclayton,89,0.7752808988764045,10,false,true
1426878,openshift/rhc,ruby,374,1367522620,1367532689,1367532689,167,167,true,false,false,8,1,6,1,57,8859,2,0,6,815.44192346766,37.81465176656507,171.5769274184445,252,jtharris,18,0.7222222222222222,8,false,false
1413430,openshift/rhc,ruby,373,1367318032,1367322263,1367322263,70,70,true,false,false,8,1,4,4,57,8760,35,0,9,813.6986301369863,37.32876712328767,169.5205479452055,252,smarterclayton,88,0.7840909090909091,10,false,true
1372483,openshift/rhc,ruby,372,1366992755,1367004577,1367004577,197,197,true,false,false,8,1,8,2,57,8762,8,4,6,813.51289659895,37.32024651905957,169.48185345811459,126,jwforres,0,0,0,false,true
1414105,openshift/rhc,ruby,371,1366917329,1367359103,1367359103,7362,7362,true,false,false,7,3,13,6,57,8762,48,71,54,813.51289659895,37.32024651905957,169.48185345811459,126,jtharris,17,0.7647058823529411,4,false,false
1410741,openshift/rhc,ruby,370,1366888514,1367441533,1367441533,9216,9216,true,false,false,7,4,7,21,57,8762,1468,89,255,813.51289659895,37.32024651905957,169.48185345811459,126,smarterclayton,87,0.7931034482758621,5,false,true
1327362,openshift/rhc,ruby,369,1366740566,1366759695,1366759695,318,318,false,false,false,7,1,8,2,57,8761,5,2,36,813.6057527679488,37.32450633489328,169.50119849332268,252,jtharris,16,0.75,8,false,false
1325617,openshift/rhc,ruby,368,1366654663,1366667695,1366667695,217,217,false,false,false,7,1,10,6,57,8746,38,2,88,815.0011433798308,37.388520466498974,169.79190487079808,252,jtharris,15,0.7333333333333333,8,false,false
1390250,openshift/rhc,ruby,367,1366380231,1366387404,1366387404,119,119,false,false,false,7,1,6,1,58,8745,2,0,18,814.9799885648941,37.39279588336192,169.69696969696972,126,smarterclayton,86,0.7906976744186046,5,false,true
1390244,openshift/rhc,ruby,366,1366380091,1366387399,1366387399,121,121,false,false,false,7,1,6,2,58,8745,1,3,26,814.9799885648941,37.39279588336192,169.69696969696972,252,smarterclayton,85,0.788235294117647,10,false,true
1321133,openshift/rhc,ruby,365,1366302829,1366313448,1366313448,176,176,false,false,false,7,1,7,3,58,8736,16,21,28,815.3617216117216,37.43131868131868,169.75732600732601,126,jtharris,14,0.7142857142857143,4,false,false
1380876,openshift/rhc,ruby,364,1366202668,1366209780,1366209780,118,118,false,false,false,6,1,5,2,58,8736,3,11,23,814.5604395604396,37.31684981684982,169.5283882783883,252,smarterclayton,84,0.7857142857142857,10,false,true
1380871,openshift/rhc,ruby,363,1366202635,,1366202655,0,,false,false,false,6,1,0,2,58,8736,3,11,23,814.5604395604396,37.31684981684982,169.5283882783883,252,smarterclayton,83,0.7951807228915663,10,false,true
1380641,openshift/rhc,ruby,362,1366200089,1366211962,1366211962,197,197,false,false,false,6,1,5,2,58,8736,3,11,20,814.5604395604396,37.31684981684982,169.5283882783883,252,smarterclayton,82,0.7926829268292683,10,false,true
1374183,openshift/rhc,ruby,361,1366061524,1366125859,1366125860,1072,1072,false,false,false,5,3,4,7,59,8706,75,36,143,813.5768435561681,37.33057661382954,169.1936595451413,252,jtharris,13,0.6923076923076923,8,false,false
1373285,openshift/rhc,ruby,360,1366045984,1366071839,1366071839,430,430,false,false,false,5,1,7,5,60,8706,31,29,53,813.5768435561681,37.33057661382954,169.1936595451413,252,smarterclayton,81,0.7901234567901234,8,false,true
1372945,openshift/rhc,ruby,359,1366041013,1366061487,1366061487,341,341,false,false,false,5,1,8,2,60,8619,4,0,38,806.4740689175078,37.59136790810999,166.02854159415244,252,smarterclayton,80,0.7875,8,false,true
1364775,openshift/rhc,ruby,358,1365795946,1365885505,1365885505,1492,1492,false,false,false,4,1,7,6,61,8613,158,91,85,804.5977011494253,37.38534773017532,164.170440032509,252,smarterclayton,79,0.7848101265822784,8,false,true
1315850,openshift/rhc,ruby,357,1365789897,1366045755,1366045755,4264,4264,false,false,false,4,3,9,16,61,8619,402,175,267,806.4740689175078,37.59136790810999,166.02854159415244,126,smarterclayton,78,0.782051282051282,4,false,true
1363999,openshift/rhc,ruby,356,1365783244,1365788559,1365788559,88,88,false,false,false,4,1,1,1,61,8613,0,0,2,804.5977011494253,37.38534773017532,164.170440032509,252,brenton,2,0.5,20,false,false
1363350,openshift/rhc,ruby,355,1365773233,1365800466,1365800466,453,453,false,false,false,4,2,6,2,61,8613,8,0,17,804.5977011494253,37.38534773017532,164.170440032509,126,fabianofranz,42,0.9047619047619048,6,false,true
1354347,openshift/rhc,ruby,354,1365591800,1365595644,1365595644,64,64,false,false,false,4,1,3,2,62,8344,0,0,2,810.7622243528284,37.392138063279006,161.67305848513902,252,smarterclayton,77,0.7792207792207793,8,false,true
1352688,openshift/rhc,ruby,353,1365551858,1365570785,1365570785,315,315,false,false,false,4,1,5,1,62,8344,4,0,9,810.7622243528284,37.392138063279006,161.67305848513902,252,smarterclayton,76,0.7763157894736842,8,false,true
1309499,openshift/rhc,ruby,352,1365424608,1365697297,1365697297,4544,4544,false,false,false,4,23,26,60,61,8344,1841,936,785,810.7622243528284,37.392138063279006,161.67305848513902,126,smarterclayton,75,0.7733333333333333,4,false,true
1334954,openshift/rhc,ruby,351,1365107859,,1365157707,830,,false,false,false,4,3,2,1,62,8344,52,0,0,810.7622243528284,37.392138063279006,161.67305848513902,126,bdecoste,2,1.0,6,false,false
1316660,openshift/rhc,ruby,350,1364692882,,1365424523,12194,,false,false,false,4,8,5,34,63,8344,457,255,0,810.7622243528284,37.392138063279006,161.67305848513902,126,smarterclayton,74,0.7837837837837838,4,false,true
1311558,openshift/rhc,ruby,349,1364571627,1364598208,1364598208,443,443,false,false,false,4,2,7,28,62,8332,28,409,175,812.0499279884782,37.44599135861738,161.9059049447912,126,smarterclayton,73,0.7808219178082192,4,false,true
1307956,openshift/rhc,ruby,348,1364505013,1364539426,1364539426,573,573,false,false,false,4,1,8,3,63,8322,8,10,32,807.378034126412,37.490987743330926,161.01898582071615,126,smarterclayton,72,0.7777777777777778,4,false,true
1307842,openshift/rhc,ruby,347,1364503582,1364543645,1364543645,667,667,false,false,false,4,2,7,1,63,8322,639,0,46,807.378034126412,37.490987743330926,161.01898582071615,126,smarterclayton,71,0.7746478873239436,4,false,true
1309193,openshift/rhc,ruby,346,1364503058,1364528498,1364528498,424,424,false,false,false,4,1,10,10,63,8322,26,66,111,807.378034126412,37.490987743330926,161.01898582071615,126,smarterclayton,70,0.7714285714285715,4,false,true
1308187,openshift/rhc,ruby,345,1364489663,1364508082,1364508082,306,306,false,false,false,4,1,7,2,63,8321,6,19,17,807.4750630933783,37.49549333012859,161.03833673837278,126,fabianofranz,41,0.9024390243902439,6,false,true
1307050,openshift/rhc,ruby,344,1364481819,1364493327,1364493327,191,191,false,false,false,4,2,6,2,63,8321,5,0,1,807.4750630933783,37.49549333012859,161.03833673837278,126,jtharris,12,0.6666666666666666,4,false,false
1306549,openshift/rhc,ruby,343,1364480586,1364487052,1364487052,107,107,false,false,false,4,1,3,2,63,8321,6,19,17,807.4750630933783,37.49549333012859,161.03833673837278,126,fabianofranz,40,0.9,6,false,true
1303753,openshift/rhc,ruby,342,1364434905,1364445992,1364445992,184,184,false,false,false,4,1,8,0,63,8321,0,0,0,807.4750630933783,37.49549333012859,161.03833673837278,126,danmcp,1,1.0,7,false,true
1302500,openshift/rhc,ruby,341,1364395422,1364415960,1364415960,342,342,false,false,false,4,5,5,9,63,8283,99,53,140,804.9016056984184,36.82240734033563,160.32838343595316,126,fabianofranz,39,0.8974358974358975,6,false,true
1298684,openshift/rhc,ruby,340,1364326856,1364347867,1364347867,350,350,false,false,false,4,1,8,3,63,8282,4,1,51,798.7201159140304,36.34387829026805,159.38179183772036,126,BanzaiMan,53,0.7547169811320755,49,false,true
1299697,openshift/rhc,ruby,339,1364318085,1364371320,1364371320,887,887,false,false,false,4,2,10,7,64,8282,10,71,83,798.5993721323352,36.34387829026805,159.26104805602512,252,smarterclayton,69,0.7681159420289855,8,false,true
1299824,openshift/rhc,ruby,338,1364310334,1364324191,1364324191,230,230,false,false,false,4,1,10,2,64,8274,57,5,14,799.0089436789945,36.37901861252115,159.5358955765047,126,smarterclayton,68,0.7647058823529411,4,false,true
1299070,openshift/rhc,ruby,337,1364267364,1364356213,1364356214,1480,1480,false,false,false,4,2,3,4,63,8274,1261,14,32,799.0089436789945,36.37901861252115,159.5358955765047,126,smarterclayton,67,0.7611940298507462,4,false,true
1290261,openshift/rhc,ruby,335,1363964144,1364017259,1364017259,885,885,true,false,false,4,4,8,13,65,8107,242,122,134,794.9919822375725,35.40150487233255,159.4917972122857,252,fabianofranz,38,0.9210526315789473,12,false,true
1274440,openshift/rhc,ruby,334,1363668173,1363722667,1363722667,908,908,false,false,false,5,1,6,11,65,8065,70,0,13,799.1320520768754,35.58586484810911,160.32238065716055,252,kraman,5,0.6,36,false,true
1271545,openshift/rhc,ruby,333,1363616777,1363630088,1363630088,221,221,false,false,false,5,1,6,1,65,8063,6,0,38,799.3302740915292,35.59469180205878,160.36214808383974,252,smarterclayton,66,0.7575757575757576,8,false,true
1257154,openshift/rhc,ruby,332,1363274323,1363280374,1363280374,100,100,false,false,false,5,1,4,1,65,8063,0,9,13,797.9660176113109,35.47066848567531,160.23812476745627,252,jtharris,11,0.6363636363636364,8,false,false
1256421,openshift/rhc,ruby,331,1363267086,1363277714,1363277714,177,177,false,false,false,5,4,4,2,65,8063,5,17,15,797.9660176113109,35.47066848567531,160.23812476745627,252,BanzaiMan,52,0.75,96,false,true
1250168,openshift/rhc,ruby,329,1363125671,,1363129889,70,,false,false,false,5,1,4,2,64,8028,8,12,14,797.2097658196313,35.625311410064775,160.4384653712008,126,smarterclayton,65,0.7692307692307693,4,false,true
1250159,openshift/rhc,ruby,328,1363125578,1363146611,1363146611,350,350,true,false,false,5,1,6,2,64,8028,8,12,14,797.2097658196313,35.625311410064775,160.4384653712008,252,smarterclayton,64,0.78125,8,false,true
1234490,openshift/rhc,ruby,327,1362773452,1363139143,1363139143,6094,6094,true,false,false,5,2,2,7,64,8028,75,30,160,797.2097658196313,35.625311410064775,160.4384653712008,126,jtharris,10,0.7,4,false,false
1226546,openshift/rhc,ruby,326,1362594667,1362606062,1362606062,189,189,true,false,false,5,1,6,7,64,8003,57,18,99,797.8258153192552,35.73659877545921,160.4398350618518,252,smarterclayton,63,0.7936507936507936,8,false,true
1226506,openshift/rhc,ruby,325,1362594287,1362600150,1362600150,97,97,true,false,false,5,3,7,1,64,8003,9,0,18,797.8258153192552,35.73659877545921,160.4398350618518,126,BanzaiMan,51,0.7647058823529411,48,false,true
1225065,openshift/rhc,ruby,324,1362580607,1362588216,1362588216,126,126,true,false,false,5,1,8,2,64,8003,4,15,15,796.0764713232537,35.61164563288767,159.56516306385106,252,BanzaiMan,50,0.78,96,false,true
1221926,openshift/rhc,ruby,322,1362431444,1362439011,1362439011,126,126,true,false,false,5,1,7,4,64,7979,5,29,62,792.0792079207921,35.59343276099762,159.04248652713375,252,smarterclayton,62,0.8064516129032258,8,false,true
1221194,openshift/rhc,ruby,321,1362421192,1362432423,1362432423,187,187,true,false,false,5,3,7,2,64,7976,12,24,6,791.7502507522568,35.481444332999,158.72617853560683,252,BanzaiMan,49,0.7959183673469388,96,false,true
1220423,openshift/rhc,ruby,320,1362410871,1362427919,1362427919,284,284,true,false,false,5,1,5,2,65,7954,7,8,21,789.7912999748554,35.57958259994972,157.65652501885845,126,smarterclayton,61,0.819672131147541,4,false,true
1220383,openshift/rhc,ruby,319,1362410338,1362420321,1362420321,166,166,true,false,false,5,1,3,2,65,7954,2,6,3,789.7912999748554,35.57958259994972,157.65652501885845,252,smarterclayton,60,0.8333333333333334,8,false,true
1220320,openshift/rhc,ruby,318,1362409382,1362415554,1362415554,102,102,true,false,false,5,1,4,9,65,7954,60,87,83,789.7912999748554,35.57958259994972,157.65652501885845,126,smarterclayton,59,0.847457627118644,4,false,true
1220196,openshift/rhc,ruby,317,1362408004,1362412132,1362412132,68,68,true,false,false,5,1,4,1,64,7954,2,0,0,789.7912999748554,35.57958259994972,157.65652501885845,252,BanzaiMan,48,0.8125,96,false,true
1211340,openshift/rhc,ruby,316,1362158205,1362175688,1362175688,291,291,true,false,false,5,1,4,4,65,7947,18,33,47,786.7119667799169,35.610922360639236,156.66289165722912,252,smarterclayton,58,0.8620689655172413,8,false,true
1208047,openshift/rhc,ruby,315,1362089808,1362123918,1362123918,568,568,true,false,false,5,1,4,1,65,7947,2,0,7,786.7119667799169,35.610922360639236,156.66289165722912,252,BanzaiMan,47,0.8297872340425532,96,false,true
1207839,openshift/rhc,ruby,314,1362086455,1362098229,1362098229,196,196,true,false,false,5,1,9,1,65,7947,2,0,9,786.7119667799169,35.610922360639236,156.66289165722912,126,fotioslindiakos,26,0.7692307692307693,9,false,true
1207254,openshift/rhc,ruby,313,1362077891,1362433217,1362433217,5922,5922,true,false,false,5,3,19,5,65,7947,92,14,106,786.7119667799169,35.610922360639236,156.66289165722912,126,smarterclayton,57,0.8771929824561403,4,false,true
1202086,openshift/rhc,ruby,312,1361983619,1362002986,1362002986,322,322,true,false,false,5,1,7,4,65,7944,5,8,27,786.3796576032225,35.62437059415911,156.59617321248743,252,smarterclayton,56,0.8928571428571429,8,false,true
1194292,openshift/rhc,ruby,311,1361838939,1361848606,1361848606,161,161,true,false,false,5,1,3,1,66,7945,4,0,4,786.2806796727501,35.6198867212083,156.5764631843927,252,smarterclayton,55,0.9090909090909091,8,false,true
1193716,openshift/rhc,ruby,310,1361828253,1361833614,1361833614,89,89,true,false,false,5,12,2,39,66,7431,1038,782,543,771.3632081819405,37.67998923428879,146.95195801372628,126,smarterclayton,54,0.9259259259259259,4,false,true
1192695,openshift/rhc,ruby,309,1361748017,1361751447,1361751447,57,57,false,false,false,5,1,3,3,66,7422,21,2,22,772.2985718135274,37.7256804095931,147.1301535974131,126,smarterclayton,53,0.9245283018867925,4,false,true
1183887,openshift/rhc,ruby,308,1361547907,1361551880,1361551880,66,66,true,false,false,5,1,2,1,66,7424,0,0,1,774.2456896551723,37.71551724137931,148.03340517241378,252,maxamillion,2,1.0,12,false,true
1180030,openshift/rhc,ruby,307,1361469339,1361486687,1361486687,289,289,false,false,false,5,1,2,1,67,7424,0,0,0,774.2456896551723,37.71551724137931,148.03340517241378,252,maxamillion,1,1.0,12,false,true
1173170,openshift/rhc,ruby,306,1361328641,1361332659,1361332659,66,66,false,false,false,5,1,3,3,67,7393,23,13,40,778.7095901528472,37.8736642770188,147.84255376707696,252,smarterclayton,52,0.9230769230769231,8,false,true
1165639,openshift/rhc,ruby,305,1361189520,1362432425,1362432425,20715,20715,true,false,false,5,2,2,2,67,7393,12,16,8,771.8111727309616,37.8736642770188,148.24834302718787,126,mscherer,0,0,1,false,false
1159260,openshift/rhc,ruby,303,1360967556,1361545567,1361545567,9633,9633,true,false,false,5,1,6,1,66,7393,2,0,15,771.8111727309616,37.8736642770188,148.24834302718787,126,kraman,4,0.75,18,false,true
1159191,openshift/rhc,ruby,302,1360965939,1361202748,1361202748,3946,3946,true,false,false,5,1,7,2,66,7393,0,83,33,771.8111727309616,37.8736642770188,148.24834302718787,252,fotioslindiakos,25,0.8,18,false,true
1080894,openshift/rhc,ruby,301,1360721689,,1360727588,98,,false,false,false,5,2,4,5,64,7393,27,40,64,771.8111727309616,37.8736642770188,148.24834302718787,252,smarterclayton,51,0.9411764705882353,8,false,true
1080903,openshift/rhc,ruby,300,1360363532,1361404937,1361404937,17356,17356,true,false,false,5,16,19,18,63,7393,540,352,580,771.8111727309616,37.8736642770188,148.24834302718787,252,fotioslindiakos,24,0.8333333333333334,18,false,true
1080897,openshift/rhc,ruby,299,1360343149,,1363708699,56092,,false,false,false,5,1,0,15,63,7393,64,12,0,771.8111727309616,37.8736642770188,148.24834302718787,252,kraman,3,1.0,34,false,true
1080906,openshift/rhc,ruby,298,1360265351,1361555798,1361555798,21507,21507,true,false,false,5,1,10,2,65,7393,8,30,11,771.8111727309616,37.8736642770188,148.24834302718787,252,BanzaiMan,46,0.8478260869565217,92,false,true
975806,openshift/rhc,ruby,297,1360156915,1360160938,1360160938,67,67,false,false,false,5,1,3,2,67,7393,6,23,9,770.593804950629,37.8736642770188,147.70729068037332,250,BanzaiMan,45,0.8444444444444444,92,false,true
960099,openshift/rhc,ruby,296,1360076395,1360088636,1360088636,204,204,false,false,false,5,1,4,3,67,7365,51,7,89,769.3143245078072,37.610319076714184,147.99728445349626,250,smarterclayton,50,0.94,8,false,true
957454,openshift/rhc,ruby,295,1360012636,1360132012,1360132013,1989,1989,false,false,false,5,5,12,4,67,7365,57,52,199,769.3143245078072,37.610319076714184,147.99728445349626,250,BanzaiMan,44,0.8409090909090909,90,false,true
953940,openshift/rhc,ruby,294,1359918196,1359921281,1359921281,51,51,false,false,false,5,6,2,4,67,7333,113,76,189,766.6712123278331,37.3653347879449,147.14305195690713,125,smarterclayton,49,0.9387755102040817,4,false,true
952517,openshift/rhc,ruby,293,1359852759,1359918254,1359918254,1091,1091,true,false,false,5,4,7,3,67,7333,84,51,127,766.6712123278331,37.3653347879449,147.14305195690713,250,developercorey,1,0.0,0,false,false
952454,openshift/rhc,ruby,292,1359844413,1359850408,1359850408,99,99,true,false,false,5,1,0,1,67,7333,27,0,24,766.6712123278331,37.3653347879449,147.14305195690713,250,developercorey,0,0,0,false,false
946514,openshift/rhc,ruby,291,1359673404,1359695693,1359695693,371,371,false,false,false,5,2,3,10,67,7300,239,82,172,766.027397260274,37.12328767123288,145.75342465753425,250,smarterclayton,48,0.9375,8,false,true
946332,openshift/rhc,ruby,290,1359668611,1359688617,1359688617,333,333,false,false,false,5,1,4,1,67,7300,1,0,5,766.027397260274,37.12328767123288,145.75342465753425,125,jtharris,9,0.6666666666666666,4,false,false
967545,openshift/rhc,ruby,288,1359555103,1359604023,1359604023,815,815,false,false,false,5,1,0,1,67,8223,12,0,4,680.4086099963516,32.95634196765171,129.39316551137054,250,jtharris,8,0.625,8,false,false
942332,openshift/rhc,ruby,287,1359554833,1359607726,1359607726,881,881,false,false,false,5,4,5,7,67,8223,1216,13,87,680.4086099963516,32.95634196765171,129.39316551137054,250,jtharris,7,0.5714285714285714,8,false,false
926428,openshift/rhc,ruby,286,1359143388,1359268146,1359268146,2079,2079,false,false,false,5,2,3,2,66,8143,13,0,3,677.3916247083384,31.68365467272504,129.1907159523517,125,BanzaiMan,43,0.8372093023255814,44,false,true
846933,openshift/rhc,ruby,285,1359125637,1359182891,1359182891,954,954,false,false,false,5,1,4,6,66,8143,28,4,76,677.3916247083384,31.68365467272504,129.1907159523517,250,jtharris,6,0.5,8,false,false
837734,openshift/rhc,ruby,284,1358971545,1358978375,1358978375,113,113,false,false,false,5,4,5,3,67,8142,14,6,165,676.7379022353231,31.687546057479732,128.46966347334808,125,BanzaiMan,42,0.8333333333333334,44,false,true
837514,openshift/rhc,ruby,283,1358965888,1358973902,1358973903,133,133,false,false,false,5,1,2,3,68,8142,20,4,55,676.7379022353231,31.687546057479732,128.46966347334808,250,smarterclayton,47,0.9361702127659575,8,false,true
837515,openshift/rhc,ruby,282,1358965814,1358970378,1358970380,76,76,false,false,false,5,1,3,1,68,8142,2,0,33,676.7379022353231,31.687546057479732,128.46966347334808,250,BanzaiMan,41,0.8292682926829268,88,false,true
835368,openshift/rhc,ruby,281,1358922928,1358935396,1358935396,207,207,false,false,false,5,1,2,2,68,8168,0,0,4,665.1567091087169,31.341821743388834,125.12242899118512,250,smarterclayton,46,0.9347826086956522,8,false,true
834657,openshift/rhc,ruby,280,1358921284,1358931917,1358931917,177,177,false,false,false,5,3,2,5,68,8168,13,19,143,665.1567091087169,31.341821743388834,125.12242899118512,125,smarterclayton,45,0.9333333333333333,4,false,true
834965,openshift/rhc,ruby,279,1358918628,1358928960,1358928961,172,172,false,false,false,5,4,2,8,68,8168,132,112,183,665.1567091087169,31.341821743388834,125.12242899118512,250,smarterclayton,44,0.9318181818181818,8,false,true
822877,openshift/rhc,ruby,278,1358867232,1358885690,1358885691,307,307,false,false,false,5,2,5,3,68,8152,34,15,75,664.9901864573111,31.280667320902843,124.75466143277724,250,BanzaiMan,40,0.825,88,false,true
830185,openshift/rhc,ruby,277,1358804274,1358816309,1358816309,200,200,false,false,false,5,18,2,7,68,8076,313,52,295,671.9910846953939,31.822684497275876,125.30955918771669,125,smarterclayton,43,0.9302325581395349,4,false,true
830083,openshift/rhc,ruby,276,1358802416,1358804290,1358804290,31,31,true,false,false,5,16,0,7,67,8076,250,50,239,671.9910846953939,31.822684497275876,125.30955918771669,125,BanzaiMan,39,0.8461538461538461,44,false,true
827724,openshift/rhc,ruby,275,1358743538,1358761578,1358761578,300,300,false,false,false,5,1,2,9,68,8072,111,83,146,663.1565906838454,30.847373637264617,122.77006937561941,250,smarterclayton,42,0.9285714285714286,8,false,true
823411,openshift/rhc,ruby,274,1358515716,1358543106,1358543106,456,456,false,false,false,5,43,4,80,67,7440,3174,3223,1678,655.241935483871,37.76881720430107,98.9247311827957,125,smarterclayton,41,0.926829268292683,4,false,true
822695,openshift/rhc,ruby,273,1358449406,1358527284,1358527284,1297,1297,false,false,false,5,2,3,1,67,7440,0,0,0,655.241935483871,37.76881720430107,98.9247311827957,250,BanzaiMan,38,0.8421052631578947,86,false,true
910989,openshift/rhc,ruby,272,1357935885,,1358182097,4103,,false,false,false,5,5,5,7,65,7440,146,75,0,655.241935483871,37.76881720430107,98.9247311827957,250,BanzaiMan,37,0.8648648648648649,86,false,true
804980,openshift/rhc,ruby,271,1357926480,,1358774710,14137,,false,false,false,5,1,5,1,65,7440,4,0,0,655.241935483871,37.76881720430107,98.9247311827957,125,Coolhand,2,0.5,0,false,false
789258,openshift/rhc,ruby,270,1357760936,1357792978,1357792980,534,534,false,false,false,5,4,4,2,66,7440,9,0,112,655.241935483871,37.76881720430107,98.9247311827957,250,smarterclayton,40,0.925,8,false,true
784097,openshift/rhc,ruby,269,1357591889,1357667100,1357667100,1253,1253,false,false,false,5,1,3,1,67,7440,2,0,5,655.241935483871,37.76881720430107,98.9247311827957,250,Coolhand,1,0.0,0,false,false
783054,openshift/rhc,ruby,268,1357588771,,1357652344,1059,,false,false,false,5,1,1,1,67,7440,2,0,0,655.241935483871,37.76881720430107,98.9247311827957,250,Coolhand,0,0,0,false,false
967495,openshift/rhc,ruby,267,1357333894,1357536173,1357536173,3371,3371,false,false,false,5,1,3,4,67,7440,8,33,31,652.016129032258,37.76881720430107,98.5215053763441,125,BanzaiMan,36,0.8611111111111112,43,false,true
776393,openshift/rhc,ruby,266,1357156779,1357175977,1357175977,319,319,false,false,false,5,4,3,7,66,7434,39,31,94,648.3723432875976,37.66478342749529,97.79391982781813,250,smarterclayton,39,0.9230769230769231,8,false,true
778508,openshift/rhc,ruby,265,1356015674,,1357760959,29088,,false,false,false,5,1,9,1,73,7434,0,0,0,648.3723432875976,37.66478342749529,97.79391982781813,250,brenton,1,1.0,18,false,false
899037,openshift/rhc,ruby,264,1356006560,1356012030,1356012030,91,91,false,false,false,5,1,3,1,74,7434,0,0,6,648.3723432875976,37.66478342749529,97.79391982781813,250,BanzaiMan,35,0.8571428571428571,84,false,true
897735,openshift/rhc,ruby,263,1355950958,1357169159,1357169160,20303,20303,false,false,false,5,4,7,6,74,7434,24,86,68,648.3723432875976,37.66478342749529,97.79391982781813,250,fotioslindiakos,23,0.8260869565217391,18,false,true
897179,openshift/rhc,ruby,262,1355935695,,1355949572,231,,false,false,false,5,1,3,1,74,7432,1,0,0,648.5468245425188,37.67491926803014,97.82023681377825,250,Miciah,0,0,0,false,false
895038,openshift/rhc,ruby,261,1355859376,1355960488,1355960488,1685,1685,false,false,false,4,3,6,1,75,7432,0,0,9,648.5468245425188,37.67491926803014,97.82023681377825,246,BanzaiMan,34,0.8529411764705882,84,false,true
894570,openshift/rhc,ruby,260,1355847516,,1355850821,55,,false,false,false,4,1,2,1,75,6942,4,0,0,701.3828867761453,39.32584269662921,96.5139729184673,246,BanzaiMan,33,0.8787878787878788,84,false,true
757687,openshift/rhc,ruby,259,1355760140,1355847865,1355847865,1462,1462,false,false,false,4,13,7,74,75,6942,2554,1380,810,701.3828867761453,39.32584269662921,96.5139729184673,123,smarterclayton,38,0.9210526315789473,4,false,true
751701,openshift/rhc,ruby,258,1355501321,1355504848,1355504848,58,58,false,false,false,4,1,3,3,76,6939,12,11,32,700.2449920737859,39.1987318057357,96.41158668396022,122,jtharris,5,0.4,4,false,false
751647,openshift/rhc,ruby,257,1355500214,1355515505,1355515505,254,254,false,false,false,4,1,3,2,76,6939,10,7,7,700.2449920737859,39.1987318057357,96.41158668396022,122,BanzaiMan,32,0.875,41,false,true
749476,openshift/rhc,ruby,256,1355433636,1355444244,1355444244,176,176,false,false,false,4,1,3,5,76,7020,15,3,31,703.4188034188035,40.5982905982906,97.00854700854701,244,fotioslindiakos,22,0.8181818181818182,14,false,true
749465,openshift/rhc,ruby,255,1355433412,1355437890,1355437890,74,74,false,false,false,4,1,3,5,76,7020,15,3,32,703.4188034188035,40.5982905982906,97.00854700854701,122,fotioslindiakos,21,0.8095238095238095,7,false,true
748693,openshift/rhc,ruby,254,1355419957,1355425592,1355425592,93,93,false,false,false,4,1,3,3,77,7021,9,0,50,703.318615581826,40.59250818971656,96.994730095428,244,fotioslindiakos,20,0.8,14,false,true
748681,openshift/rhc,ruby,253,1355419815,,1355440849,350,,false,false,false,4,1,5,5,77,7020,219,176,0,703.4188034188035,40.5982905982906,97.00854700854701,244,jtharris,4,0.5,8,false,false
748546,openshift/rhc,ruby,252,1355417690,,1355435435,295,,false,false,false,4,1,4,5,77,7021,220,176,0,703.318615581826,40.59250818971656,96.994730095428,122,jtharris,3,0.6666666666666666,4,false,false
748526,openshift/rhc,ruby,251,1355417302,,1355417377,1,,false,false,false,4,1,0,4,77,7021,152,176,0,703.318615581826,40.59250818971656,96.994730095428,122,jtharris,2,1.0,4,false,false
748460,openshift/rhc,ruby,250,1355415990,1355766364,1355766364,5839,5839,false,false,false,4,1,3,2,77,7021,14,0,57,703.318615581826,40.59250818971656,96.994730095428,244,BanzaiMan,31,0.8709677419354839,80,false,true
745943,openshift/rhc,ruby,249,1355344744,1355351440,1355351440,111,111,false,false,false,4,1,5,2,78,7019,9,0,59,703.5190198033908,40.60407465450918,97.02236785866933,244,jtharris,1,1.0,8,false,false
744940,openshift/rhc,ruby,248,1355326111,1355339079,1355339079,216,216,false,false,false,4,1,6,1,78,7019,0,0,37,703.5190198033908,40.60407465450918,97.02236785866933,122,brenton,0,0,9,false,false
749441,openshift/rhc,ruby,247,1355272986,1355433034,1355433034,2667,2667,false,false,false,4,1,4,3,79,6994,9,0,54,706.0337432084643,40.74921361166714,97.36917357735202,122,fotioslindiakos,19,0.7894736842105263,7,false,true
648542,openshift/rhc,ruby,246,1355241931,1355326066,1355326067,1402,1402,false,false,false,4,9,11,10,79,6994,109,0,157,706.0337432084643,40.74921361166714,97.36917357735202,244,nhr,13,0.7692307692307693,2,false,true
702355,openshift/rhc,ruby,245,1354816419,1354901510,1354901510,1418,1418,false,false,false,4,1,3,1,80,6881,1,0,33,704.2581020200553,39.52913820665601,97.22424066269437,242,BanzaiMan,30,0.8666666666666667,78,false,true
679249,openshift/rhc,ruby,244,1354743789,1354901893,1354901893,2635,2635,false,false,false,4,1,7,1,81,6881,15,0,0,704.2581020200553,39.52913820665601,97.22424066269437,121,jtharris,0,0,4,false,false
678518,openshift/rhc,ruby,243,1354741279,1354746486,1354746486,86,86,false,false,false,4,1,3,1,81,6863,4,0,0,706.1052018067901,39.63281363835058,97.47923648550197,121,maxamillion,0,0,5,false,true
676760,openshift/rhc,ruby,242,1354737769,1354737782,1354737782,0,0,false,false,false,4,4,0,7,81,6848,26,16,61,705.8995327102804,39.719626168224295,97.10864485981308,242,smarterclayton,37,0.918918918918919,6,false,true
675268,openshift/rhc,ruby,241,1354734093,1354894857,1354894857,2679,2679,false,false,false,4,2,6,13,81,6881,155,110,98,704.2581020200553,39.52913820665601,97.22424066269437,242,nhr,12,0.75,2,false,true
663450,openshift/rhc,ruby,240,1354646436,1354666454,1354666454,333,333,false,false,false,4,1,2,9,82,6734,91,0,32,711.7612117612117,40.243540243540245,94.5945945945946,242,smarterclayton,36,0.9166666666666666,6,false,true
662985,openshift/rhc,ruby,239,1354644105,1354669447,1354669447,422,422,false,false,false,4,1,5,2,82,6829,12,0,72,707.8635232098403,39.83013618392151,97.37882559671986,121,BanzaiMan,29,0.8620689655172413,39,false,true
591236,openshift/rhc,ruby,238,1354451015,1354655771,1354655772,3412,3412,false,false,false,4,1,3,1,82,6734,2,0,8,711.7612117612117,40.243540243540245,94.5945945945946,240,brevilo,0,0,2,false,false
591010,openshift/rhc,ruby,237,1354228796,1354651914,1354651914,7051,7051,false,false,false,4,1,3,1,83,6734,5,0,8,711.7612117612117,40.243540243540245,94.5945945945946,120,anthonyfok,0,0,0,false,false
591103,openshift/rhc,ruby,235,1353537114,1353543720,1353543720,110,110,false,false,false,4,6,3,6,85,6725,67,24,124,712.5650557620818,40.29739776951673,94.57249070631971,116,smarterclayton,35,0.9142857142857143,3,false,true
591104,openshift/rhc,ruby,234,1353537088,1353541029,1353541029,65,65,false,false,false,4,6,3,6,85,6727,67,24,120,710.5693474059759,40.13676230117437,94.54437342054408,116,smarterclayton,34,0.9117647058823529,3,false,true
591102,openshift/rhc,ruby,233,1353512346,1353606837,1353606837,1574,1574,false,false,false,4,2,4,1,85,6725,13,0,98,712.5650557620818,40.29739776951673,94.57249070631971,116,fabianofranz,37,0.918918918918919,5,false,true
591106,openshift/rhc,ruby,232,1353427088,1353543723,1353543723,1943,1943,false,false,false,4,5,5,6,84,6725,65,24,112,712.5650557620818,40.29739776951673,94.57249070631971,116,fotioslindiakos,18,0.7777777777777778,7,false,true
499355,openshift/rhc,ruby,231,1353347717,1353358483,1353358483,179,179,false,false,false,4,4,5,14,84,6727,113,43,206,710.5693474059759,40.13676230117437,94.54437342054408,116,smarterclayton,33,0.9090909090909091,3,false,true
498538,openshift/rhc,ruby,229,1353332757,1353335999,1353335999,54,54,false,false,false,4,1,4,11,84,6687,122,68,178,709.5857634215643,40.376850605652756,94.66128308658591,116,smarterclayton,32,0.90625,3,false,true
495876,openshift/rhc,ruby,228,1353254696,1353277793,1353277793,384,384,false,false,false,4,1,4,11,85,6687,122,68,178,709.5857634215643,40.376850605652756,94.66128308658591,116,smarterclayton,31,0.9032258064516129,3,false,true
495232,openshift/rhc,ruby,227,1353218131,1353254724,1353254724,609,609,false,false,false,4,1,2,11,85,6687,122,68,178,709.5857634215643,40.376850605652756,94.66128308658591,116,smarterclayton,30,0.9,3,false,true
492834,openshift/rhc,ruby,226,1353100264,1353105116,1353105116,80,80,false,false,false,4,2,3,4,84,6688,26,2,116,709.4796650717703,40.37081339712919,94.64712918660287,116,fotioslindiakos,17,0.7647058823529411,7,false,true
492083,openshift/rhc,ruby,225,1353091926,1353347647,1353347647,4262,4262,false,false,false,4,1,1,1,84,6690,4,0,29,709.2675635276532,40.35874439461883,94.61883408071749,116,BanzaiMan,28,0.8571428571428571,37,false,true
481530,openshift/rhc,ruby,224,1353089254,1353100583,1353100583,188,188,false,false,false,4,1,7,1,84,6690,27,0,45,709.2675635276532,40.35874439461883,94.61883408071749,116,smarterclayton,29,0.896551724137931,3,false,true
491248,openshift/rhc,ruby,223,1353078005,,1353089617,193,,false,false,false,4,1,2,1,84,6690,2,0,0,709.2675635276532,40.35874439461883,94.61883408071749,116,BanzaiMan,27,0.8888888888888888,37,false,true
472271,openshift/rhc,ruby,222,1353003671,1353023989,1353023989,338,338,false,false,false,4,2,5,1,84,6690,0,0,5,709.2675635276532,40.35874439461883,94.61883408071749,116,fotioslindiakos,16,0.75,7,false,true
485750,openshift/rhc,ruby,221,1352990849,1352994413,1352994413,59,59,false,false,false,4,1,3,1,84,6690,2,0,21,709.2675635276532,40.35874439461883,94.61883408071749,116,BanzaiMan,26,0.8846153846153846,37,false,true
483638,openshift/rhc,ruby,220,1352944795,1352961948,1352961948,285,285,false,false,false,4,1,3,1,84,6690,3,0,14,709.2675635276532,40.35874439461883,94.61883408071749,116,fotioslindiakos,15,0.7333333333333333,7,false,true
481936,openshift/rhc,ruby,219,1352926546,1352944641,1352944641,301,301,false,false,false,4,2,5,2,84,6690,2,13,31,707.9222720478325,40.35874439461883,94.31988041853513,116,BanzaiMan,25,0.88,37,false,true
481570,openshift/rhc,ruby,218,1352920891,1353530284,1353530284,10156,10156,false,false,false,4,2,5,1,85,6690,0,0,51,706.576980568012,40.35874439461883,94.31988041853513,116,kraman,2,1.0,14,false,true
481226,openshift/rhc,ruby,217,1352916680,1352951222,1352951222,575,575,false,false,false,4,1,3,1,85,6690,2,0,33,706.576980568012,40.35874439461883,94.31988041853513,116,BanzaiMan,24,0.875,37,false,true
480793,openshift/rhc,ruby,216,1352910943,1352924870,1352924870,232,232,false,false,false,4,1,3,2,85,6690,1,11,26,706.576980568012,40.35874439461883,94.31988041853513,116,BanzaiMan,23,0.8695652173913043,37,false,true
480785,openshift/rhc,ruby,215,1352910760,1352921604,1352921604,180,180,false,false,false,4,1,2,1,85,6690,2,0,1,706.576980568012,40.35874439461883,94.31988041853513,116,fabianofranz,36,0.9166666666666666,5,false,true
476292,openshift/rhc,ruby,214,1352826615,1352837643,1352837643,183,183,false,false,false,4,1,4,1,85,6690,2,0,2,706.576980568012,40.35874439461883,94.31988041853513,116,abhgupta,1,1.0,1,false,false
475382,openshift/rhc,ruby,213,1352812309,1352827180,1352827180,247,247,false,false,false,4,1,2,1,85,6690,0,0,1,706.576980568012,40.35874439461883,94.31988041853513,116,fabianofranz,35,0.9142857142857143,5,false,true
461128,openshift/rhc,ruby,212,1352742154,1352757493,1352757493,255,255,false,false,false,4,2,6,9,85,6664,50,14,124,709.9339735894358,40.516206482593034,94.68787515006002,116,smarterclayton,28,0.8928571428571429,3,false,true
464600,openshift/rhc,ruby,211,1352505548,1352730691,1352730691,3752,3752,false,false,false,4,1,4,1,85,6663,2,0,16,710.040522287258,40.5222872579919,94.70208614738105,116,fabianofranz,34,0.9117647058823529,5,false,true
463650,openshift/rhc,ruby,210,1352483515,1352498611,1352498611,251,251,false,false,false,4,1,4,4,86,6639,61,205,63,704.9254405784003,38.86127428829643,93.08630817894262,116,smarterclayton,27,0.8888888888888888,3,false,true
459012,openshift/rhc,ruby,209,1352394942,1354648653,1354648653,37561,37561,false,false,false,5,83,9,6,85,6639,542,334,322,704.9254405784003,38.86127428829643,93.08630817894262,116,BanzaiMan,22,0.8636363636363636,37,false,true
591107,openshift/rhc,ruby,208,1351800832,1351892174,1351892174,1522,1522,false,false,false,5,3,3,8,84,6639,2,42,144,706.2810664256666,38.86127428829643,92.48380780237987,116,smarterclayton,26,0.8846153846153846,3,false,true
591108,openshift/rhc,ruby,207,1351781551,1351786046,1351786046,74,74,false,false,false,5,1,3,1,84,6620,2,0,6,706.1933534743202,38.82175226586103,92.59818731117825,116,smarterclayton,25,0.88,3,false,true
591109,openshift/rhc,ruby,206,1351717552,1351804381,1351804381,1447,1447,false,false,false,5,8,9,4,84,6620,149,89,394,706.1933534743202,38.82175226586103,92.59818731117825,115,fabianofranz,33,0.9090909090909091,5,false,true
591110,openshift/rhc,ruby,205,1351632809,1351658330,1351658330,425,425,false,false,false,5,4,3,11,84,6662,150,27,289,702.4917442209546,38.57700390273192,92.01441008706095,115,smarterclayton,24,0.875,3,false,true
591111,openshift/rhc,ruby,204,1351614617,1351619893,1351619893,87,87,false,false,false,5,1,2,3,84,6662,133,6,52,701.7412188531973,38.57700390273192,91.56409486640649,115,smarterclayton,23,0.8695652173913043,3,false,true
591112,openshift/rhc,ruby,203,1351601450,1351698812,1351698812,1622,1622,false,false,false,5,1,6,1,84,6662,2,0,26,702.4917442209546,38.57700390273192,92.01441008706095,115,BanzaiMan,21,0.8571428571428571,37,false,true
591113,openshift/rhc,ruby,202,1351600952,,1351601053,1,,false,false,false,5,1,0,1,84,6662,2,0,0,701.7412188531973,38.57700390273192,91.56409486640649,115,BanzaiMan,20,0.9,37,false,true
591114,openshift/rhc,ruby,201,1351555068,1351568642,1351568642,226,226,false,false,false,5,1,3,2,84,6662,6,0,96,701.7412188531973,38.57700390273192,91.56409486640649,115,danmcp,0,0,7,false,true
464176,openshift/rhc,ruby,200,1351540430,,1352495142,15911,,false,false,false,5,6,2,8,84,6662,81,51,0,701.7412188531973,38.57700390273192,91.56409486640649,115,BanzaiMan,19,0.9473684210526315,37,false,true
591115,openshift/rhc,ruby,199,1351539777,1351600737,1351600737,1016,1016,false,false,false,5,0,0,0,84,6662,0,0,0,701.7412188531973,38.57700390273192,91.56409486640649,115,BanzaiMan,18,0.9444444444444444,37,false,true
591116,openshift/rhc,ruby,198,1351536860,1351540943,1351540943,68,68,false,false,false,5,1,3,1,84,6662,2,0,15,701.7412188531973,38.57700390273192,91.56409486640649,115,fotioslindiakos,14,0.7142857142857143,7,false,true
591117,openshift/rhc,ruby,197,1351515466,1351525634,1351525634,169,169,false,false,false,5,3,3,10,85,6619,149,27,240,705.5446442060735,38.827617464873846,92.15893639522587,115,BanzaiMan,17,0.9411764705882353,37,false,true
591118,openshift/rhc,ruby,196,1351170816,1351261794,1351261794,1516,1516,false,false,false,5,1,0,1,85,6397,0,0,0,714.2410504924184,40.644051899327806,96.4514616226356,115,J5,57,0.8947368421052632,5,false,false
591119,openshift/rhc,ruby,195,1351010692,1351048458,1351048458,629,629,false,false,false,5,2,3,2,85,6395,6,0,33,714.4644253322908,40.65676309616888,96.48162627052385,115,fabianofranz,32,0.90625,5,false,true
591120,openshift/rhc,ruby,194,1350929110,1350962686,1350962686,559,559,false,false,false,5,2,3,2,85,6384,107,0,18,715.6954887218045,40.72681704260651,96.64786967418547,115,J5,56,0.8928571428571429,5,false,false
591121,openshift/rhc,ruby,193,1350916288,1350949656,1350949656,556,556,false,false,false,5,5,2,3,85,6384,3,2,23,715.6954887218045,40.72681704260651,96.64786967418547,115,fabianofranz,31,0.9032258064516129,5,false,true
591122,openshift/rhc,ruby,192,1350666067,1350787768,1350787768,2028,2028,false,false,false,5,1,4,2,86,6374,4,0,7,722.7800439284593,40.947599623470346,96.95638531534358,115,calfonso,4,1.0,2,false,false
591123,openshift/rhc,ruby,191,1350579235,1351204828,1351204828,10426,10426,false,false,false,5,9,12,24,87,6397,599,178,337,714.2410504924184,40.644051899327806,96.4514616226356,115,fotioslindiakos,13,0.6923076923076923,7,false,true
591124,openshift/rhc,ruby,190,1350578736,1350657277,1350657277,1309,1309,false,false,false,5,2,3,8,87,6294,53,0,59,725.7705751509374,40.51477597712107,97.23546234509057,115,J5,55,0.8909090909090909,5,false,false
591125,openshift/rhc,ruby,189,1350568279,1350593216,1350593216,415,415,false,false,false,5,1,4,1,87,6288,8,0,36,723.441475826972,40.39440203562341,96.69211195928753,115,J5,54,0.8888888888888888,5,false,false
591126,openshift/rhc,ruby,188,1350565848,1350674783,1350674783,1815,1815,false,false,false,5,5,3,3,87,6350,103,35,93,725.511811023622,41.10236220472441,97.32283464566929,115,BanzaiMan,16,0.9375,37,false,true
591127,openshift/rhc,ruby,187,1350513190,1350685238,1350685238,2867,2867,false,false,false,5,4,4,8,87,6350,2,156,125,725.511811023622,41.10236220472441,97.32283464566929,115,smarterclayton,22,0.8636363636363636,3,false,true
591129,openshift/rhc,ruby,186,1350497039,1350571639,1350571639,1243,1243,false,false,false,5,1,4,2,87,6243,10,30,16,715.5213839500241,39.72449143040205,96.4279993592824,115,smarterclayton,21,0.8571428571428571,3,false,true
591130,openshift/rhc,ruby,185,1350493624,1350593106,1350593106,1658,1658,false,false,false,5,2,4,1,87,6288,8,0,46,723.441475826972,40.39440203562341,96.69211195928753,115,BanzaiMan,15,0.9333333333333333,37,false,true
591132,openshift/rhc,ruby,184,1350425745,1350603985,1350603985,2970,2970,false,false,false,5,10,12,4,87,6294,136,60,27,725.7705751509374,40.51477597712107,97.23546234509057,230,fabianofranz,30,0.9,10,false,true
591133,openshift/rhc,ruby,183,1350407784,,1350479065,1188,,false,false,false,5,1,1,1,87,6243,26,0,0,712.3177959314431,39.56431202947301,96.26781995835336,230,J5,53,0.9056603773584906,10,false,false
591134,openshift/rhc,ruby,182,1350406285,1350428436,1350428436,369,369,false,false,false,5,1,3,1,87,6243,0,23,5,712.3177959314431,39.56431202947301,96.26781995835336,115,BanzaiMan,14,0.9285714285714286,37,false,true
591136,openshift/rhc,ruby,181,1350404452,1350499191,1350499191,1578,1578,false,false,true,5,3,7,5,87,6243,81,115,54,715.5213839500241,39.72449143040205,96.4279993592824,115,BanzaiMan,13,0.9230769230769231,37,false,true
591137,openshift/rhc,ruby,180,1350398740,1350404306,1350404306,92,92,false,false,false,5,2,4,2,88,6236,8,0,32,713.1173829377806,39.60872354073123,96.37588197562539,115,J5,52,0.9038461538461539,5,false,false
591138,openshift/rhc,ruby,179,1350315581,1350404910,1350404910,1488,1488,false,false,false,5,1,4,1,88,6236,10,0,9,713.1173829377806,39.60872354073123,96.37588197562539,115,J5,51,0.9019607843137255,5,false,false
591139,openshift/rhc,ruby,178,1350311430,1350318077,1350318077,110,110,false,false,false,5,1,4,1,88,6236,2,0,2,713.1173829377806,39.60872354073123,96.37588197562539,115,calfonso,3,1.0,2,false,false
591140,openshift/rhc,ruby,177,1349981451,1350010141,1350010141,478,478,false,false,false,7,1,4,1,87,6239,0,8,7,712.1333547042796,39.589677832986055,96.16925789389325,114,fabianofranz,29,0.896551724137931,5,false,true
591141,openshift/rhc,ruby,176,1349970372,1350015892,1350015893,758,758,false,false,false,7,1,3,2,87,6239,171,0,29,712.1333547042796,39.589677832986055,96.16925789389325,228,jwhonce,8,0.625,2,false,false
591142,openshift/rhc,ruby,175,1349968963,1349984053,1349984053,251,251,false,false,false,7,1,3,4,87,6239,26,15,41,712.1333547042796,39.589677832986055,96.16925789389325,228,BanzaiMan,12,0.9166666666666666,74,false,true
591143,openshift/rhc,ruby,174,1349882500,,1349969697,1453,,false,false,false,7,1,1,1,87,5408,95,0,0,669.008875739645,37.53698224852071,90.7914201183432,114,jwhonce,7,0.7142857142857143,1,false,false
591144,openshift/rhc,ruby,173,1349880227,1349894116,1349894116,231,231,false,false,false,7,1,3,1,87,5408,0,0,0,669.008875739645,37.53698224852071,90.7914201183432,114,calfonso,2,1.0,2,false,false
591145,openshift/rhc,ruby,172,1349452044,1350595940,1350595940,19064,19064,false,false,false,7,1,5,1,85,6294,6,0,10,725.7705751509374,40.51477597712107,97.23546234509057,228,fotioslindiakos,12,0.6666666666666666,14,false,true
591146,openshift/rhc,ruby,171,1349297344,1349300881,1349300881,58,58,false,false,false,7,2,2,2,85,5408,4,0,28,669.008875739645,37.53698224852071,90.7914201183432,228,mrunalp,0,0,8,false,false
442744,openshift/rhc,ruby,170,1348770756,1348771365,1348771365,10,10,true,false,false,7,16,0,34,84,5336,255,162,707,649.3628185907047,37.29385307346327,91.07946026986507,113,J5,50,0.92,5,false,false
441829,openshift/rhc,ruby,169,1348751391,1349963680,1349963680,20204,20204,false,false,false,7,332,3,99,84,5394,3701,2254,2436,670.7452725250278,37.634408602150536,91.02706711160549,226,J5,49,0.9183673469387755,10,false,false
437242,openshift/rhc,ruby,168,1348599252,,1348599302,0,,false,false,false,7,113,0,64,83,5394,2850,1431,0,670.7452725250278,37.634408602150536,91.02706711160549,226,fabianofranz,28,0.9285714285714286,10,false,true
436909,openshift/rhc,ruby,167,1348592190,1349119918,1349119918,8795,8795,false,false,false,7,26,4,12,83,5394,43,2,74,670.7452725250278,37.634408602150536,91.02706711160549,226,J5,48,0.9166666666666666,10,false,false
434535,openshift/rhc,ruby,166,1348514163,1348544849,1348544849,511,511,false,false,false,7,1,3,1,82,5394,0,0,0,670.7452725250278,37.634408602150536,91.02706711160549,226,calfonso,1,1.0,4,false,false
411990,openshift/rhc,ruby,165,1347671395,1349100332,1349100332,23815,23815,false,false,false,8,2,3,2,77,5394,13,0,21,670.7452725250278,37.634408602150536,91.02706711160549,112,BanzaiMan,11,0.9090909090909091,37,false,true
409823,openshift/rhc,ruby,164,1347643959,1347657631,1347657631,227,227,false,false,false,8,1,3,7,77,5369,154,0,47,673.868504376979,37.809647979139505,91.45092195939654,224,fotioslindiakos,11,0.6363636363636364,14,false,true
401254,openshift/rhc,ruby,163,1347543125,1347547384,1347547384,70,70,false,false,false,8,1,3,2,77,5336,2,0,11,649.3628185907047,37.29385307346327,91.07946026986507,222,BanzaiMan,10,0.9,74,false,true
400801,openshift/rhc,ruby,162,1347540455,1347546138,1347546138,94,94,false,false,false,8,8,5,9,77,5337,51,36,30,648.1169196177627,37.28686528011992,90.87502342139778,222,BanzaiMan,9,0.8888888888888888,74,false,true
374616,openshift/rhc,ruby,161,1347534079,1347551647,1347551647,292,292,false,false,false,8,2,9,16,77,5336,46,160,112,649.3628185907047,37.29385307346327,91.07946026986507,222,calfonso,0,0,4,false,false
391017,openshift/rhc,ruby,160,1347477692,1347485343,1347485343,127,127,false,false,false,8,7,3,9,76,5337,51,36,30,648.1169196177627,37.28686528011992,90.87502342139778,222,BanzaiMan,8,0.875,74,false,true
387480,openshift/rhc,ruby,159,1347460188,1347465202,1347465202,83,83,false,false,false,8,1,4,1,76,5337,4,0,10,648.1169196177627,37.28686528011992,90.87502342139778,222,BanzaiMan,7,0.8571428571428571,74,false,true
414720,openshift/rhc,ruby,158,1347392699,1347432986,1347432986,671,671,false,false,false,8,1,3,1,76,5337,4,0,26,648.1169196177627,37.28686528011992,90.87502342139778,222,jwhonce,6,0.6666666666666666,2,false,false
414431,openshift/rhc,ruby,157,1347374616,1347390647,1347390647,267,267,false,false,false,8,1,3,1,75,5237,2,0,5,660.4926484628604,37.99885430590032,92.61027305709375,222,J5,47,0.9148936170212766,10,false,false
387411,openshift/rhc,ruby,156,1347368519,1347459694,1347459694,1519,1519,false,false,false,8,1,8,1,75,5237,2,0,4,660.4926484628604,37.99885430590032,92.61027305709375,111,nhr,11,0.7272727272727273,0,false,true
367896,openshift/rhc,ruby,155,1347365972,1347386283,1347386283,338,338,false,false,false,8,2,3,2,75,5237,6,0,28,660.4926484628604,37.99885430590032,92.61027305709375,222,J5,46,0.9130434782608695,10,false,false
366763,openshift/rhc,ruby,154,1347321673,1347351950,1347351950,504,504,false,false,false,8,1,2,1,75,5237,2,0,25,660.4926484628604,37.99885430590032,92.61027305709375,111,J5,45,0.9111111111111111,5,false,false
365402,openshift/rhc,ruby,153,1347281866,1347379101,1347379101,1620,1620,false,false,false,8,11,8,25,75,5156,609,177,164,645.8494957331264,37.04422032583398,85.53141970519783,111,BanzaiMan,6,0.8333333333333334,37,false,true
361227,openshift/rhc,ruby,152,1347043331,,1347279233,3931,,false,false,false,8,7,1,12,73,5047,445,173,0,625.5201109570042,35.86288884485833,84.20844065781652,222,smarterclayton,20,0.9,4,false,true
359416,openshift/rhc,ruby,151,1346988024,1347016235,1347016235,470,470,false,false,false,8,1,3,2,73,5023,2,2,23,625.7216802707545,36.034242484570974,84.0135377264583,111,J5,44,0.9090909090909091,5,false,false
358087,openshift/rhc,ruby,150,1346942623,1347007179,1347007179,1075,1075,false,false,false,8,3,9,5,73,5023,79,20,180,625.7216802707545,36.034242484570974,84.0135377264583,111,J5,43,0.9069767441860465,5,false,false
356142,openshift/rhc,ruby,149,1346869750,1347317644,1347317644,7464,7464,false,false,false,8,11,26,14,73,5023,783,326,135,625.7216802707545,36.034242484570974,84.0135377264583,222,fabianofranz,27,0.9259259259259259,10,false,true
353174,openshift/rhc,ruby,148,1346772959,1346862468,1346862468,1491,1491,false,false,false,8,4,4,4,72,5019,21,34,66,623.4309623430962,35.86371787208607,83.88125124526798,111,J5,42,0.9047619047619048,5,false,false
353122,openshift/rhc,ruby,147,1346771736,,1349956618,53081,,false,false,false,8,32,8,15,72,5019,548,218,0,623.4309623430962,35.86371787208607,83.88125124526798,222,J5,41,0.926829268292683,10,false,false
347212,openshift/rhc,ruby,146,1346436295,,1349101897,44426,,false,false,false,8,2,3,4,71,5008,42,50,0,618.6102236421725,35.94249201277955,83.46645367412141,110,fotioslindiakos,10,0.7,7,false,true
346977,openshift/rhc,ruby,145,1346428976,1346440054,1346440054,184,184,false,false,false,8,1,3,1,71,5008,2,0,7,618.6102236421725,35.94249201277955,83.46645367412141,220,nhr,10,0.7,0,false,true
346761,openshift/rhc,ruby,144,1346422205,1346683545,1346683545,4355,4355,false,false,false,8,4,8,25,71,5008,634,98,292,618.6102236421725,35.94249201277955,83.46645367412141,220,smarterclayton,19,0.8947368421052632,4,false,true
345325,openshift/rhc,ruby,143,1346356786,1346362693,1346362693,98,98,false,false,false,8,1,5,0,70,4915,7,0,1,630.3153611393692,36.622583926754835,85.04577822990844,220,J5,40,0.925,10,false,false
340161,openshift/rhc,ruby,142,1346174791,1346421929,1346421929,4118,4118,false,false,false,8,20,15,26,69,4915,592,0,131,630.3153611393692,36.622583926754835,85.04577822990844,220,fotioslindiakos,9,0.6666666666666666,14,false,true
326038,openshift/rhc,ruby,141,1346168500,1347058684,1347058684,14836,14836,false,false,false,8,83,32,12,68,4915,142,217,56,630.3153611393692,36.622583926754835,85.04577822990844,220,BanzaiMan,5,0.8,72,false,true
338428,openshift/rhc,ruby,140,1345837013,1345850169,1345850169,219,219,false,false,false,8,1,4,3,67,4860,2,14,68,634.5679012345679,36.83127572016461,85.39094650205762,109,J5,39,0.9230769230769231,5,false,false
338328,openshift/rhc,ruby,139,1345829241,1345834120,1345834120,81,81,false,false,false,8,40,4,40,67,4740,1137,968,926,700.8438818565401,39.24050632911393,94.0928270042194,218,smarterclayton,18,0.8888888888888888,4,true,true
337740,openshift/rhc,ruby,138,1345770784,1345841654,1345841654,1181,1181,false,false,false,8,9,6,9,66,4740,255,0,35,700.8438818565401,39.24050632911393,94.0928270042194,109,fotioslindiakos,8,0.625,7,false,true
264459,openshift/rhc,ruby,137,1345734803,1345916080,1345916080,3021,3021,false,false,false,8,1,4,2,66,4740,1,0,3,700.8438818565401,39.24050632911393,94.0928270042194,218,BanzaiMan,4,0.75,72,false,true
259933,openshift/rhc,ruby,136,1345653849,1345673085,1345673085,320,320,false,false,false,8,2,4,1,65,4743,21,0,10,700.4005903436644,39.21568627450981,94.03331224963104,218,BanzaiMan,3,0.6666666666666666,72,false,true
259894,openshift/rhc,ruby,135,1345652453,1345660248,1345660248,129,129,false,false,false,8,1,6,1,65,4743,2,0,18,700.4005903436644,39.21568627450981,94.03331224963104,218,J5,38,0.9210526315789473,6,false,false
259801,openshift/rhc,ruby,134,1345649256,1345662470,1345662470,220,220,false,false,false,8,1,4,1,65,4743,2,0,35,700.4005903436644,39.21568627450981,94.03331224963104,218,rmillner,1,1.0,4,false,false
216037,openshift/rhc,ruby,133,1345646636,1345834122,1345834122,3124,3124,false,false,false,8,3,13,23,65,4743,503,548,251,700.4005903436644,39.21568627450981,94.03331224963104,218,smarterclayton,17,0.8823529411764706,4,false,true
259677,openshift/rhc,ruby,132,1345645326,1345657478,1345657478,202,202,false,false,false,8,4,7,13,65,4743,4,0,80,700.4005903436644,39.21568627450981,94.03331224963104,218,fabianofranz,26,0.9230769230769231,10,false,true
259360,openshift/rhc,ruby,131,1345636936,,1345640618,61,,false,false,false,8,2,3,8,65,4743,8,48,0,700.4005903436644,39.21568627450981,94.03331224963104,218,BanzaiMan,2,1.0,70,false,true
258505,openshift/rhc,ruby,130,1345595742,1345650794,1345650794,917,917,false,false,false,8,2,5,1,65,4743,4,0,6,700.4005903436644,39.21568627450981,94.03331224963104,109,BanzaiMan,1,1.0,35,false,true
258481,openshift/rhc,ruby,129,1345594448,1345643231,1345643231,813,813,false,false,false,8,1,4,3,65,4743,1218,0,5,700.4005903436644,39.21568627450981,94.03331224963104,109,BanzaiMan,0,0,35,false,true
191105,openshift/rhc,ruby,128,1345565262,1345576793,1345576793,192,192,false,false,false,8,2,6,1,65,4743,0,0,14,700.4005903436644,39.21568627450981,94.03331224963104,218,nhr,9,0.6666666666666666,0,false,true
256135,openshift/rhc,ruby,127,1345497892,1345644304,1345644304,2440,2440,true,false,false,8,1,3,13,65,4740,4,0,80,700.8438818565401,39.24050632911393,94.0928270042194,218,fabianofranz,25,0.96,10,false,true
255818,openshift/rhc,ruby,126,1345486561,1345508665,1345508665,368,368,false,false,false,8,2,4,4,65,4740,14,4,47,700.8438818565401,39.24050632911393,94.0928270042194,218,J5,37,0.918918918918919,6,false,false
250718,openshift/rhc,ruby,125,1345211096,1345226548,1345226548,257,257,false,false,false,8,2,4,3,64,4734,10,9,45,702.5771018166456,39.29024081115336,94.2120828052387,216,J5,36,0.9166666666666666,6,false,false
249417,openshift/rhc,ruby,124,1345153776,1345217153,1345217153,1056,1056,false,false,false,9,1,8,1,64,4734,14,0,6,702.5771018166456,39.29024081115336,94.2120828052387,216,lnader,6,0.6666666666666666,0,false,false
248722,openshift/rhc,ruby,123,1345134262,1345142412,1345142412,135,135,false,false,false,9,3,4,2,64,4728,10,0,67,703.4686971235194,39.34010152284264,94.331641285956,216,J5,35,0.9142857142857143,6,false,false
69743,openshift/rhc,ruby,122,1344973214,1345049297,1345049297,1268,1268,false,false,false,9,4,8,4,64,4721,52,0,134,704.5117559839017,39.39843253547977,94.47151027324719,214,J5,34,0.9117647058823529,6,false,false
69519,openshift/rhc,ruby,121,1344958399,1344970796,1344970796,206,206,false,false,false,9,3,6,11,64,4701,90,23,130,703.8927887683471,39.35332907891938,94.4479897894065,214,J5,33,0.9090909090909091,6,false,false
69578,openshift/rhc,ruby,120,1344875114,1345834121,1345834122,15983,15983,false,false,false,9,42,22,21,63,4701,630,416,545,703.8927887683471,39.35332907891938,94.4479897894065,214,J5,32,0.90625,6,false,false
113167,openshift/rhc,ruby,119,1344705880,,1358515761,230104,,false,false,true,9,1,7,1,63,4701,1,0,0,703.8927887683471,39.35332907891938,94.4479897894065,212,joerocklin,0,0,0,false,false
235139,openshift/rhc,ruby,117,1344215281,1344215349,1344215349,1,1,false,false,false,9,1,0,1,61,4355,6,0,15,684.7301951779564,37.42824339839265,89.78185993111366,212,smarterclayton,16,0.875,4,false,true
235138,openshift/rhc,ruby,116,1344215210,1344230385,1344230385,252,252,false,false,false,9,1,3,1,61,4350,6,0,15,685.5172413793103,37.4712643678161,89.88505747126436,106,smarterclayton,15,0.8666666666666667,2,false,true
229488,openshift/rhc,ruby,115,1343931240,1343931355,1343931355,1,1,false,false,false,9,1,1,1,61,4355,2,0,3,684.7301951779564,37.42824339839265,89.78185993111366,208,lnader,5,0.6,0,false,false
229422,openshift/rhc,ruby,114,1343929241,1343929841,1343929841,10,10,false,false,false,9,2,1,4,61,4356,115,11,36,683.1955922865014,37.41965105601469,89.30211202938476,208,smarterclayton,14,0.8571428571428571,0,false,true
229416,openshift/rhc,ruby,113,1343929083,1343929539,1343929539,7,7,false,false,false,9,1,1,1,61,4350,9,0,2,685.5172413793103,37.4712643678161,89.88505747126436,208,lnader,4,0.5,0,false,false
229255,openshift/rhc,ruby,112,1343925433,1343929034,1343929034,60,60,false,false,false,9,2,1,4,61,4356,115,11,36,683.1955922865014,37.41965105601469,89.30211202938476,208,smarterclayton,13,0.8461538461538461,0,false,true
591078,openshift/rhc,ruby,111,1343769343,1343825623,1343825623,938,938,false,false,false,9,1,1,1,61,4365,0,0,7,681.786941580756,37.34249713631157,89.11798396334478,103,fabianofranz,24,0.9583333333333334,3,false,true
591080,openshift/rhc,ruby,110,1343765475,1343825648,1343825649,1002,1002,false,false,false,9,1,1,3,61,4365,25,0,18,681.786941580756,37.34249713631157,89.11798396334478,206,lnader,3,0.3333333333333333,0,false,false
591075,openshift/rhc,ruby,109,1343692234,1343692626,1343692626,6,6,false,false,false,9,1,2,3,61,4366,8,0,20,681.6307833256986,37.333944113605135,89.09757214841962,102,smarterclayton,12,0.8333333333333334,0,false,true
591076,openshift/rhc,ruby,108,1343680543,,1343765136,1409,,false,false,false,9,1,5,5,61,4362,93,0,0,680.1925722145805,37.36817973406694,89.17927556166896,204,lnader,2,0.5,0,false,false
591072,openshift/rhc,ruby,107,1343675530,,1343680303,79,,false,false,false,9,1,1,5,61,4362,93,0,0,680.1925722145805,37.36817973406694,89.17927556166896,202,lnader,1,1.0,0,false,false
591073,openshift/rhc,ruby,106,1343675039,1343681019,1343681019,99,99,false,false,false,9,2,1,13,61,4362,24,77,60,680.1925722145805,37.36817973406694,89.17927556166896,202,smarterclayton,11,0.8181818181818182,0,false,true
591074,openshift/rhc,ruby,105,1343241340,1343304482,1343304482,1052,1052,false,false,false,9,1,2,1,60,4351,2,0,9,681.9122040910136,37.462652263847396,89.40473454378304,200,lnader,0,0,0,false,false
64363,openshift/rhc,ruby,104,1343048220,1344556951,1344556951,25145,25145,false,false,false,10,98,69,51,59,4351,1277,603,446,681.9122040910136,37.462652263847396,89.40473454378304,200,J5,31,0.9032258064516129,6,false,false
213357,openshift/rhc,ruby,103,1342576940,1343607937,1343607937,17183,17183,false,false,false,12,2,2,7,54,4351,47,0,24,681.9122040910136,37.462652263847396,89.40473454378304,198,smarterclayton,10,0.8,0,false,true
591070,openshift/rhc,ruby,102,1342437739,,1342437872,2,,false,false,false,13,5,0,3,51,4351,0,0,82,650.4251896115836,36.31349115145943,87.10641231900712,99,edvillan15,0,0,0,false,false
591071,openshift/rhc,ruby,101,1342201194,1342201245,1342201245,0,0,false,false,false,12,3,1,1,51,4352,0,0,12,641.0845588235294,35.61580882352941,86.16727941176471,98,fotioslindiakos,7,0.5714285714285714,7,false,true
591077,openshift/rhc,ruby,100,1342189932,1342462306,1342462306,4539,4539,false,false,false,12,5,4,12,50,4351,50,365,15,650.4251896115836,36.31349115145943,87.10641231900712,98,nhr,8,0.625,0,false,true
591082,openshift/rhc,ruby,99,1342100358,1342105139,1342105139,79,79,false,false,false,13,1,0,4,50,4352,13,48,9,641.0845588235294,35.61580882352941,86.16727941176471,98,J5,30,0.9,3,false,false
591068,openshift/rhc,ruby,98,1342036255,1342037560,1342037560,21,21,false,false,false,14,3,0,12,50,4284,166,10,28,650.5602240896359,36.1811391223156,87.53501400560224,98,J5,29,0.896551724137931,3,false,false
591066,openshift/rhc,ruby,97,1342034080,1342110983,1342110984,1281,1281,false,false,false,14,3,1,1,50,4284,0,0,12,650.5602240896359,36.1811391223156,87.53501400560224,98,fotioslindiakos,6,0.5,7,false,true
591067,openshift/rhc,ruby,96,1342029397,1342031675,1342031675,37,37,false,false,false,14,1,1,2,50,4276,3,49,2,638.6810102899907,36.014967259120674,86.99719363891488,98,nhr,7,0.5714285714285714,0,false,true
591069,openshift/rhc,ruby,95,1342024861,,1342029294,73,,false,false,false,14,1,2,2,49,4276,3,50,0,638.6810102899907,36.014967259120674,86.99719363891488,98,nhr,6,0.6666666666666666,0,false,true
591258,openshift/rhc,ruby,94,1342020424,1342033533,1342033533,218,218,false,false,false,14,6,4,3,49,4276,42,13,12,638.6810102899907,36.014967259120674,86.99719363891488,98,fabianofranz,23,0.9565217391304348,3,false,true
591064,openshift/rhc,ruby,93,1341950099,,1342024759,1244,,false,false,false,14,1,3,2,48,4276,3,50,0,638.6810102899907,36.014967259120674,86.99719363891488,98,nhr,5,0.8,0,false,true
591065,openshift/rhc,ruby,92,1341949339,1341952129,1341952129,46,46,false,false,false,15,2,3,5,48,4252,100,58,12,633.349012229539,35.74788334901223,86.54750705550329,98,J5,28,0.8928571428571429,3,false,false
591259,openshift/rhc,ruby,91,1341855588,1341856504,1341856504,15,15,false,false,false,15,3,1,2,45,4221,3,0,12,623.7858327410565,34.588959962094286,85.7616678512201,98,fabianofranz,22,0.9545454545454546,3,false,true
591062,openshift/rhc,ruby,90,1341851848,1341864072,1341864072,203,203,false,false,false,15,4,1,6,46,4221,82,73,11,623.7858327410565,34.588959962094286,85.7616678512201,98,J5,27,0.8888888888888888,3,false,false
591060,openshift/rhc,ruby,89,1341593346,1341846704,1341846704,4222,4222,false,false,false,15,1,6,1,46,4095,19,0,1,549.4505494505495,31.013431013431013,77.41147741147742,98,nhr,4,0.75,0,false,true
591061,openshift/rhc,ruby,88,1341575914,1341846354,1341846354,4507,4507,false,false,false,15,1,3,2,45,4095,0,414,1,549.4505494505495,31.013431013431013,77.41147741147742,98,nhr,3,0.6666666666666666,0,false,true
591063,openshift/rhc,ruby,87,1341535590,1341846683,1341846683,5184,5184,false,false,false,15,3,0,8,45,4095,159,0,12,549.4505494505495,31.013431013431013,77.41147741147742,98,J5,26,0.8846153846153846,3,false,false
591058,openshift/rhc,ruby,86,1341342043,1341494224,1341494224,2536,2536,false,false,false,16,1,1,4,45,4100,11,539,4,433.1707317073171,22.926829268292682,67.8048780487805,98,nhr,2,0.5,0,false,true
591059,openshift/rhc,ruby,84,1340992216,1341236652,1341236652,4073,4073,false,false,false,16,7,2,24,43,4093,149,1,51,433.66723674566333,22.96603957977034,67.92084045932079,98,J5,25,0.88,3,false,false
591260,openshift/rhc,ruby,83,1340982080,,1340996458,239,,false,false,false,16,1,1,1,43,4093,0,0,0,433.66723674566333,22.96603957977034,67.92084045932079,98,jwhonce,5,0.8,1,false,false
591148,openshift/rhc,ruby,82,1340966367,1340975309,1340975309,149,149,false,false,false,16,1,0,3,43,4093,3,64,4,426.8262887857318,22.96603957977034,67.92084045932079,98,nhr,1,0.0,0,false,true
591150,openshift/rhc,ruby,81,1340911721,,1340975301,1059,,false,false,false,16,4,2,12,43,4096,115,181,0,426.513671875,22.94921875,67.87109375,98,nhr,0,0,0,false,true
591261,openshift/rhc,ruby,80,1340910548,1340911928,1340911928,23,23,false,false,false,16,1,0,1,43,4096,11,0,1,426.513671875,22.94921875,67.87109375,98,fabianofranz,21,0.9523809523809523,3,false,true
591152,openshift/rhc,ruby,79,1340643099,1340726488,1340726488,1389,1389,false,false,false,16,2,0,2,42,4096,1,0,65,426.513671875,22.94921875,67.87109375,98,J5,24,0.875,3,false,false
591262,openshift/rhc,ruby,78,1340626328,1340626619,1340626619,4,4,false,false,false,16,1,0,1,42,4047,0,0,1,414.13392636520877,23.22708178897949,64.49221645663454,98,fabianofranz,20,0.95,3,false,true
591263,openshift/rhc,ruby,77,1340581458,1340645167,1340645167,1061,1061,false,false,false,16,4,1,169,41,4047,112,117,17,414.13392636520877,23.22708178897949,64.49221645663454,98,smarterclayton,9,0.7777777777777778,0,false,true
591264,openshift/rhc,ruby,76,1340558835,1340624051,1340624051,1086,1086,false,false,false,16,1,0,159,41,4047,0,0,17,414.13392636520877,23.22708178897949,64.49221645663454,98,smarterclayton,8,0.75,0,false,true
591265,openshift/rhc,ruby,75,1340507651,1340551883,1340551883,737,737,false,false,false,16,3,0,7,41,4045,40,43,32,419.77750309023486,23.23856613102596,64.52410383189122,98,smarterclayton,7,0.7142857142857143,0,false,true
591157,openshift/rhc,ruby,74,1340392592,1340394226,1340394226,27,27,true,false,false,16,6,0,30,41,3494,974,0,32,485.97595878649116,26.90326273611906,74.6994848311391,98,matthicksj,1,1.0,6,false,false
591158,openshift/rhc,ruby,73,1340312285,1340374661,1340374661,1039,1039,false,false,false,17,5,0,5,40,3488,36,330,84,421.1582568807339,22.36238532110092,60.779816513761475,98,J5,23,0.8695652173913043,3,false,false
591159,openshift/rhc,ruby,72,1340291813,1340295167,1340295169,55,55,false,false,false,17,1,0,1,39,3488,0,16,8,424.88532110091745,22.36238532110092,60.779816513761475,98,J5,22,0.8636363636363636,3,false,false
591160,openshift/rhc,ruby,71,1340233599,1340280160,1340280160,776,776,false,false,false,17,1,0,1,40,3483,0,0,25,364.6281940855584,19.52339936836061,53.115130634510486,98,xiy,0,0,1,false,false
591267,openshift/rhc,ruby,70,1340209464,1340210714,1340210714,20,20,false,false,false,17,4,0,18,38,3457,52,0,367,367.3705525021695,19.670234307202776,53.51460804165462,98,fabianofranz,19,0.9473684210526315,3,false,true
591162,openshift/rhc,ruby,69,1340195764,1340289961,1340289961,1569,1569,false,false,false,17,16,3,4,37,3457,60,372,489,367.3705525021695,19.670234307202776,53.51460804165462,98,J5,21,0.8571428571428571,3,false,false
591163,openshift/rhc,ruby,68,1340070096,1340130767,1340130768,1011,1011,false,false,false,17,3,0,3,37,3457,1,495,44,298.23546427538326,19.670234307202776,35.86925079548742,98,J5,20,0.85,3,false,false
591164,openshift/rhc,ruby,67,1340068815,1340482534,1340482535,6895,6895,false,false,false,17,7,8,30,37,3457,979,0,32,298.23546427538326,19.670234307202776,35.86925079548742,98,matthicksj,0,0,6,false,false
591269,openshift/rhc,ruby,66,1340039410,1340121214,1340121215,1363,1363,false,false,false,17,1,6,2,36,3457,0,0,41,298.23546427538326,19.670234307202776,35.86925079548742,98,smarterclayton,6,0.6666666666666666,0,false,true
591166,openshift/rhc,ruby,65,1340036417,1340036726,1340036726,5,5,false,false,false,17,1,0,1,36,3343,178,0,0,308.40562369129526,20.341011067903082,37.09243194735268,98,J5,19,0.8421052631578947,3,false,false
591168,openshift/rhc,ruby,64,1340028688,1340036160,1340036160,124,124,false,false,false,17,5,0,7,36,3373,97,18,285,307.1449747998814,20.160094871034687,36.76252594129855,98,J5,18,0.8333333333333334,3,false,false
591270,openshift/rhc,ruby,63,1339708781,1340036092,1340036092,5455,5455,false,false,false,18,1,8,1,35,3373,0,0,16,307.1449747998814,20.160094871034687,36.76252594129855,98,fotioslindiakos,5,0.4,7,false,true
591171,openshift/rhc,ruby,62,1339185123,1339776655,1339776655,9858,9858,false,false,false,18,3,0,3,34,3363,10,0,160,308.05828129646153,20.220041629497473,36.87184061849539,98,J5,17,0.8235294117647058,3,false,false
591172,openshift/rhc,ruby,61,1339182435,1339182957,1339182957,8,8,false,false,false,18,1,0,1,34,3361,4,0,30,308.24159476346324,20.232073787563227,36.89378161261529,98,J5,16,0.8125,3,false,false
591173,openshift/rhc,ruby,60,1339108332,1339168397,1339168397,1001,1001,false,false,false,18,6,0,3,33,3367,16,0,191,307.69230769230774,20.196020196020196,36.82803682803683,98,J5,15,0.8,3,false,false
591174,openshift/rhc,ruby,59,1339099036,1339104427,1339104428,89,89,false,false,false,18,3,1,6,33,3230,788,0,261,320.74303405572755,21.052631578947366,38.39009287925697,98,J5,14,0.7857142857142857,3,false,false
591175,openshift/rhc,ruby,58,1339096137,1339170561,1339170561,1240,1240,false,false,false,18,1,2,3,33,3369,24,0,71,307.5096467794598,20.18403086969427,36.806173938854265,98,abhgupta,0,0,0,false,false
591271,openshift/rhc,ruby,57,1339081832,1339092050,1339092050,170,170,false,false,false,18,3,0,3,32,3230,6,0,35,320.74303405572755,21.052631578947366,38.39009287925697,98,smarterclayton,5,0.6,0,false,true
591273,openshift/rhc,ruby,56,1339078027,,1339081760,62,,false,false,false,18,1,0,1,32,3230,1,0,0,320.74303405572755,21.052631578947366,38.39009287925697,98,smarterclayton,4,0.75,0,false,true
591178,openshift/rhc,ruby,55,1338572228,1338573088,1338573088,14,14,false,false,false,18,1,1,1,32,3230,3,0,28,320.74303405572755,21.052631578947366,38.39009287925697,98,J5,13,0.7692307692307693,3,false,false
591274,openshift/rhc,ruby,54,1338496750,1338497357,1338497357,10,10,false,false,false,18,1,0,2,32,3218,25,2,35,321.9390926041019,21.13113735239279,38.53325046612803,98,fabianofranz,18,0.9444444444444444,3,false,true
591180,openshift/rhc,ruby,53,1338492574,1338492697,1338492697,2,2,false,false,false,18,2,0,1,32,3217,39,0,50,322.03916692570715,21.137705937208576,38.54522847373329,98,J5,12,0.75,3,false,false
591182,openshift/rhc,ruby,52,1338492332,1338492391,1338492391,0,0,true,false,false,18,1,0,1,32,3217,37,0,25,322.03916692570715,21.137705937208576,38.54522847373329,98,J5,11,0.8181818181818182,3,false,false
591276,openshift/rhc,ruby,51,1338488576,1338489787,1338489787,20,20,false,false,false,18,1,0,1,31,3207,20,0,68,323.0433426878703,21.203617087620827,38.66541939507328,98,fabianofranz,17,0.9411764705882353,3,false,true
591184,openshift/rhc,ruby,50,1338485635,1338488328,1338488328,44,44,false,false,false,18,4,1,6,31,3197,70,13,48,321.2386612449171,21.269940569283705,38.786362214576165,98,J5,10,0.8,3,false,false
591277,openshift/rhc,ruby,49,1338400860,1338400878,1338400878,0,0,false,false,false,18,1,0,1,31,3170,7,0,5,323.97476340694004,21.45110410094637,39.11671924290221,98,fabianofranz,16,0.9375,3,false,true
591186,openshift/rhc,ruby,48,1338400024,1338400091,1338400091,1,1,false,false,false,18,1,0,1,31,3158,21,0,23,325.20582647245095,21.532615579480684,39.26535782140595,98,J5,9,0.7777777777777778,3,false,false
591278,openshift/rhc,ruby,47,1338383135,1338383172,1338383172,0,0,false,false,false,18,1,0,1,31,3158,0,0,88,325.20582647245095,21.532615579480684,39.26535782140595,98,fabianofranz,15,0.9333333333333333,3,false,true
591279,openshift/rhc,ruby,46,1338344419,1338344426,1338344427,0,0,false,false,false,18,1,0,2,30,3161,7,0,34,324.8971844353053,21.51217968997153,39.228092375830435,98,fabianofranz,14,0.9285714285714286,3,false,true
591280,openshift/rhc,ruby,45,1338340881,1338342195,1338342195,21,21,false,false,false,18,2,0,2,30,3154,32,18,11,323.715916296766,21.55992390615092,37.72986683576411,98,fabianofranz,13,0.9230769230769231,3,false,true
591281,openshift/rhc,ruby,44,1338319386,1338321673,1338321673,38,38,false,false,false,18,2,0,2,30,3151,8,0,55,324.0241193271977,21.580450650587117,37.765788638527454,98,fabianofranz,12,0.9166666666666666,3,false,true
591191,openshift/rhc,ruby,43,1338317709,1338318035,1338318035,5,5,false,false,false,18,2,0,1,30,3151,0,0,22,324.0241193271977,21.580450650587117,37.765788638527454,98,J5,8,0.75,3,false,false
591193,openshift/rhc,ruby,42,1338308907,1338312841,1338312841,65,65,false,false,false,18,3,0,5,30,3217,75,0,101,317.37643767485235,21.137705937208576,36.990985390115014,98,J5,7,0.7142857142857143,3,false,false
591282,openshift/rhc,ruby,41,1338228252,1338228260,1338228260,0,0,false,false,false,18,2,0,2,29,3217,0,0,71,317.37643767485235,21.137705937208576,36.990985390115014,98,fabianofranz,11,0.9090909090909091,3,false,true
591283,openshift/rhc,ruby,40,1338156521,1338156535,1338156535,0,0,false,false,false,19,1,0,1,29,3217,0,0,29,317.37643767485235,21.137705937208576,36.990985390115014,98,fabianofranz,10,0.9,3,false,true
591284,openshift/rhc,ruby,39,1337971652,1337971660,1337971660,0,0,false,false,false,19,1,0,1,29,3217,0,2,3,317.37643767485235,21.137705937208576,36.990985390115014,98,fabianofranz,9,0.8888888888888888,3,false,true
591197,openshift/rhc,ruby,38,1337970371,1337970561,1337970561,3,3,false,false,false,19,3,0,1,28,8125,11,0,183,123.44615384615385,8.36923076923077,14.276923076923078,98,J5,6,0.6666666666666666,3,false,false
591285,openshift/rhc,ruby,37,1337970339,1337970995,1337970995,10,10,false,false,false,19,4,0,8,28,8125,2227,24,78,123.44615384615385,8.36923076923077,14.276923076923078,98,fabianofranz,8,0.875,3,false,true
591199,openshift/rhc,ruby,36,1337957174,1337957511,1337957511,5,5,false,false,false,19,1,0,1,28,8123,2,0,22,123.47654807337192,8.371291394804876,14.280438261725964,98,J5,5,0.6,3,false,false
591201,openshift/rhc,ruby,35,1337956464,,1337956513,0,,false,false,false,19,3,0,1,28,8123,2,0,0,123.47654807337192,8.371291394804876,14.280438261725964,98,J5,4,0.75,3,false,false
591202,openshift/rhc,ruby,34,1337863149,1337889509,1337889509,439,439,false,false,false,19,16,1,10,26,8110,31,547,148,85.94327990135635,2.5893958076448826,12.700369913686806,98,J5,3,0.6666666666666666,3,false,false
591286,openshift/rhc,ruby,33,1337823157,1337823168,1337823168,0,0,false,false,false,19,1,0,3,24,8110,0,8,4,84.83353884093711,2.5893958076448826,12.20715166461159,98,fabianofranz,7,0.8571428571428571,3,false,true
591287,openshift/rhc,ruby,32,1337803719,1337815334,1337815334,193,193,false,false,false,19,2,0,13,24,8109,219,80,94,80.03452953508447,2.589715131335553,10.235540757183376,98,fabianofranz,6,0.8333333333333334,3,false,true
591288,openshift/rhc,ruby,31,1337791227,1337791922,1337791922,11,11,false,false,false,19,1,0,5,23,7955,0,0,28,68.00754242614708,1.6341923318667504,9.30232558139535,98,bdecoste,1,1.0,2,false,false
591289,openshift/rhc,ruby,30,1337720435,1337720510,1337720510,1,1,false,false,false,19,1,0,10,22,7885,114,104,21,61.1287254280279,1.648700063411541,7.609384908053266,98,smarterclayton,3,0.6666666666666666,0,false,true
591207,openshift/rhc,ruby,29,1337717129,1337793444,1337793444,1271,1271,false,false,false,19,14,3,3,22,7955,661,133,99,68.00754242614708,1.6341923318667504,9.30232558139535,98,J5,2,0.5,3,false,false
591290,openshift/rhc,ruby,28,1337716129,1337716172,1337716172,0,0,false,false,false,19,1,0,1,22,7885,0,10,2,61.88966391883323,1.7755231452124287,7.98985415345593,98,fabianofranz,5,0.8,3,false,true
591291,openshift/rhc,ruby,27,1337711864,1337713917,1337713917,34,34,false,false,false,19,3,0,6,22,7880,46,14,125,60.53299492385786,1.5228426395939085,7.3604060913705585,98,fabianofranz,4,0.75,3,false,true
591210,openshift/rhc,ruby,26,1337692606,1337717033,1337717033,407,407,true,false,false,19,10,2,2,21,7880,659,0,91,60.53299492385786,1.5228426395939085,7.3604060913705585,98,J5,1,1.0,3,false,false
591292,openshift/rhc,ruby,25,1337634902,1337690250,1337690250,922,922,true,false,false,19,2,3,6,20,7880,24,14,119,60.53299492385786,1.5228426395939085,7.3604060913705585,98,fabianofranz,3,1.0,3,false,true
591212,openshift/rhc,ruby,24,1337280660,1337280898,1337280898,3,3,false,false,false,19,1,0,1,18,7675,74,0,1,62.14983713355049,1.5635179153094463,7.55700325732899,97,J5,0,0,3,false,false
591295,openshift/rhc,ruby,23,1337274145,1337274298,1337274298,2,2,false,false,false,19,5,0,4,18,7697,114,0,135,61.972196959854486,1.5590489801221254,7.535403403923607,97,fabianofranz,2,1.0,3,false,true
591296,openshift/rhc,ruby,22,1337022584,1337022753,1337022753,2,2,false,false,false,18,3,0,20,16,7542,290,290,198,30.893662158578625,0.9281357730045081,4.375497215592681,97,smarterclayton,2,0.5,0,false,true
591297,openshift/rhc,ruby,21,1337015690,1337018967,1337018967,54,54,false,false,false,18,18,0,26,16,1416,3046,0,694,164.54802259887006,4.943502824858758,23.305084745762713,97,fabianofranz,1,1.0,3,false,true
591298,openshift/rhc,ruby,20,1336865351,,1336867434,34,,false,false,false,18,11,0,26,15,1416,280,346,0,164.54802259887006,4.943502824858758,23.305084745762713,96,smarterclayton,1,1.0,0,false,true
591299,openshift/rhc,ruby,19,1336829606,1336829615,1336829615,0,0,false,false,false,18,3,0,20,14,1410,266,176,116,160.99290780141845,4.964539007092199,23.404255319148934,96,smarterclayton,0,0,0,false,true
591300,openshift/rhc,ruby,18,1336668724,1336675700,1336675700,116,116,false,false,false,19,1,0,2,12,1410,0,0,41,160.99290780141845,4.964539007092199,23.404255319148934,96,rmillner,0,0,1,false,false
591301,openshift/rhc,ruby,17,1336578010,1336578198,1336578199,3,3,false,false,false,18,1,0,4,11,1410,0,0,48,160.99290780141845,4.964539007092199,23.404255319148934,96,fabianofranz,0,0,3,false,true
591302,openshift/rhc,ruby,16,1336483252,,1339539603,50939,,false,false,false,18,6,0,21,11,7620,438,459,0,62.5984251968504,1.574803149606299,7.611548556430446,96,fotioslindiakos,4,0.5,4,false,true
591303,openshift/rhc,ruby,15,1336404475,1336405870,1336405870,23,23,false,false,false,18,1,0,1,10,1377,56,0,39,164.85112563543936,5.083514887436456,23.965141612200433,96,bdecoste,0,0,2,false,false
591304,openshift/rhc,ruby,14,1336151664,,1336829502,11297,,false,false,false,19,2,0,9,9,1410,174,111,0,160.99290780141845,4.964539007092199,23.404255319148934,95,fotioslindiakos,3,0.6666666666666666,4,false,true
591223,openshift/rhc,ruby,13,1335984708,1335988706,1335988706,66,66,false,false,false,19,1,2,1,8,1377,2,0,36,164.85112563543936,5.083514887436456,23.965141612200433,95,kraman,1,1.0,7,false,true
591305,openshift/rhc,ruby,12,1335973375,1336153410,1336153410,3000,3000,false,false,false,19,4,0,20,7,1377,260,352,353,164.85112563543936,5.083514887436456,23.965141612200433,95,fotioslindiakos,2,0.5,4,false,true
591225,openshift/rhc,ruby,11,1335730116,1337018967,1337018967,21480,21480,false,false,false,20,8,1,6,5,1377,433,0,315,164.85112563543936,5.083514887436456,23.965141612200433,95,mmcgrath-openshift,0,0,7,false,false
591306,openshift/rhc,ruby,10,1335555182,1335832946,1335832946,4629,4629,false,false,false,20,6,5,19,2,1377,567,370,254,164.85112563543936,5.083514887436456,23.965141612200433,95,fotioslindiakos,1,0.0,4,false,true
591307,openshift/rhc,ruby,9,1335546924,1335550784,1335550784,64,64,true,false,false,20,1,0,1,1,1377,173,0,31,164.85112563543936,5.083514887436456,23.965141612200433,95,fotioslindiakos,0,0,4,false,true
591228,openshift/rhc,ruby,8,1335471893,1335489796,1335489796,298,298,false,false,false,20,1,0,1,1,1377,2,0,1,164.85112563543936,5.083514887436456,23.965141612200433,95,kraman,0,0,6,false,true
591308,openshift/rhc,ruby,7,1331777005,1331777022,1331777022,0,0,false,false,false,14,1,0,2,3,1939,0,0,62,0.0,0.0,0.0,87,jwhonce,4,0.75,0,false,false
591309,openshift/rhc,ruby,6,1331773029,1331773037,1331773037,0,0,false,false,false,13,1,0,3,2,1939,2,0,65,0.0,0.0,0.0,87,jwhonce,3,0.6666666666666666,0,false,false
591310,openshift/rhc,ruby,5,1331771705,1331771730,1331771730,0,0,false,false,false,13,1,0,2,2,1939,0,0,59,0.0,0.0,0.0,87,jwhonce,2,0.5,0,false,false
591311,openshift/rhc,ruby,4,1331767565,1331768120,1331768120,9,9,false,false,false,13,1,0,33,2,1939,233,0,235,0.0,0.0,0.0,87,jwhonce,1,0.0,0,false,false
591312,openshift/rhc,ruby,3,1327951113,1329337798,1329337798,23111,23111,false,false,false,11,1,0,1,2,2162,0,0,2,0.0,0.0,0.0,84,Qalthos,0,0,6,false,false
591313,openshift/rhc,ruby,2,1326303595,1326303645,1326303645,0,0,false,false,false,10,1,0,1,2,2087,0,0,13,0.0,0.0,0.0,84,aboone,0,0,0,false,false
591314,openshift/rhc,ruby,1,1324661135,,1328113325,57536,,false,false,false,11,3,0,10,0,2053,0,0,0,0.0,0.0,0.0,82,jwhonce,0,0,0,false,false
