pull_req_id,project_name,lang,github_id,created_at,merged_at,closed_at,lifetime_minutes,mergetime_minutes,merged_using,conflict,forward_links,team_size,num_commits,num_comments,num_participants,files_changed,perc_external_contribs,sloc,src_churn,test_churn,commits_on_files_touched,test_lines_per_kloc,test_cases_per_kloc,asserts_per_kloc,watchers,requester,prev_pullreqs,requester_succ_rate,followers,intra_branch,main_team_member
2062733,rspec/rspec-core,ruby,1069,1378442610,1378477823,1378477823,586,586,github,false,false,8,2,4,4,3,72,376,0,30,39,32082.44680851064,2228.723404255319,3191.4893617021276,468,myronmarston,50,0.54,102,true,true
2055719,rspec/rspec-core,ruby,1068,1378338147,1378385998,1378385998,797,797,github,false,false,8,1,7,4,3,72,362,42,29,21,33273.48066298343,2309.3922651933703,3290.0552486187844,468,laserlemon,1,0.0,76,false,false
2012432,rspec/rspec-core,ruby,1067,1377947661,1377964355,1377964355,278,278,github,false,false,7,3,8,4,2,72,362,0,101,78,33171.270718232045,2303.867403314917,3273.480662983425,468,dchelimsky,7,0.8571428571428571,528,true,true
2003266,rspec/rspec-core,ruby,1065,1377764274,1377783447,1377783447,319,319,commit_sha_in_comments,false,false,7,1,2,2,1,73,362,0,0,0,33171.270718232045,2303.867403314917,3273.480662983425,468,ysksn,0,0,0,false,false
1978097,rspec/rspec-core,ruby,1061,1377286042,,1378239220,15886,,unknown,false,false,7,10,1,1,5,75,321,0,513,50,39707.16510903427,2781.931464174455,3950.1557632398753,468,soulcutter,9,0.5555555555555556,16,true,true
1976824,rspec/rspec-core,ruby,1060,1377269954,1377487365,1377487366,3623,3623,github,false,false,7,3,6,3,4,75,362,0,102,20,33102.20994475138,2301.1049723756905,3262.4309392265195,468,myronmarston,49,0.5306122448979592,102,true,true
1976218,rspec/rspec-core,ruby,1059,1377262723,1377485468,1377485469,3712,3712,github,false,false,7,2,2,1,1,75,362,0,0,10,33102.20994475138,2301.1049723756905,3262.4309392265195,468,myronmarston,48,0.5208333333333334,102,true,true
1974159,rspec/rspec-core,ruby,1058,1377233554,1377258506,1377258506,415,415,github,false,false,7,2,2,1,9,75,316,81,74,48,37822.784810126584,2636.0759493670885,3734.1772151898736,468,myronmarston,47,0.5106382978723404,102,true,true
1971063,rspec/rspec-core,ruby,1057,1377182249,1377203549,1377203549,355,355,github,false,false,7,4,18,3,9,76,283,188,172,40,41904.59363957597,2936.3957597173144,4159.010600706714,468,dchelimsky,5,1.0,528,true,true
1970261,rspec/rspec-core,ruby,1056,1377174923,1377176922,1377176922,33,33,github,false,false,7,7,1,1,9,76,283,0,141,124,42003.5335689046,2946.9964664310955,4169.611307420495,936,myronmarston,46,0.5,204,true,true
1960343,rspec/rspec-core,ruby,1051,1377032516,,1377032615,1,,unknown,false,true,7,67,22,5,38,77,283,8,622,65,41710.24734982332,2922.26148409894,4144.876325088339,468,JonRowe,68,0.7647058823529411,18,true,true
1954024,rspec/rspec-core,ruby,1050,1376942276,,1376943154,14,,unknown,false,false,7,1,1,1,1,76,275,0,6,0,46236.36363636363,3247.272727272727,4607.272727272727,936,kostya,0,0,26,false,false
1945521,rspec/rspec-core,ruby,1049,1376744708,1376745018,1376745018,5,5,github,false,false,7,1,1,1,1,77,283,0,0,4,41710.24734982332,2922.26148409894,4144.876325088339,468,samphippen,26,0.46153846153846156,28,false,true
1934785,rspec/rspec-core,ruby,1045,1376549849,1377752019,1377752020,20036,20036,github,false,false,7,14,16,4,1,77,283,0,205,21,41678.44522968198,2922.26148409894,4144.876325088339,468,dchelimsky,4,1.0,528,true,true
1934239,rspec/rspec-core,ruby,1044,1376538250,1376572678,1376572679,573,573,github,false,false,7,2,10,4,1,77,283,0,92,2,41678.44522968198,2922.26148409894,4144.876325088339,468,dchelimsky,3,1.0,528,true,true
1928006,rspec/rspec-core,ruby,1043,1376455188,1376463260,1376463260,134,134,github,false,false,7,1,1,1,6,78,275,0,18,37,46181.81818181818,3243.6363636363635,4600.0,468,myronmarston,45,0.4888888888888889,102,true,true
1927916,rspec/rspec-core,ruby,1041,1376410675,1376453367,1376453367,711,711,github,false,false,7,3,2,2,3,78,275,0,7,21,45640.0,3196.3636363636365,4552.727272727273,468,JonRowe,67,0.7611940298507462,18,true,true
1922523,rspec/rspec-core,ruby,1039,1376379130,1376408674,1376408675,492,492,github,false,false,7,5,25,5,4,78,283,0,269,12,41720.8480565371,2915.1943462897525,4141.342756183746,468,MasterLambaster,2,0.0,6,false,false
1922526,rspec/rspec-core,ruby,1038,1376313462,1376537924,1376537924,3741,3741,github,false,false,7,2,11,4,1,78,283,0,29,1,41720.8480565371,2915.1943462897525,4141.342756183746,468,kwstannard,0,0,4,false,false
1900165,rspec/rspec-core,ruby,1035,1375836087,1375957887,1375957887,2030,2030,github,false,false,7,3,11,4,2,80,283,0,64,0,41568.90459363957,2897.526501766785,4120.141342756184,468,adriancb,0,0,12,false,false
1883872,rspec/rspec-core,ruby,1034,1375553937,1375872108,1375872108,5302,5302,merged_in_comments,false,true,7,1,6,4,3,80,283,0,66,0,42413.42756183746,2982.332155477032,4240.282685512368,468,samphippen,23,0.5217391304347826,28,false,true
1879334,rspec/rspec-core,ruby,1033,1375398008,,1375479198,1353,,unknown,false,false,7,1,15,8,2,79,283,0,26,0,42413.42756183746,2982.332155477032,4240.282685512368,468,JonRowe,65,0.7846153846153846,17,true,true
1862547,rspec/rspec-core,ruby,1029,1375145612,1377229460,1377229460,34730,34730,github,false,false,6,26,63,6,5,79,283,0,1341,331,42413.42756183746,2982.332155477032,4240.282685512368,468,soulcutter,8,0.5,16,true,true
1861004,rspec/rspec-core,ruby,1028,1375121524,1377144595,1377144596,33717,33717,github,false,true,6,6,27,5,8,79,283,0,114,55,42367.49116607774,2978.798586572438,4236.749116607773,468,schnittchen,0,0,16,false,false
1881338,rspec/rspec-core,ruby,1026,1375438991,1375957406,1375957406,8640,8640,github,false,false,7,7,17,6,4,80,283,0,116,70,42413.42756183746,2982.332155477032,4240.282685512368,468,JonRowe,63,0.7936507936507936,17,true,true
1858059,rspec/rspec-core,ruby,1023,1375087328,1375129830,1375129830,708,708,github,false,false,6,3,13,4,4,79,283,0,22,78,42367.49116607774,2978.798586572438,4236.749116607773,468,JonRowe,61,0.8032786885245902,17,true,true
1824614,rspec/rspec-core,ruby,1020,1374652581,1377144184,1377144185,41526,41526,github,false,false,6,3,12,5,1,78,283,29,0,6,42282.68551236749,2971.7314487632507,4229.681978798586,468,JonRowe,60,0.8,17,true,true
1824497,rspec/rspec-core,ruby,1019,1374651314,1374769809,1374769809,1974,1974,github,false,false,6,4,11,4,2,78,283,0,33,73,42282.68551236749,2971.7314487632507,4229.681978798586,468,JonRowe,59,0.7966101694915254,17,true,true
1810441,rspec/rspec-core,ruby,1017,1374529357,1374530657,1374530657,21,21,github,false,false,6,1,0,0,14,79,275,0,236,26,45974.545454545456,3225.4545454545455,4581.818181818182,468,JonRowe,58,0.7931034482758621,17,true,true
1806455,rspec/rspec-core,ruby,1016,1374490329,1374491225,1374491225,14,14,github,false,false,6,2,0,1,3,79,275,0,10,27,45505.454545454544,3185.4545454545455,4538.181818181818,468,JonRowe,57,0.7894736842105263,17,true,true
1806448,rspec/rspec-core,ruby,1015,1374490223,1374628362,1374628362,2302,2302,github,false,false,6,7,16,3,4,79,283,0,70,93,42250.88339222615,2968.1978798586574,4226.148409893993,468,JonRowe,56,0.7857142857142857,17,true,true
1806290,rspec/rspec-core,ruby,1014,1374488185,1374488299,1374488299,1,1,commit_sha_in_comments,false,false,6,2,0,2,1,79,283,0,2,0,42250.88339222615,2968.1978798586574,4226.148409893993,468,hosamaly,0,0,0,false,false
1805646,rspec/rspec-core,ruby,1013,1374478889,1374479620,1374479621,12,12,github,false,false,6,1,2,2,15,79,283,0,236,36,42250.88339222615,2968.1978798586574,4226.148409893993,468,JonRowe,55,0.7818181818181819,17,true,true
1805544,rspec/rspec-core,ruby,1012,1374477464,1374490380,1374490380,215,215,commit_sha_in_comments,false,true,6,1,2,2,1,79,283,0,2,0,42250.88339222615,2968.1978798586574,4226.148409893993,468,thepoho,0,0,0,false,false
1803329,rspec/rspec-core,ruby,1011,1374434488,1374437823,1374437823,55,55,github,false,false,6,3,0,0,8,79,275,0,104,40,45687.27272727273,3192.727272727273,4538.181818181818,468,alindeman,8,0.625,103,false,true
1801127,rspec/rspec-core,ruby,1008,1374397141,1377230426,1377230426,47221,47221,commit_sha_in_comments,false,false,7,4,9,3,1,78,323,0,108,8,36808.04953560371,2578.9473684210525,3684.2105263157896,468,JonRowe,54,0.7962962962962963,17,true,true
1804743,rspec/rspec-core,ruby,1007,1374375019,,1375294394,15322,,unknown,false,true,7,4,11,4,4,79,283,60,497,13,42007.06713780919,2939.929328621908,4187.279151943463,468,myronmarston,44,0.5,102,true,true
1801082,rspec/rspec-core,ruby,1006,1374374437,1376455260,1376455260,34680,34680,github,false,true,7,3,15,3,18,79,283,0,1017,195,42007.06713780919,2939.929328621908,4187.279151943463,468,myronmarston,43,0.4883720930232558,102,true,true
1800985,rspec/rspec-core,ruby,1005,1374392718,1374460525,1374460525,1130,1130,github,false,false,7,2,9,3,1,79,283,0,0,0,42007.06713780919,2939.929328621908,4187.279151943463,468,JonRowe,53,0.7924528301886793,17,true,true
1803237,rspec/rspec-core,ruby,1004,1374258168,1374433341,1374433341,2919,2919,github,false,false,7,3,18,4,8,79,283,0,102,84,41985.86572438163,2936.3957597173144,4183.74558303887,468,alindeman,7,0.5714285714285714,103,false,true
1799109,rspec/rspec-core,ruby,1003,1374242995,1374312275,1374312275,1154,1154,github,false,false,7,3,11,6,4,79,283,0,8,43,41985.86572438163,2936.3957597173144,4183.74558303887,468,Nerian,0,0,13,false,false
1789013,rspec/rspec-core,ruby,1002,1374127375,1374462308,1374462308,5582,5582,github,false,false,8,3,0,0,4,79,283,0,94,41,41985.86572438163,2936.3957597173144,4183.74558303887,468,JonRowe,52,0.7884615384615384,17,true,true
1789012,rspec/rspec-core,ruby,1001,1374127370,1374462287,1374462287,5581,5581,github,false,false,8,1,0,0,2,79,275,0,50,10,45687.27272727273,3192.727272727273,4538.181818181818,468,JonRowe,51,0.7843137254901961,17,true,true
1788810,rspec/rspec-core,ruby,1000,1374123237,1374126663,1374126664,57,57,github,false,false,8,1,1,1,2,79,275,0,51,8,45349.09090909091,3163.6363636363635,4505.454545454546,936,myronmarston,42,0.47619047619047616,204,true,true
1788713,rspec/rspec-core,ruby,999,1374120576,1374463519,1374463519,5715,5715,github,false,false,8,3,10,4,2,79,283,0,76,16,41985.86572438163,2936.3957597173144,4183.74558303887,468,JonRowe,50,0.78,17,true,true
1776630,rspec/rspec-core,ruby,996,1373941259,1374117718,1374117718,2940,2940,github,false,false,8,1,0,0,3,80,275,0,17,1,45658.181818181816,3189.090909090909,4530.909090909091,468,JonRowe,49,0.7755102040816326,17,true,true
1776628,rspec/rspec-core,ruby,995,1373941203,1374117698,1374117698,2941,2941,github,false,false,8,1,1,1,3,80,283,0,17,4,41957.59717314487,2932.8621908127207,4176.678445229682,468,JonRowe,48,0.7708333333333334,17,true,true
1776207,rspec/rspec-core,ruby,994,1373930456,1374117671,1374117671,3120,3120,github,false,false,8,2,3,3,3,80,275,0,26,1,45320.0,3160.0,4498.181818181818,468,JonRowe,47,0.7659574468085106,17,true,true
1771929,rspec/rspec-core,ruby,992,1373869070,1373872425,1373872425,55,55,github,false,false,8,1,0,1,2,80,275,0,13,14,43207.27272727273,3025.4545454545455,4301.818181818182,936,JonRowe,46,0.7608695652173914,34,true,true
1771930,rspec/rspec-core,ruby,991,1373869069,1373871608,1373871609,42,42,github,false,false,8,1,0,0,2,80,275,0,12,8,45629.09090909091,3185.4545454545455,4527.272727272727,936,JonRowe,45,0.7555555555555555,34,true,true
1771106,rspec/rspec-core,ruby,990,1373842070,1373845129,1373845130,51,50,github,false,false,8,1,0,0,2,80,275,0,44,22,45690.90909090909,3196.3636363636365,4538.181818181818,468,myronmarston,41,0.4634146341463415,102,true,true
1771104,rspec/rspec-core,ruby,989,1373841969,1373928369,1373928369,1440,1440,github,false,false,8,1,1,1,2,80,275,0,44,22,43207.27272727273,3025.4545454545455,4301.818181818182,468,myronmarston,40,0.45,102,true,true
1769734,rspec/rspec-core,ruby,988,1373801093,1373869319,1373869319,1137,1137,github,false,false,7,2,8,5,1,80,275,13,0,4,43207.27272727273,3025.4545454545455,4301.818181818182,468,razielgn,0,0,5,false,false
1769427,rspec/rspec-core,ruby,987,1373788829,1373790407,1373790408,26,26,github,false,false,7,1,2,2,3,80,275,0,58,53,43040.0,3021.818181818182,4290.909090909091,936,samphippen,22,0.5,56,false,true
1769097,rspec/rspec-core,ruby,986,1373771828,1373775769,1373775769,65,65,github,false,false,7,2,0,3,4,80,275,0,46,57,45421.818181818184,3174.5454545454545,4505.454545454546,468,myronmarston,39,0.4358974358974359,102,true,true
1769004,rspec/rspec-core,ruby,985,1373766288,1373775256,1373775256,149,149,github,false,false,7,1,0,0,1,80,275,0,22,2,45421.818181818184,3174.5454545454545,4505.454545454546,468,JonRowe,44,0.75,17,true,true
1769003,rspec/rspec-core,ruby,984,1373766174,1373774962,1373774962,146,146,github,false,false,7,1,5,3,1,80,275,0,22,2,45265.454545454544,3160.0,4487.272727272727,468,JonRowe,43,0.7441860465116279,17,true,true
1768721,rspec/rspec-core,ruby,983,1373752854,1373758956,1373758956,101,101,github,false,false,7,1,1,2,3,81,275,0,3,13,44203.63636363636,3116.363636363636,4436.363636363637,468,myronmarston,38,0.42105263157894735,102,true,true
1768699,rspec/rspec-core,ruby,982,1373751980,1373759058,1373759058,117,117,github,false,false,7,2,2,1,8,81,275,0,272,101,44203.63636363636,3116.363636363636,4436.363636363637,468,myronmarston,37,0.40540540540540543,102,true,true
1768683,rspec/rspec-core,ruby,981,1373751478,1373758984,1373758984,125,125,github,false,false,7,1,1,3,1,81,275,0,1,31,44203.63636363636,3116.363636363636,4436.363636363637,468,myronmarston,36,0.3888888888888889,102,true,true
1768679,rspec/rspec-core,ruby,980,1373751305,1373776895,1373776895,426,426,github,false,false,7,1,3,2,7,81,275,0,145,77,43418.18181818182,3065.4545454545455,4360.0,468,myronmarston,35,0.37142857142857144,102,true,true
1762106,rspec/rspec-core,ruby,978,1373683500,1373720909,1373720909,623,623,github,false,false,7,2,7,2,1,81,275,0,118,0,45407.27272727273,3174.5454545454545,4505.454545454546,468,JonRowe,42,0.7380952380952381,17,true,true
1793089,rspec/rspec-core,ruby,975,1373573557,1373583323,1373583323,162,162,github,false,false,7,1,3,3,1,81,275,0,2,7,44210.90909090909,3116.363636363636,4436.363636363637,468,alindeman,6,0.5,103,false,true
1757903,rspec/rspec-core,ruby,974,1373531147,1373776541,1373776541,4089,4089,github,false,false,7,5,10,3,4,81,275,0,127,29,45407.27272727273,3174.5454545454545,4505.454545454546,468,JonRowe,41,0.7317073170731707,17,true,true
1757906,rspec/rspec-core,ruby,973,1373531083,1373572636,1373572636,692,692,github,false,false,7,1,2,2,1,81,275,0,25,6,44247.27272727273,3116.363636363636,4436.363636363637,468,JonRowe,40,0.725,17,true,true
1752037,rspec/rspec-core,ruby,971,1373425276,1373839971,1373839971,6911,6911,github,false,false,7,3,20,6,2,81,275,0,18,39,44429.09090909091,3134.545454545455,4454.545454545454,468,mmb,0,0,18,false,false
1746542,rspec/rspec-core,ruby,970,1373371977,1373412314,1373412314,672,672,github,false,false,7,1,0,0,4,81,275,0,66,35,45305.454545454544,3160.0,4487.272727272727,468,JonRowe,39,0.717948717948718,17,true,true
1727183,rspec/rspec-core,ruby,967,1373328079,1373338678,1373338678,176,176,github,false,false,7,6,12,3,5,81,275,0,122,79,45203.63636363636,3156.363636363636,4487.272727272727,468,JonRowe,38,0.7105263157894737,17,true,true
1726895,rspec/rspec-core,ruby,966,1373326666,,1373328082,23,,unknown,false,true,7,1,1,2,2,81,275,0,11,14,45203.63636363636,3156.363636363636,4487.272727272727,936,JonRowe,37,0.7297297297297297,34,true,true
1716546,rspec/rspec-core,ruby,965,1373279888,1373526785,1373526785,4114,4114,github,false,false,7,3,14,5,6,81,275,42,172,37,44829.09090909091,3149.090909090909,4480.0,468,JonRowe,36,0.7222222222222222,17,true,true
1714418,rspec/rspec-core,ruby,964,1373246924,1375738564,1375738564,41527,41527,github,false,true,7,6,14,3,7,81,275,4,1200,92,44829.09090909091,3149.090909090909,4480.0,468,JonRowe,35,0.7142857142857143,17,true,true
1705845,rspec/rspec-core,ruby,962,1373124647,1373338183,1373338183,3558,3558,github,false,false,7,2,5,4,3,81,271,0,268,48,45487.08487084871,3195.571955719557,4546.125461254613,468,cupakromer,2,1.0,11,false,false
1697515,rspec/rspec-core,ruby,961,1372966747,1373045506,1373045506,1312,1312,github,false,false,7,1,5,6,3,81,271,0,58,43,45656.826568265686,3199.2619926199263,4557.195571955719,468,samphippen,21,0.47619047619047616,27,false,true
1670295,rspec/rspec-core,ruby,959,1372536748,1372537991,1372537992,20,20,github,false,false,7,1,0,0,3,81,271,0,5,29,46007.38007380074,3217.712177121771,4571.955719557195,468,JonRowe,34,0.7058823529411765,16,true,true
1670294,rspec/rspec-core,ruby,958,1372536734,1372537328,1372537328,9,9,github,false,false,7,1,0,0,3,81,271,0,5,27,45863.468634686345,3202.952029520295,4553.50553505535,468,JonRowe,33,0.696969696969697,16,true,true
1663171,rspec/rspec-core,ruby,957,1372379217,1372380687,1372380688,24,24,github,false,false,7,1,1,3,1,81,271,0,0,2,45664.20664206642,3199.2619926199263,4557.195571955719,468,JonRowe,32,0.6875,16,true,true
1663082,rspec/rspec-core,ruby,956,1372377170,,1372380387,53,,unknown,false,false,7,2,3,4,1,81,271,0,0,0,45664.20664206642,3199.2619926199263,4557.195571955719,468,docwhat,0,0,22,false,false
1652128,rspec/rspec-core,ruby,955,1372251552,1372487532,1372487532,3933,3933,github,false,false,7,3,11,6,2,82,271,0,7,24,45782.28782287823,3214.0221402214024,4571.955719557195,468,bsodmike,0,0,14,false,false
1622445,rspec/rspec-core,ruby,951,1371705540,1372881728,1372881728,19603,19603,github,false,false,7,2,8,4,2,81,271,0,10,10,45660.51660516605,3199.2619926199263,4553.50553505535,468,rctay,0,0,25,false,false
1594318,rspec/rspec-core,ruby,946,1371165727,1371279812,1371279812,1901,1901,github,false,false,7,3,3,2,2,79,271,0,13,7,45863.468634686345,3202.952029520295,4553.50553505535,468,JonRowe,31,0.6774193548387096,15,true,true
1590831,rspec/rspec-core,ruby,945,1371121154,1371165681,1371165681,742,742,github,false,false,7,6,3,2,10,79,271,2,106,73,45822.87822878228,3199.2619926199263,4553.50553505535,468,JonRowe,30,0.6666666666666666,15,true,true
1578565,rspec/rspec-core,ruby,943,1370923834,1371476177,1371476178,9205,9205,github,false,false,7,8,16,6,19,75,271,5,25,76,45822.87822878228,3199.2619926199263,4553.50553505535,468,soulcutter,7,0.42857142857142855,15,true,true
1576138,rspec/rspec-core,ruby,942,1370876473,1370917019,1370917019,675,675,github,false,false,7,6,2,1,3,75,271,0,109,36,45841.32841328413,3199.2619926199263,4553.50553505535,468,myronmarston,34,0.35294117647058826,99,true,true
1576096,rspec/rspec-core,ruby,941,1370870838,,1370875981,85,,unknown,false,false,7,3,0,0,2,75,271,0,52,0,45841.32841328413,3199.2619926199263,4553.50553505535,468,myronmarston,33,0.36363636363636365,99,true,true
1574243,rspec/rspec-core,ruby,940,1370847775,1370917136,1370917136,1156,1156,merged_in_comments,false,true,7,1,1,1,3,75,271,0,60,0,45778.59778597786,3199.2619926199263,4549.8154981549815,468,JonRowe,29,0.6896551724137931,15,false,true
1574241,rspec/rspec-core,ruby,939,1370847760,1370917157,1370917157,1156,1156,merged_in_comments,false,true,7,1,2,1,3,75,271,0,60,0,45778.59778597786,3199.2619926199263,4549.8154981549815,468,JonRowe,28,0.7142857142857143,15,false,true
1573847,rspec/rspec-core,ruby,938,1370837504,1370917173,1370917173,1327,1327,merged_in_comments,false,true,7,2,3,2,3,75,271,0,9,0,45841.32841328413,3199.2619926199263,4553.50553505535,468,JonRowe,27,0.7407407407407407,15,false,true
1573580,rspec/rspec-core,ruby,937,1370828045,1370836375,1370836375,138,138,github,false,false,7,2,7,3,2,75,271,0,59,7,45745.38745387454,3195.571955719557,4549.8154981549815,468,alindeman,5,0.4,99,false,true
1572793,rspec/rspec-core,ruby,936,1370803515,1370924302,1370924302,2013,2013,commits_in_master,false,true,7,4,10,4,8,75,271,3,23,27,45745.38745387454,3195.571955719557,4549.8154981549815,468,xaviershay,0,0,272,false,false
1567993,rspec/rspec-core,ruby,935,1370661052,1370726847,1370726847,1096,1096,github,false,false,7,4,6,3,4,75,275,4,30,54,45058.181818181816,3149.090909090909,4483.636363636363,468,myronmarston,32,0.34375,99,true,true
1543855,rspec/rspec-core,ruby,934,1370488092,1370602865,1370602865,1912,1912,github,false,false,7,1,1,2,2,75,275,0,4,2,45058.181818181816,3149.090909090909,4483.636363636363,468,vipulnsward,1,0.0,19,false,false
1553909,rspec/rspec-core,ruby,933,1370436410,,1370697629,4353,,unknown,false,false,7,1,1,1,1,75,271,14,0,0,45704.79704797048,3195.571955719557,4549.8154981549815,468,samphippen,20,0.5,27,false,true
1551897,rspec/rspec-core,ruby,929,1370406095,1370481056,1370481056,1249,1249,github,false,false,7,3,2,2,4,75,271,7,8,7,45704.79704797048,3195.571955719557,4549.8154981549815,468,JonRowe,26,0.7307692307692307,15,false,true
1685076,rspec/rspec-core,ruby,927,1370238893,1370260380,1370260380,358,358,commit_sha_in_comments,false,false,7,1,2,2,2,75,271,0,4,0,45767.52767527675,3199.2619926199263,4553.50553505535,468,vipulnsward,0,0,19,false,false
1685077,rspec/rspec-core,ruby,926,1370210496,1370210543,1370210543,0,0,commits_in_master,false,false,7,5,0,1,3,74,271,0,49,38,45745.38745387454,3195.571955719557,4546.125461254613,468,JonRowe,25,0.76,15,false,true
1685078,rspec/rspec-core,ruby,925,1370163424,1370210044,1370210044,777,777,github,false,false,7,1,0,2,2,74,271,0,12,23,45734.31734317343,3195.571955719557,4549.8154981549815,468,JonRowe,24,0.75,15,false,true
1685079,rspec/rspec-core,ruby,923,1370016624,1370267351,1370267351,4178,4178,github,false,false,7,2,11,3,4,74,271,0,41,75,45734.31734317343,3195.571955719557,4549.8154981549815,468,samphippen,19,0.47368421052631576,27,false,true
1535756,rspec/rspec-core,ruby,922,1369848091,,1370044164,3267,,unknown,false,false,7,1,14,4,7,73,271,0,85,0,45745.38745387454,3195.571955719557,4546.125461254613,468,dimacus,0,0,7,false,false
1532025,rspec/rspec-core,ruby,920,1369793008,,1369796854,64,,unknown,false,false,7,1,0,2,2,73,271,0,54,0,45745.38745387454,3195.571955719557,4546.125461254613,468,rondale-sc,0,0,5,false,false
1685075,rspec/rspec-core,ruby,915,1369253718,1369276790,1369276791,384,384,github,false,false,7,21,14,3,28,71,271,0,711,391,45830.258302583024,3206.642066420664,4557.195571955719,468,dchelimsky,2,1.0,528,true,true
1499660,rspec/rspec-core,ruby,913,1369006522,1369085383,1369085383,1314,1314,github,false,false,7,3,4,3,4,70,271,0,9,14,45804.428044280445,3206.642066420664,4553.50553505535,468,JonRowe,23,0.7391304347826086,14,false,true
1495483,rspec/rspec-core,ruby,911,1368876961,,1371724282,47455,,unknown,false,false,7,2,9,4,4,70,271,0,69,0,45804.428044280445,3206.642066420664,4553.50553505535,468,samphippen,18,0.5,26,false,true
1494855,rspec/rspec-core,ruby,910,1368859049,1368862198,1368862198,52,52,github,false,false,7,1,0,0,1,69,271,0,1,1,45808.118081180815,3206.642066420664,4553.50553505535,936,JonRowe,22,0.7272727272727273,28,false,true
1483823,rspec/rspec-core,ruby,909,1368651657,1368657177,1368657178,92,92,github,false,false,7,7,2,2,6,68,271,0,33,59,44819.18819188192,3110.70110701107,4461.254612546125,468,JonRowe,21,0.7142857142857143,14,false,true
1483715,rspec/rspec-core,ruby,908,1368649787,,1370836375,36443,,unknown,false,false,7,1,1,1,1,68,271,0,18,11,44819.18819188192,3110.70110701107,4461.254612546125,468,alindeman,4,0.5,96,true,true
1479468,rspec/rspec-core,ruby,907,1368590155,1368657180,1368657180,1117,1117,github,false,false,7,5,1,1,5,68,271,0,14,19,44819.18819188192,3110.70110701107,4461.254612546125,468,phiggins,0,0,37,false,false
1468406,rspec/rspec-core,ruby,905,1368397009,1368564232,1368564232,2787,2787,github,false,false,7,2,5,4,2,67,271,0,6,59,44811.80811808118,3110.70110701107,4461.254612546125,468,JonRowe,20,0.7,13,false,true
1448054,rspec/rspec-core,ruby,902,1367972876,1368302581,1368302581,5495,5495,github,false,false,7,1,5,3,1,68,271,0,2,1,44797.0479704797,3110.70110701107,4461.254612546125,468,JonRowe,19,0.6842105263157895,13,false,true
1446051,rspec/rspec-core,ruby,901,1367942564,1368235601,1368235601,4883,4883,github,false,false,7,2,4,2,2,67,271,0,2,34,44797.0479704797,3110.70110701107,4461.254612546125,468,mcandre,0,0,20,false,false
1444778,rspec/rspec-core,ruby,898,1367921498,1367930940,1367930940,157,157,github,false,false,7,3,1,1,11,68,271,0,88,63,44797.0479704797,3110.70110701107,4461.254612546125,468,JonRowe,18,0.6666666666666666,13,false,true
1438079,rspec/rspec-core,ruby,895,1367789594,1368273218,1368273218,8060,8060,github,false,false,7,7,14,3,3,67,271,0,38,42,44686.346863468636,3099.6309963099634,4450.1845018450185,468,JonRowe,17,0.6470588235294118,13,false,true
1416981,rspec/rspec-core,ruby,890,1367363669,1367387733,1367387733,401,401,github,false,false,7,9,9,2,8,67,271,0,103,126,44258.302583025834,3066.420664206642,4413.284132841328,468,JonRowe,16,0.625,13,false,true
1405659,rspec/rspec-core,ruby,889,1367200884,1368437108,1368437108,20603,20603,github,false,false,7,3,11,5,19,65,271,0,30,7,44258.302583025834,3066.420664206642,4413.284132841328,468,JonRowe,15,0.6,13,false,true
1410507,rspec/rspec-core,ruby,887,1366920415,1367440596,1367440596,8669,8669,github,false,false,7,10,44,5,7,65,271,0,449,45,44258.302583025834,3066.420664206642,4413.284132841328,468,lfu,0,0,1,false,false
1685073,rspec/rspec-core,ruby,885,1366677113,,1366688003,181,,unknown,false,false,7,1,0,1,2,64,271,0,71,0,44258.302583025834,3066.420664206642,4413.284132841328,468,soulcutter,6,0.5,14,false,true
1434534,rspec/rspec-core,ruby,884,1366673439,1367812470,1367812470,18983,18983,github,false,false,7,4,8,3,2,64,271,0,74,3,44258.302583025834,3066.420664206642,4413.284132841328,468,JonRowe,14,0.5714285714285714,13,false,true
1324352,rspec/rspec-core,ruby,883,1366578258,,1367675067,18280,,unknown,false,true,7,3,12,3,2,64,271,0,16,0,44258.302583025834,3066.420664206642,4413.284132841328,468,JonRowe,13,0.6153846153846154,13,false,true
1395398,rspec/rspec-core,ruby,882,1366542982,1366553971,1366553971,183,183,github,false,false,7,1,3,3,3,64,271,0,40,2,44184.50184501845,3059.0405904059044,4405.90405904059,468,soulim,0,0,25,false,false
1392334,rspec/rspec-core,ruby,880,1366433353,1369948114,1369948114,58579,58579,github,false,false,7,6,3,3,2,64,271,0,81,38,44184.50184501845,3059.0405904059044,4405.90405904059,468,JonRowe,12,0.5833333333333334,13,false,true
1392303,rspec/rspec-core,ruby,879,1366432145,1368394247,1368394247,32701,32701,github,false,false,7,1,4,3,1,64,271,0,9,23,44184.50184501845,3059.0405904059044,4405.90405904059,468,JonRowe,11,0.5454545454545454,13,false,true
1384816,rspec/rspec-core,ruby,877,1366278112,1378237083,1378237083,199316,199316,commits_in_master,false,false,7,2,23,5,1,64,271,0,43,0,44184.50184501845,3059.0405904059044,4405.90405904059,468,sorentwo,3,1.0,6,false,false
1383943,rspec/rspec-core,ruby,876,1366260296,1366337513,1366337513,1286,1286,github,false,false,6,2,5,3,5,64,271,0,28,90,44184.50184501845,3059.0405904059044,4405.90405904059,468,JonRowe,10,0.5,13,false,true
1318677,rspec/rspec-core,ruby,874,1366161893,1366171260,1366171260,156,156,merged_in_comments,false,false,6,5,4,2,2,62,271,0,83,16,43889.29889298893,3011.0701107011073,4354.243542435424,468,soulcutter,5,0.6,14,true,true
1383773,rspec/rspec-core,ruby,873,1366255907,1366258058,1366258058,35,35,github,false,false,6,3,12,4,3,64,271,0,28,55,43889.29889298893,3011.0701107011073,4354.243542435424,468,JonRowe,9,0.4444444444444444,13,true,true
1364372,rspec/rspec-core,ruby,872,1365789771,1365822670,1365822670,548,548,github,false,false,5,1,0,1,1,59,271,0,0,0,43778.59778597786,3003.6900369003693,4328.413284132841,468,delba,0,0,1,false,false
1361134,rspec/rspec-core,ruby,871,1365724873,,1370828162,85054,,unknown,false,true,5,1,2,2,1,58,271,0,20,0,43778.59778597786,3003.6900369003693,4328.413284132841,468,JonRowe,8,0.5,13,false,true
1354938,rspec/rspec-core,ruby,869,1365602284,1365647823,1365647823,758,758,github,false,false,5,1,2,2,3,58,271,0,21,23,43756.45756457565,3000.0,4321.033210332103,468,rkh,0,0,683,false,false
1313120,rspec/rspec-core,ruby,867,1365546528,1365826898,1365826898,4672,4672,github,false,false,5,5,19,3,7,57,271,0,155,108,43778.59778597786,3003.6900369003693,4328.413284132841,468,soulcutter,4,0.5,14,false,true
1349994,rspec/rspec-core,ruby,866,1365499531,1365508494,1365508494,149,149,github,false,false,5,1,0,1,4,57,271,0,25,5,43715.86715867159,2992.619926199262,4306.273062730627,468,dchelimsky,1,1.0,528,true,true
1323221,rspec/rspec-core,ruby,865,1365480630,,1371293409,96879,,unknown,false,false,5,2,2,2,5,56,271,0,95,0,43715.86715867159,2992.619926199262,4306.273062730627,468,soulcutter,3,0.6666666666666666,14,false,true
1347785,rspec/rspec-core,ruby,864,1365448545,,1373020998,126207,,unknown,false,false,5,2,8,4,2,56,271,0,25,18,43715.86715867159,2992.619926199262,4306.273062730627,468,samphippen,17,0.5294117647058824,23,true,true
1307435,rspec/rspec-core,ruby,861,1365330231,1365339634,1365339634,156,156,github,false,false,5,1,10,2,2,56,271,0,0,24,43715.86715867159,2992.619926199262,4306.273062730627,936,samphippen,16,0.5,46,false,true
1340969,rspec/rspec-core,ruby,860,1365260574,1365268256,1365268256,128,128,github,false,false,5,1,0,2,1,56,271,0,0,0,43693.72693726938,2988.9298892988927,4302.5830258302585,468,sorentwo,2,1.0,6,false,false
1307086,rspec/rspec-core,ruby,859,1365173533,1365268552,1365268552,1583,1583,github,false,false,5,3,3,2,3,56,271,0,9,50,43723.24723247233,2988.9298892988927,4302.5830258302585,468,samphippen,15,0.4666666666666667,22,false,true
1330682,rspec/rspec-core,ruby,857,1365001411,,1365001915,8,,unknown,false,false,5,1,0,2,1,55,271,0,2,0,43723.24723247233,2988.9298892988927,4302.5830258302585,936,natsumesou,0,0,10,false,false
1313287,rspec/rspec-core,ruby,856,1364900353,1368831910,1368831910,65525,65525,github,false,false,5,58,21,4,14,55,271,0,972,183,43889.29889298893,3011.0701107011073,4354.243542435424,468,JonRowe,7,0.42857142857142855,13,false,true
1321882,rspec/rspec-core,ruby,854,1364834294,,1364834688,6,,unknown,false,false,5,1,0,1,1,54,271,0,6,0,43723.24723247233,2988.9298892988927,4302.5830258302585,468,stephencelis,0,0,90,false,false
1301425,rspec/rspec-core,ruby,853,1364806808,,1364912898,1768,,unknown,false,true,5,3,7,3,5,54,271,0,43,0,43723.24723247233,2988.9298892988927,4302.5830258302585,468,JonRowe,6,0.5,13,false,true
1316329,rspec/rspec-core,ruby,852,1364685148,1364689592,1364689592,74,74,github,false,false,5,1,0,1,3,54,271,0,159,1,43450.18450184502,2985.2398523985244,4298.89298892989,936,myronmarston,31,0.3225806451612903,170,true,true
1298021,rspec/rspec-core,ruby,847,1364336796,1364337289,1364337289,8,8,github,false,false,5,1,0,2,1,52,271,0,0,23,43450.18450184502,2985.2398523985244,4298.89298892989,468,samphippen,14,0.42857142857142855,22,false,true
1299444,rspec/rspec-core,ruby,846,1364281812,1364689651,1364689652,6797,6797,github,false,false,5,4,13,3,2,52,271,0,20,7,43450.18450184502,2985.2398523985244,4298.89298892989,468,hron84,0,0,4,false,false
1685074,rspec/rspec-core,ruby,845,1364225018,1364276279,1364276279,854,854,github,false,false,5,2,1,2,2,51,271,0,30,9,42948.33948339483,2937.2693726937273,4250.922509225093,468,michihuber,0,0,3,false,false
1301230,rspec/rspec-core,ruby,843,1364127306,1364266184,1364266184,2314,2314,github,false,false,4,21,29,3,9,47,271,0,453,119,42948.33948339483,2937.2693726937273,4250.922509225093,468,samphippen,13,0.38461538461538464,22,false,true
1294442,rspec/rspec-core,ruby,841,1364067796,1373683094,1373683094,160314,160314,merged_in_comments,false,false,4,9,13,4,9,46,271,0,121,0,42926.199261992624,2937.2693726937273,4250.922509225093,468,JonRowe,5,0.6,13,false,true
1281856,rspec/rspec-core,ruby,839,1363802569,1363929950,1363929950,2123,2123,github,false,false,4,2,0,1,32,44,271,24,24,3,42926.199261992624,2937.2693726937273,4250.922509225093,468,JonRowe,4,0.5,13,false,true
1280819,rspec/rspec-core,ruby,838,1363789290,1365235950,1365235950,24171,24171,github,false,false,4,1,1,1,1,44,271,0,24,0,42885.60885608856,2933.579335793358,4247.232472324724,468,sorentwo,1,1.0,6,false,false
1280516,rspec/rspec-core,ruby,837,1363785585,1363801755,1363801755,269,269,github,false,false,4,6,6,3,4,43,271,0,85,54,42885.60885608856,2933.579335793358,4247.232472324724,468,mshytikov,0,0,2,false,false
1270595,rspec/rspec-core,ruby,834,1363600365,1366258415,1366258415,44360,44360,github,true,true,4,16,24,3,4,42,271,0,240,112,42845.01845018451,2929.889298892989,4243.542435424354,468,JonRowe,3,0.3333333333333333,12,false,true
1256923,rspec/rspec-core,ruby,833,1363577956,1363582475,1363582475,75,75,github,false,false,4,1,3,2,3,42,271,0,45,20,42774.907749077494,2918.819188191882,4232.472324723247,468,cupakromer,1,1.0,10,false,false
1256782,rspec/rspec-core,ruby,832,1363476845,1363671571,1363671571,3245,3245,merged_in_comments,true,true,4,3,22,5,4,42,271,0,87,0,42653.136531365315,2907.749077490775,4214.022140221403,468,JonRowe,2,0.5,12,false,true
1266440,rspec/rspec-core,ruby,831,1363463694,1363560788,1363560788,1618,1618,github,false,false,4,1,10,3,3,41,271,0,17,10,42653.136531365315,2907.749077490775,4214.022140221403,468,fj,2,0.0,23,false,false
1240368,rspec/rspec-core,ruby,827,1362947068,1363093445,1363093445,2439,2439,github,false,false,4,2,6,2,3,47,274,0,11,37,42171.53284671533,2872.262773722628,4164.233576642336,468,cupakromer,0,0,10,false,false
1237136,rspec/rspec-core,ruby,825,1362850265,1364135984,1364135984,21428,21428,github,false,false,4,8,9,3,5,45,274,0,79,68,42029.197080291975,2864.963503649635,4149.635036496351,468,pjg,1,1.0,14,false,false
1236925,rspec/rspec-core,ruby,824,1362844435,1363048727,1363048727,3404,3404,github,false,false,4,1,0,2,1,45,274,0,0,4,42029.197080291975,2864.963503649635,4149.635036496351,468,pjg,0,0,14,false,false
1235617,rspec/rspec-core,ruby,823,1362797050,1362867759,1362867759,1178,1178,github,false,false,4,3,0,2,4,43,274,0,256,31,42029.197080291975,2864.963503649635,4149.635036496351,468,myronmarston,30,0.3,82,true,true
1231389,rspec/rspec-core,ruby,821,1362723209,,1362796936,1228,,unknown,false,false,4,3,0,1,3,40,274,0,168,0,42029.197080291975,2864.963503649635,4149.635036496351,468,myronmarston,29,0.3103448275862069,82,true,true
1307202,rspec/rspec-core,ruby,818,1362620711,1368654819,1368654819,100628,100628,github,false,false,4,29,48,3,14,39,274,0,772,36,42029.197080291975,2864.963503649635,4149.635036496351,468,JonRowe,1,0.0,12,false,true
1341280,rspec/rspec-core,ruby,816,1362515201,,1365268669,45951,,unknown,false,true,3,1,3,3,1,34,274,0,4,0,42029.197080291975,2864.963503649635,4149.635036496351,468,rubiii,0,0,73,false,false
1685072,rspec/rspec-core,ruby,815,1362493027,,1362495628,43,,unknown,false,false,3,1,4,3,2,33,274,0,12,0,42029.197080291975,2864.963503649635,4149.635036496351,468,jalkoby,0,0,4,false,false
1218265,rspec/rspec-core,ruby,814,1362361803,1363661806,1363661806,21666,21666,github,false,false,3,2,3,2,3,32,274,0,34,27,42029.197080291975,2864.963503649635,4149.635036496351,468,myronmarston,28,0.2857142857142857,82,true,true
1214526,rspec/rspec-core,ruby,813,1362247354,1362273776,1362273776,440,440,github,false,false,3,1,1,1,3,30,274,0,109,14,41919.708029197085,2864.963503649635,4149.635036496351,468,myronmarston,27,0.25925925925925924,82,true,true
1213311,rspec/rspec-core,ruby,811,1362205103,1362206555,1362206555,24,24,github,false,false,3,1,0,2,2,30,274,0,100,6,41653.28467153284,2843.065693430657,4120.43795620438,936,myronmarston,26,0.23076923076923078,164,true,true
1206376,rspec/rspec-core,ruby,809,1362065011,1362066046,1362066046,17,17,github,false,false,3,1,0,1,1,30,274,0,1,17,41456.20437956205,2832.116788321168,4098.540145985401,468,tomwhoiscontrary,0,0,2,false,false
1204319,rspec/rspec-core,ruby,806,1362020730,1362027307,1362027307,109,109,github,false,false,3,1,0,1,1,29,274,2,0,0,41456.20437956205,2832.116788321168,4098.540145985401,468,vfrride,0,0,0,false,false
1199452,rspec/rspec-core,ruby,804,1361932133,1362114797,1362114797,3044,3044,github,true,true,3,2,10,3,2,27,274,0,114,12,41456.20437956205,2832.116788321168,4098.540145985401,468,myronmarston,25,0.2,82,true,true
1174153,rspec/rspec-core,ruby,797,1361354721,1361372556,1361372556,297,297,github,false,false,3,1,0,1,1,28,274,0,0,3,41416.05839416059,2828.4671532846714,4094.890510948905,468,glyn,0,0,10,false,false
1172100,rspec/rspec-core,ruby,796,1361305538,,1378317203,283587,,unknown,false,true,3,2,22,11,2,28,274,0,31,0,41416.05839416059,2828.4671532846714,4094.890510948905,468,jasonkarns,0,0,12,false,false
1100729,rspec/rspec-core,ruby,791,1360744145,1360764822,1360764822,344,344,github,false,false,3,1,0,1,1,25,274,0,0,3,41416.05839416059,2828.4671532846714,4094.890510948905,468,pjambet,0,0,5,false,false
979795,rspec/rspec-core,ruby,790,1360228673,,1360937988,11821,,unknown,true,true,4,1,15,3,1,21,274,0,4,0,41416.05839416059,2828.4671532846714,4094.890510948905,468,EarthCitizen,0,0,0,false,false
1100722,rspec/rspec-core,ruby,788,1360092503,1360101469,1360101469,149,149,github,false,false,4,1,0,1,2,22,274,0,17,3,41394.16058394161,2824.8175182481755,4091.2408759124082,468,csmuc,0,0,0,false,false
943361,rspec/rspec-core,ruby,782,1359636190,1359638556,1359638556,39,39,github,false,false,4,1,1,4,1,22,274,0,0,2,41394.16058394161,2824.8175182481755,4091.2408759124082,468,banyan,0,0,51,false,false
937005,rspec/rspec-core,ruby,780,1359492330,1359511161,1359511161,313,313,github,false,false,5,1,0,1,1,21,274,0,0,1,41394.16058394161,2824.8175182481755,4091.2408759124082,468,elgalu,0,0,0,false,false
836542,rspec/rspec-core,ruby,776,1358953366,1358976204,1358976204,380,380,merged_in_comments,false,false,6,1,2,2,1,20,274,2,0,0,41394.16058394161,2824.8175182481755,4091.2408759124082,468,sanemat,2,0.5,40,false,false
816068,rspec/rspec-core,ruby,775,1358344606,1358376778,1358376778,536,536,github,false,false,6,1,2,2,2,28,268,8,0,3,42268.65671641791,2884.3283582089553,4179.10447761194,468,sorentwo,0,0,6,false,false
789783,rspec/rspec-core,ruby,772,1357769064,1357772920,1357772920,64,64,github,false,false,6,1,1,2,1,26,263,0,0,3,43011.40684410647,2939.1634980988592,4235.741444866921,468,mislav,0,0,933,false,false
787260,rspec/rspec-core,ruby,771,1357729748,1357837897,1357837897,1802,1802,github,false,false,6,2,3,2,2,27,263,0,84,4,43011.40684410647,2939.1634980988592,4235.741444866921,468,exviva,4,0.75,11,false,false
920319,rspec/rspec-core,ruby,769,1357315425,1358315590,1358315591,16669,16669,github,false,false,6,1,1,2,1,24,263,0,0,1,42817.49049429658,2920.152091254753,4205.32319391635,468,shepmaster,0,0,9,false,false
785228,rspec/rspec-core,ruby,768,1357297142,1357405710,1357405710,1809,1809,github,false,false,6,2,8,2,6,24,263,0,1124,22,42817.49049429658,2920.152091254753,4205.32319391635,468,exviva,3,0.6666666666666666,11,false,false
908099,rspec/rspec-core,ruby,765,1357066405,1357070372,1357070372,66,66,github,false,false,6,2,1,2,58,24,260,0,1794,78,43273.07692307692,2953.846153846154,4238.461538461538,468,myronmarston,24,0.16666666666666666,74,true,true
907182,rspec/rspec-core,ruby,764,1356979052,1356995895,1356995895,280,280,github,false,false,6,1,7,3,1,23,260,0,2,2,42892.30769230769,2934.6153846153843,4215.384615384615,936,sobrinho,0,0,126,false,false
772840,rspec/rspec-core,ruby,763,1356852021,1356882265,1356882265,504,504,commits_in_master,false,false,7,3,0,1,4,22,260,0,87,2,42523.07692307692,2900.0,4176.923076923077,468,zubin,1,1.0,8,false,false
772761,rspec/rspec-core,ruby,762,1356846581,1356882575,1356882575,599,599,github,false,false,7,3,6,2,2,22,260,0,20,0,42523.07692307692,2900.0,4176.923076923077,468,jojje,1,0.0,0,false,false
772657,rspec/rspec-core,ruby,761,1356839510,,1356848391,148,,unknown,false,true,7,4,8,2,2,22,260,0,16,0,42523.07692307692,2900.0,4176.923076923077,936,jojje,0,0,0,false,false
772621,rspec/rspec-core,ruby,760,1356837427,1356882278,1356882278,747,747,github,false,false,7,3,6,2,4,22,260,0,87,2,42523.07692307692,2900.0,4176.923076923077,468,zubin,0,0,8,false,false
903954,rspec/rspec-core,ruby,757,1356330969,1356935676,1356935676,10078,10078,github,false,false,8,4,8,4,5,23,260,0,271,26,42423.07692307692,2896.153846153846,4165.384615384615,467,myronmarston,23,0.13043478260869565,73,true,true
896437,rspec/rspec-core,ruby,753,1355914291,1355919195,1355919195,81,81,github,false,false,9,1,0,1,1,22,260,0,7,0,42350.0,2884.6153846153848,4153.846153846154,466,edmellum,0,0,4,false,false
759810,rspec/rspec-core,ruby,752,1355822737,1355934655,1355934655,1865,1865,github,false,false,9,1,3,3,1,22,260,0,0,0,42350.0,2884.6153846153848,4153.846153846154,466,mortice,0,0,19,false,false
755051,rspec/rspec-core,ruby,751,1355664258,1355677361,1355677362,218,218,github,false,false,9,2,1,2,3,22,260,0,2,3,42350.0,2884.6153846153848,4153.846153846154,465,sanemat,1,0.0,40,false,false
751833,rspec/rspec-core,ruby,750,1355503480,,1355663575,2668,,unknown,false,false,9,5,2,2,5,22,260,0,2,0,42350.0,2884.6153846153848,4153.846153846154,465,sanemat,0,0,40,false,false
651988,rspec/rspec-core,ruby,747,1355253160,1356362690,1356362690,18492,18492,github,false,false,11,10,36,5,7,25,260,0,75,65,42350.0,2884.6153846153848,4153.846153846154,462,greggroth,1,1.0,7,false,false
717273,rspec/rspec-core,ruby,745,1354872180,,1354872908,12,,unknown,false,false,11,1,1,1,1,23,260,0,2,0,42346.153846153844,2884.6153846153848,4153.846153846154,461,fiddyspence,0,0,0,false,false
705828,rspec/rspec-core,ruby,744,1354826126,1354828889,1354828889,46,46,github,false,false,11,1,0,1,1,23,260,0,1,15,42342.307692307695,2884.6153846153848,4153.846153846154,922,vanstee,2,1.0,28,false,false
615292,rspec/rspec-core,ruby,743,1354819540,1355151273,1355151273,5528,5528,github,false,false,11,8,21,4,4,23,260,0,219,27,42342.307692307695,2884.6153846153848,4153.846153846154,461,greggroth,0,0,7,false,false
1100801,rspec/rspec-core,ruby,739,1353784478,1353937882,1353937882,2556,2556,fixes_in_commit,false,false,12,1,0,0,1,25,260,0,5,0,42330.76923076923,2884.6153846153848,4153.846153846154,459,samphippen,12,0.4166666666666667,20,false,true
539457,rspec/rspec-core,ruby,736,1353439346,1353439591,1353439591,4,4,github,false,false,12,1,1,1,1,25,260,0,0,1,42269.230769230766,2880.769230769231,4150.0,459,TylerBrock,0,0,24,false,false
488247,rspec/rspec-core,ruby,729,1353022750,1353071610,1353071610,814,814,merged_in_comments,false,false,12,1,3,2,2,28,260,0,12,0,42234.61538461538,2880.769230769231,4150.0,459,charlietanksley,3,0.6666666666666666,7,false,false
477659,rspec/rspec-core,ruby,728,1352842008,1353278051,1353278051,7267,7267,github,false,false,13,1,5,5,1,27,260,0,12,14,42234.61538461538,2880.769230769231,4150.0,459,charliemaffitt,1,1.0,0,false,false
507137,rspec/rspec-core,ruby,723,1352299339,1356999949,1356999950,78343,78343,github,false,false,13,16,16,5,12,29,260,12,2,17,42188.46153846154,2880.769230769231,4150.0,459,charlietanksley,2,0.5,7,false,false
539458,rspec/rspec-core,ruby,722,1352136942,,1352136994,0,,unknown,false,false,13,5,0,0,30,29,260,11,481,0,42188.46153846154,2880.769230769231,4150.0,459,roy-gunter,0,0,1,false,false
539459,rspec/rspec-core,ruby,721,1352033343,1352040880,1352040880,125,125,github,false,false,13,1,0,3,2,32,260,0,9,22,42184.61538461538,2880.769230769231,4150.0,459,ruggeri,0,0,27,false,false
462228,rspec/rspec-core,ruby,720,1351622000,1352813372,1352813372,19856,19856,fixes_in_commit,false,false,13,1,16,4,2,32,260,0,32,0,42188.46153846154,2880.769230769231,4150.0,459,sunaku,1,1.0,81,false,false
539460,rspec/rspec-core,ruby,719,1351012324,,1351361764,5824,,unknown,false,false,11,2,4,4,2,33,260,0,4,0,41950.0,2865.3846153846152,4111.538461538461,459,charlietanksley,1,1.0,7,false,false
539461,rspec/rspec-core,ruby,717,1350591510,1351365069,1351365069,12892,12892,commit_sha_in_comments,false,false,11,4,11,2,3,32,260,0,144,0,41950.0,2865.3846153846152,4111.538461538461,459,samphippen,11,0.45454545454545453,19,false,true
539462,rspec/rspec-core,ruby,716,1350529404,1351346973,1351346973,13626,13626,github,false,false,11,4,14,3,3,31,260,0,77,54,41950.0,2865.3846153846152,4111.538461538461,459,soulcutter,2,0.5,12,false,true
539463,rspec/rspec-core,ruby,714,1350472082,1351392934,1351392934,15287,15287,github,false,false,11,2,2,3,2,30,260,0,34,5,41950.0,2865.3846153846152,4111.538461538461,459,samphippen,10,0.4,19,false,true
539464,rspec/rspec-core,ruby,713,1350384547,1350391552,1350391552,116,116,github,false,false,11,1,0,1,1,30,260,0,0,2,41950.0,2865.3846153846152,4111.538461538461,459,charlietanksley,0,0,7,false,false
539465,rspec/rspec-core,ruby,711,1350061405,1350240689,1350240689,2988,2988,github,false,false,12,3,6,3,9,30,260,1,56,8,41750.0,2861.5384615384614,4107.692307692308,459,alindeman,3,0.3333333333333333,64,false,true
539466,rspec/rspec-core,ruby,710,1349970378,1350057148,1350057148,1446,1446,github,false,false,12,1,2,2,45,30,260,0,0,12,41750.0,2861.5384615384614,4107.692307692308,458,vanstee,1,1.0,14,false,false
539455,rspec/rspec-core,ruby,709,1349968811,1356996682,1356996682,117071,117071,github,false,false,12,32,43,8,15,30,260,0,689,56,41750.0,2861.5384615384614,4107.692307692308,458,charliemaffitt,0,0,0,false,false
539467,rspec/rspec-core,ruby,706,1349813689,1349814666,1349814666,16,16,github,false,false,12,1,1,1,2,29,260,0,9,16,41726.92307692308,2857.6923076923076,4103.846153846153,458,alindeman,2,0.0,64,false,true
539468,rspec/rspec-core,ruby,705,1349803977,1349811523,1349811523,125,125,github,false,false,12,1,0,0,1,29,260,0,0,0,41726.92307692308,2857.6923076923076,4103.846153846153,458,vanstee,0,0,14,false,false
539456,rspec/rspec-core,ruby,703,1349613140,1377526986,1377526986,465230,465230,commit_sha_in_comments,false,false,12,2,15,5,4,28,260,0,15,0,41707.692307692305,2857.6923076923076,4103.846153846153,458,samphippen,9,0.4444444444444444,19,false,true
539469,rspec/rspec-core,ruby,702,1349598135,1349600115,1349600115,33,33,github,false,false,12,1,0,1,1,29,260,0,2,7,41642.30769230769,2853.846153846154,4100.0,458,jarmo,3,0.3333333333333333,17,false,false
539470,rspec/rspec-core,ruby,701,1349404527,1349755315,1349755315,5846,5846,github,false,false,12,1,3,2,5,30,260,0,54,16,41707.692307692305,2857.6923076923076,4103.846153846153,458,myronmarston,22,0.09090909090909091,67,true,true
539471,rspec/rspec-core,ruby,700,1349372635,1349394265,1349394265,360,360,github,false,false,12,1,1,1,1,30,260,0,1,8,41469.230769230766,2834.6153846153848,4080.7692307692305,458,blowmage,0,0,47,false,false
539472,rspec/rspec-core,ruby,699,1349235569,1349484492,1349484492,4148,4148,commit_sha_in_comments,false,false,12,1,2,2,2,30,260,0,18,7,41419.23076923077,2838.4615384615386,4084.6153846153843,458,myronmarston,21,0.09523809523809523,67,true,true
447976,rspec/rspec-core,ruby,698,1349012153,1349236733,1349236733,3743,3743,commit_sha_in_comments,false,false,12,7,12,3,5,31,260,0,236,0,41361.53846153846,2834.6153846153848,4076.9230769230767,457,alex-tan,0,0,0,false,false
444294,rspec/rspec-core,ruby,696,1348828041,1348828727,1348828727,11,11,github,false,false,11,1,1,1,1,31,260,0,2,4,41361.53846153846,2834.6153846153848,4076.9230769230767,914,amatsuda,1,0.0,830,false,false
442006,rspec/rspec-core,ruby,694,1348754687,1349059401,1349059401,5078,5078,github,false,false,11,2,2,3,2,30,260,0,12,7,41323.07692307692,2830.769230769231,4073.076923076923,457,samphippen,8,0.375,19,false,true
441480,rspec/rspec-core,ruby,693,1348743116,1348753617,1348753617,175,175,fixes_in_commit,false,false,11,2,0,3,2,30,260,0,2,0,41330.76923076923,2830.769230769231,4076.9230769230767,457,samphippen,7,0.42857142857142855,19,false,true
439392,rspec/rspec-core,ruby,691,1348671070,,1348689982,315,,unknown,false,false,11,3,2,2,3,30,260,0,28,0,41161.53846153846,2815.3846153846157,4061.5384615384614,457,samphippen,6,0.5,18,false,true
437632,rspec/rspec-core,ruby,689,1348610540,1348626773,1348626773,270,270,commit_sha_in_comments,false,false,10,2,0,2,2,32,260,0,28,0,40965.38461538462,2807.6923076923076,4053.846153846154,456,samphippen,5,0.6,18,false,true
432761,rspec/rspec-core,ruby,688,1348470087,1348783713,1348783713,5227,5227,fixes_in_commit,false,false,9,3,6,5,2,32,260,0,20,0,40965.38461538462,2807.6923076923076,4053.846153846154,456,JordiPolo,0,0,1,false,false
428107,rspec/rspec-core,ruby,687,1348218898,1348628564,1348628564,6827,6827,commit_sha_in_comments,false,false,8,2,6,3,2,30,260,0,47,0,40965.38461538462,2807.6923076923076,4053.846153846154,456,markburns,0,0,20,false,false
406822,rspec/rspec-core,ruby,684,1347995856,,1348369800,6232,,unknown,false,false,8,4,12,5,2,30,260,0,38,0,40965.38461538462,2807.6923076923076,4053.846153846154,456,samphippen,4,0.75,18,false,true
394845,rspec/rspec-core,ruby,681,1347769445,1349517743,1349517744,29138,29138,github,false,false,8,1,4,2,2,31,260,0,18,0,40846.153846153844,2788.461538461538,4030.7692307692305,456,twe4ked,0,0,20,false,false
416174,rspec/rspec-core,ruby,680,1347554087,,1347558657,76,,unknown,false,false,7,3,2,2,1,32,260,0,49,0,40565.38461538462,2784.6153846153843,4026.9230769230767,456,samphippen,3,1.0,18,false,true
416101,rspec/rspec-core,ruby,679,1347547781,1347556183,1347556183,140,140,github,false,false,7,1,0,1,1,31,260,0,2,4,40561.53846153846,2784.6153846153843,4026.9230769230767,455,samphippen,2,1.0,18,false,true
375074,rspec/rspec-core,ruby,678,1347546529,1347549251,1347549251,45,45,github,false,false,7,1,3,2,1,31,260,0,26,4,40561.53846153846,2784.6153846153843,4026.9230769230767,455,samphippen,1,1.0,18,false,true
388357,rspec/rspec-core,ruby,677,1347464925,1347493722,1347493722,479,479,github,false,false,7,3,8,3,1,30,260,0,71,3,40523.07692307692,2784.6153846153843,4026.9230769230767,454,samphippen,0,0,18,false,true
369058,rspec/rspec-core,ruby,676,1347384534,1347908000,1347908000,8724,8724,github,false,false,6,2,6,2,2,29,260,0,47,0,40523.07692307692,2784.6153846153843,4026.9230769230767,454,mscottford,0,0,11,false,false
358372,rspec/rspec-core,ruby,674,1346950517,1347742811,1347742811,13204,13204,fixes_in_commit,false,false,6,1,3,2,1,30,260,0,2,0,40288.46153846154,2765.3846153846152,3992.3076923076924,454,dsisnero,0,0,5,false,false
351930,rspec/rspec-core,ruby,672,1346735252,1346803622,1346803622,1139,1139,commit_sha_in_comments,false,false,5,3,6,3,3,31,260,0,23,0,40223.07692307692,2757.6923076923076,3976.923076923077,454,soulcutter,1,1.0,11,false,true
412595,rspec/rspec-core,ruby,671,1346620673,1346626289,1346626289,93,93,github,false,false,5,1,1,1,1,32,260,0,0,0,40261.53846153846,2765.3846153846152,3984.6153846153848,454,soulcutter,0,0,11,false,true
330636,rspec/rspec-core,ruby,670,1346482369,1346496409,1346496409,234,234,github,false,false,5,2,7,7,2,31,260,0,21,2,40207.692307692305,2761.5384615384614,3976.923076923077,908,tomykaira,0,0,86,false,false
330932,rspec/rspec-core,ruby,666,1346030081,1372218506,1372218507,436473,436473,github,true,false,5,9,51,8,9,25,260,0,422,32,40200.0,2761.5384615384614,3976.923076923077,451,dchelimsky,0,0,501,true,true
249808,rspec/rspec-core,ruby,661,1345177333,1345214816,1345214820,624,624,github,false,false,5,6,6,3,15,17,259,2,293,86,39540.54054054054,2725.868725868726,3930.5019305019305,902,alexch,1,1.0,150,false,false
241616,rspec/rspec-core,ruby,660,1344886353,1347111826,1347111826,37091,37091,commit_sha_in_comments,false,false,5,1,9,7,3,15,259,0,6,0,39540.54054054054,2725.868725868726,3930.5019305019305,451,joliss,3,0.3333333333333333,52,false,false
233498,rspec/rspec-core,ruby,659,1344104612,1347719052,1347719052,60240,60240,github,false,false,5,10,12,4,3,8,259,0,1071,8,39540.54054054054,2725.868725868726,3930.5019305019305,445,moredip,0,0,71,false,false
539421,rspec/rspec-core,ruby,657,1343739387,1343821008,1343821008,1360,1360,github,false,false,5,1,1,1,2,7,259,0,25,10,39498.0694980695,2725.868725868726,3903.4749034749034,445,samwgoldman,0,0,12,false,false
245485,rspec/rspec-core,ruby,655,1343323301,1345025080,1345025080,28362,28362,commit_sha_in_comments,false,false,5,2,6,4,2,7,259,0,63,0,39498.0694980695,2725.868725868726,3903.4749034749034,444,TylerRick,0,0,8,false,false
220138,rspec/rspec-core,ruby,653,1342878580,1342954659,1342954659,1267,1267,merged_in_comments,false,false,5,2,6,5,7,7,259,0,107,0,39498.0694980695,2725.868725868726,3903.4749034749034,443,alindeman,1,0.0,58,true,true
205792,rspec/rspec-core,ruby,649,1342202263,1342202379,1342202380,1,1,github,false,false,5,4,0,1,4,8,259,0,0,0,39413.12741312741,2722.007722007722,3891.891891891892,442,rsperberg,0,0,2,false,false
205345,rspec/rspec-core,ruby,648,1342189670,1342189787,1342189787,1,1,github,false,false,4,1,0,4,1,8,259,0,4,1,39413.12741312741,2722.007722007722,3891.891891891892,442,joliss,2,0.0,48,false,false
162233,rspec/rspec-core,ruby,639,1339872010,,1348627164,145919,,unknown,false,false,4,1,5,4,2,12,259,0,85,0,38810.81081081081,2691.119691119691,3830.11583011583,430,myronmarston,20,0.1,56,true,true
46880,rspec/rspec-core,ruby,638,1339821706,1339854778,1339854778,551,551,commit_sha_in_comments,false,false,4,1,5,5,4,11,259,0,27,28,38756.75675675676,2679.5366795366795,3818.5328185328185,430,myronmarston,19,0.10526315789473684,56,true,true
155929,rspec/rspec-core,ruby,634,1339484732,1364276506,1364276506,413136,413136,merged_in_comments,false,true,4,1,1,2,1,11,259,0,22,0,38791.50579150579,2679.5366795366795,3818.5328185328185,429,gja,0,0,20,false,false
149611,rspec/rspec-core,ruby,630,1339004055,1339004101,1339004101,0,0,github,false,false,3,1,0,0,1,11,259,0,0,0,38714.28571428572,2671.814671814672,3810.810810810811,429,hynkle,0,0,8,false,false
149404,rspec/rspec-core,ruby,629,1338994935,1339365818,1339365818,6181,6181,github,false,false,3,1,2,3,5,10,259,0,11,3,38714.28571428572,2671.814671814672,3810.810810810811,429,myronmarston,18,0.05555555555555555,52,true,true
147594,rspec/rspec-core,ruby,628,1338894082,1338899156,1338899156,84,84,commit_sha_in_comments,false,false,3,1,9,6,2,10,259,0,66,0,38714.28571428572,2671.814671814672,3810.810810810811,429,arturaz,0,0,14,false,false
136650,rspec/rspec-core,ruby,623,1337967020,1337968578,1337968578,25,25,github,false,false,3,1,0,0,1,11,259,0,0,2,38656.37065637065,2671.814671814672,3806.9498069498068,848,brynary,0,0,552,false,false
128381,rspec/rspec-core,ruby,622,1337347537,1337352754,1337352754,86,86,github,false,false,3,2,4,3,2,16,259,0,11,22,38447.87644787645,2656.3706563706564,3791.5057915057914,424,slyphon,0,0,14,false,false
34218,rspec/rspec-core,ruby,614,1336134298,1336887317,1336887317,12550,12550,github,false,false,3,2,5,4,7,17,259,0,39,11,38389.96138996139,2629.3436293436293,3741.3127413127413,418,dblock,2,1.0,90,false,false
110729,rspec/rspec-core,ruby,610,1335992296,1336046190,1336046190,898,898,github,false,false,3,1,0,0,2,20,259,0,7,3,38370.65637065637,2625.4826254826257,3737.4517374517377,417,dblock,1,1.0,89,false,false
33881,rspec/rspec-core,ruby,609,1335879191,1340271427,1340271427,73203,73203,github,false,false,3,4,17,4,12,20,259,0,1173,15,38370.65637065637,2625.4826254826257,3737.4517374517377,416,alexch,0,0,59,false,false
100345,rspec/rspec-core,ruby,605,1335210082,1337468470,1337468470,37639,37639,github,false,false,3,1,0,0,2,20,259,0,15,5,38370.65637065637,2625.4826254826257,3737.4517374517377,416,jarmo,2,0.0,14,false,false
97506,rspec/rspec-core,ruby,604,1334939858,1334944597,1334944597,78,78,github,false,false,2,1,0,2,2,27,259,0,13,7,38343.62934362935,2617.760617760618,3729.72972972973,416,eregon,1,1.0,15,false,false
97097,rspec/rspec-core,ruby,603,1334921841,1334921914,1334921914,1,1,github,false,false,2,2,0,0,2,24,259,0,14,8,38343.62934362935,2617.760617760618,3729.72972972973,832,exviva,2,0.5,16,false,false
88608,rspec/rspec-core,ruby,602,1334296076,1334732777,1334732777,7278,7278,github,false,false,2,5,4,3,2,22,259,0,37,27,38316.602316602315,2613.899613899614,3725.868725868726,416,moro,1,0.0,105,false,false
81642,rspec/rspec-core,ruby,596,1333736141,1337287048,1337287048,59181,59181,commit_sha_in_comments,false,true,2,7,10,5,12,23,259,0,52,0,38339.76833976834,2644.7876447876447,3764.4787644787643,413,antifun,0,0,1,false,false
66096,rspec/rspec-core,ruby,589,1332586753,1332588105,1332588105,22,22,github,false,false,3,1,1,1,1,27,259,0,6,3,38131.274131274135,2613.899613899614,3725.868725868726,822,sognat,0,0,4,false,false
65841,rspec/rspec-core,ruby,588,1332560617,1332613589,1332613589,882,882,github,false,false,3,1,2,2,2,25,259,0,8,3,38158.301158301154,2613.899613899614,3725.868725868726,410,grosser,2,0.0,123,false,false
378044,rspec/rspec-core,ruby,582,1331907507,1331989539,1331989539,1367,1367,github,false,false,3,1,0,1,2,25,212,0,23,2,45929.24528301886,3174.5283018867926,4481.132075471698,408,masarakki,0,0,48,true,false
53922,rspec/rspec-core,ruby,579,1331286436,,1332082357,13265,,unknown,false,false,3,4,4,2,2,27,212,0,181,0,45929.24528301886,3174.5283018867926,4485.8490566037735,407,preethiramdev,0,0,2,false,false
539422,rspec/rspec-core,ruby,578,1330589477,,1330598707,153,,unknown,false,false,3,1,0,3,2,25,170,0,27,0,57117.64705882353,3952.9411764705883,5594.117647058823,407,amatsuda,0,0,323,false,false
376336,rspec/rspec-core,ruby,575,1330081644,,1330155272,1227,,unknown,false,false,3,1,2,2,1,20,170,0,2,0,57117.64705882353,3952.9411764705883,5594.117647058823,406,dkoprov,0,0,6,true,false
32348,rspec/rspec-core,ruby,574,1329396675,,1337467053,134566,,unknown,false,false,3,1,4,3,2,21,170,0,29,0,57117.64705882353,3952.9411764705883,5594.117647058823,405,p8,0,0,8,false,false
23319,rspec/rspec-core,ruby,571,1328357582,1334948432,1334948432,109907,109907,github,false,false,3,1,5,3,4,20,259,0,0,2,38378.37837837838,2625.4826254826257,3737.4517374517377,401,eregon,0,0,13,false,false
23295,rspec/rspec-core,ruby,570,1328354587,1328361088,1328361088,108,108,github,false,false,3,1,0,0,2,20,170,0,4,3,57058.82352941177,3952.9411764705883,5594.117647058823,401,tomstuart,0,0,31,false,false
27459,rspec/rspec-core,ruby,569,1328290027,1328869951,1328869951,9665,9665,github,false,false,3,1,0,0,1,20,170,0,2,2,57058.82352941177,3952.9411764705883,5594.117647058823,401,sunaku,0,0,62,false,false
21764,rspec/rspec-core,ruby,568,1327965876,,1338372703,173507,,unknown,false,false,3,1,3,6,2,20,170,0,27,0,57058.82352941177,3952.9411764705883,5594.117647058823,401,janv,0,0,25,false,false
370698,rspec/rspec-core,ruby,564,1327839398,1328449143,1328449143,10162,10162,github,false,false,3,2,5,2,2,20,170,0,18,25,56747.05882352941,3929.411764705882,5558.823529411765,400,pyromaniac,0,0,30,true,false
268645,rspec/rspec-core,ruby,563,1327745896,1327894391,1327894391,2474,2474,github,false,false,3,1,2,2,3,20,170,0,27,6,56747.05882352941,3929.411764705882,5558.823529411765,400,uzzz,0,0,5,false,false
220139,rspec/rspec-core,ruby,561,1327208587,1342878614,1342878614,261227,261227,commit_sha_in_comments,false,true,3,5,11,6,9,16,170,4,112,0,56741.17647058824,3929.411764705882,5558.823529411765,399,MrJoy,0,0,16,false,false
539473,rspec/rspec-core,ruby,560,1327179766,,1327202212,374,,unknown,false,false,3,1,0,2,2,16,170,0,31,0,56741.17647058824,3929.411764705882,5558.823529411765,399,exviva,1,1.0,7,false,false
539474,rspec/rspec-core,ruby,559,1327179555,1327211902,1327211902,539,539,github,false,false,3,1,2,1,1,16,170,4,0,0,56741.17647058824,3929.411764705882,5558.823529411765,399,exviva,0,0,7,false,false
539475,rspec/rspec-core,ruby,555,1326738689,1326750996,1326750996,205,205,github,false,false,3,3,0,0,4,19,170,0,7,44,56735.294117647056,3923.529411764706,5552.941176470588,399,ineverov,1,0.0,0,false,false
539676,rspec/rspec-core,ruby,550,1326108282,,1326109021,12,,unknown,false,false,3,1,0,1,1,20,170,0,0,0,56729.41176470588,3923.529411764706,5552.941176470588,398,laserlemon,0,0,35,false,false
204282,rspec/rspec-core,ruby,548,1325741579,1342149753,1342149753,273529,273529,merged_in_comments,false,false,3,4,9,3,7,16,259,0,262,340,38791.50579150579,2679.5366795366795,3818.5328185328185,396,myronmarston,17,0.058823529411764705,49,true,true
539477,rspec/rspec-core,ruby,545,1325000212,1325011008,1325011008,179,179,github,false,false,2,1,0,3,2,12,170,0,10,40,56529.41176470588,3894.1176470588234,5523.529411764705,396,weidenfreak,0,0,2,false,false
539478,rspec/rspec-core,ruby,543,1324570737,,1324574205,57,,unknown,false,false,2,2,2,2,2,12,170,0,41,0,56517.647058823524,3894.1176470588234,5523.529411764705,396,Peeja,1,0.0,12,false,false
539479,rspec/rspec-core,ruby,542,1324234104,1324256491,1324256491,373,373,github,false,false,2,1,0,1,3,12,170,0,71,96,56470.58823529412,3888.235294117647,5505.882352941177,396,AlexKVal,25,0.56,0,false,false
539480,rspec/rspec-core,ruby,541,1323867565,,1324111423,4064,,unknown,true,false,2,1,2,3,1,13,170,0,2,0,56317.64705882353,3864.705882352941,5435.2941176470595,396,trans,0,0,25,false,false
539481,rspec/rspec-core,ruby,539,1323461764,1323547012,1323547012,1420,1420,github,false,false,2,1,0,3,7,13,170,0,74,123,56141.17647058824,3835.294117647059,5405.882352941177,395,JoshCheek,1,0.0,33,false,false
539482,rspec/rspec-core,ruby,538,1323441008,1325251063,1325251063,30167,30167,github,false,false,2,1,0,0,1,10,170,0,12,26,56470.58823529412,3888.235294117647,5505.882352941177,395,AlexKVal,24,0.5416666666666666,0,false,false
318216,rspec/rspec-core,ruby,537,1323439236,,1338100206,244409,,unknown,false,false,2,1,3,3,2,10,170,0,58,0,56470.58823529412,3888.235294117647,5505.882352941177,395,AlexKVal,23,0.5652173913043478,0,false,false
539483,rspec/rspec-core,ruby,536,1323368287,1323369009,1323369010,12,12,github,false,false,2,1,0,0,1,11,170,0,5,11,56147.05882352941,3835.294117647059,5405.882352941177,395,AlexKVal,22,0.5454545454545454,0,false,false
539484,rspec/rspec-core,ruby,535,1323339409,1323339917,1323339917,8,8,github,false,false,2,1,0,0,1,11,170,0,30,7,56117.64705882353,3835.294117647059,5405.882352941177,395,AlexKVal,21,0.5238095238095238,0,false,false
539485,rspec/rspec-core,ruby,534,1323295838,,1323295972,2,,unknown,false,false,2,1,0,1,1,11,170,0,15,0,56117.64705882353,3835.294117647059,5405.882352941177,395,AlexKVal,20,0.55,0,false,false
314872,rspec/rspec-core,ruby,533,1323287333,,1337464021,236338,,unknown,false,false,2,1,0,1,3,11,170,0,5,0,56470.58823529412,3888.235294117647,5505.882352941177,395,AlexKVal,19,0.5789473684210527,0,false,false
539486,rspec/rspec-core,ruby,532,1323280158,,1323283757,59,,unknown,false,true,2,1,0,1,2,11,170,0,2,0,56117.64705882353,3835.294117647059,5405.882352941177,395,AlexKVal,18,0.6111111111111112,0,false,false
539487,rspec/rspec-core,ruby,531,1323274957,1323275820,1323275820,14,14,merged_in_comments,false,false,2,1,0,2,1,11,170,0,23,0,56117.64705882353,3835.294117647059,5405.882352941177,395,AlexKVal,17,0.6470588235294118,0,false,false
539488,rspec/rspec-core,ruby,530,1323272590,,1323274857,37,,unknown,false,false,2,2,2,2,1,11,170,0,25,0,56117.64705882353,3835.294117647059,5405.882352941177,395,AlexKVal,16,0.6875,0,false,false
539489,rspec/rspec-core,ruby,529,1323268681,,1323339977,1188,,unknown,false,true,2,1,6,2,1,8,170,0,30,0,56117.64705882353,3835.294117647059,5405.882352941177,395,AlexKVal,15,0.7333333333333333,0,false,false
539490,rspec/rspec-core,ruby,528,1323205398,1323217077,1323217077,194,194,github,false,false,2,1,1,2,1,8,170,0,38,22,56152.941176470595,3835.294117647059,5405.882352941177,395,AlexKVal,14,0.7142857142857143,0,false,false
539491,rspec/rspec-core,ruby,527,1323127767,,1323176169,806,,unknown,false,false,2,1,2,2,1,8,170,0,24,0,56152.941176470595,3835.294117647059,5405.882352941177,395,AlexKVal,13,0.7692307692307693,0,false,false
539492,rspec/rspec-core,ruby,526,1323027930,,1323028332,6,,unknown,false,false,2,1,0,1,1,8,170,0,82,0,56194.117647058825,3835.294117647059,5405.882352941177,395,AlexKVal,12,0.8333333333333334,0,false,false
220114,rspec/rspec-core,ruby,525,1323026207,1342877345,1342877345,330912,330912,merged_in_comments,true,false,2,1,5,3,3,8,170,0,103,0,56470.58823529412,3888.235294117647,5505.882352941177,395,AlexKVal,11,0.9090909090909091,0,false,false
539493,rspec/rspec-core,ruby,524,1323019034,,1323027199,136,,unknown,false,false,2,1,0,2,1,8,170,0,13,0,56194.117647058825,3835.294117647059,5405.882352941177,395,AlexKVal,10,1.0,0,false,false
539494,rspec/rspec-core,ruby,523,1323018666,1323091561,1323091561,1214,1214,github,false,false,2,1,5,2,1,8,170,0,34,21,56194.117647058825,3835.294117647059,5405.882352941177,395,AlexKVal,9,1.0,0,false,false
539495,rspec/rspec-core,ruby,521,1322835949,1322836436,1322836436,8,8,github,false,false,2,1,0,0,1,8,170,0,3,20,56217.64705882353,3835.294117647059,5405.882352941177,395,AlexKVal,8,1.0,0,false,false
539496,rspec/rspec-core,ruby,519,1322754283,1322783708,1322783708,490,490,github,false,false,2,2,2,2,1,9,164,0,19,6,57841.46341463415,3963.4146341463415,5542.682926829269,395,AlexKVal,7,1.0,0,false,false
539497,rspec/rspec-core,ruby,518,1322735249,1322742615,1322742615,122,122,github,false,false,2,1,0,2,2,9,164,0,19,9,57615.85365853659,3926.829268292683,5506.09756097561,394,AlexKVal,6,1.0,0,false,false
539498,rspec/rspec-core,ruby,517,1322696610,1322699773,1322699773,52,52,github,false,false,2,1,0,0,1,10,164,0,4,7,57615.85365853659,3926.829268292683,5506.09756097561,394,AlexKVal,5,1.0,0,false,false
539499,rspec/rspec-core,ruby,516,1322668138,1322742711,1322742711,1242,1242,github,false,false,2,1,1,1,1,10,164,0,50,4,57615.85365853659,3926.829268292683,5506.09756097561,394,AlexKVal,4,1.0,0,false,false
539500,rspec/rspec-core,ruby,514,1322591202,1322591840,1322591840,10,10,github,false,false,2,1,0,0,1,10,164,0,4,3,57634.14634146341,3920.7317073170734,5512.195121951219,394,hexgnu,0,0,7,false,false
539501,rspec/rspec-core,ruby,513,1322510800,1322513504,1322513504,45,45,github,false,false,1,1,0,0,1,11,164,0,7,20,57628.0487804878,3926.829268292683,5518.29268292683,394,AlexKVal,3,1.0,0,false,false
539502,rspec/rspec-core,ruby,512,1322498301,1322617002,1322617002,1978,1978,github,false,false,1,1,0,0,2,11,164,0,12,33,57628.0487804878,3926.829268292683,5518.29268292683,394,AlexKVal,2,1.0,0,false,false
539503,rspec/rspec-core,ruby,511,1322436288,1322616638,1322616638,3005,3005,github,false,false,1,2,0,0,3,11,164,0,20,36,57628.0487804878,3926.829268292683,5518.29268292683,394,AlexKVal,1,1.0,0,false,false
539504,rspec/rspec-core,ruby,510,1322415196,1322415266,1322415266,1,1,github,false,false,1,1,0,0,1,11,164,0,2,12,57628.0487804878,3926.829268292683,5518.29268292683,394,AlexKVal,0,0,0,false,false
539505,rspec/rspec-core,ruby,509,1322334154,1322338860,1322338860,78,78,github,false,false,1,1,0,1,2,12,164,0,11,9,57573.170731707316,3920.7317073170734,5512.195121951219,394,cgriego,1,1.0,27,false,false
539506,rspec/rspec-core,ruby,504,1321452213,,1324136112,44731,,unknown,false,false,1,3,2,2,2,17,164,0,25,0,57524.39024390244,3920.7317073170734,5512.195121951219,394,ineverov,0,0,0,false,false
539507,rspec/rspec-core,ruby,503,1321229879,1321361183,1321361183,2188,2188,github,false,false,1,4,9,3,2,17,164,0,210,84,57481.707317073175,3914.6341463414633,5506.09756097561,394,cbascom,1,1.0,0,false,false
539508,rspec/rspec-core,ruby,502,1321177664,1321194609,1321194609,282,282,github,false,false,1,1,0,2,1,18,108,0,68,14,87203.70370370371,5944.444444444444,8361.111111111111,394,ileitch,0,0,19,false,false
539509,rspec/rspec-core,ruby,501,1321130892,1321131133,1321131133,4,4,github,false,false,1,1,0,0,1,20,108,0,4,21,87175.92592592593,5944.444444444444,8361.111111111111,394,cbascom,0,0,0,false,false
539510,rspec/rspec-core,ruby,498,1320434140,,1320437050,48,,unknown,false,false,1,1,1,2,2,18,78,0,38,0,118756.41025641026,8166.666666666666,11602.564102564102,393,rodrigues,0,0,8,false,false
539511,rspec/rspec-core,ruby,494,1320299211,1320314613,1320314613,256,256,github,false,false,1,3,0,0,2,20,78,0,115,104,116730.76923076922,7961.538461538462,11256.410256410258,393,myronmarston,16,0.0,48,true,true
539512,rspec/rspec-core,ruby,488,1319970330,1319972200,1319972200,31,31,merged_in_comments,false,false,1,6,0,2,10,15,78,4,64,0,115884.61538461539,7846.153846153846,11089.74358974359,393,mvz,0,0,11,false,false
539513,rspec/rspec-core,ruby,486,1319489368,1319540786,1319540786,856,856,commit_sha_in_comments,true,false,1,2,3,2,2,23,27,0,30,0,326444.44444444444,21703.7037037037,30888.88888888889,393,agibralter,0,0,8,false,false
539514,rspec/rspec-core,ruby,485,1319291107,1321361356,1321361356,34444,34444,github,false,false,1,1,5,3,1,23,78,0,2,13,116730.76923076922,7961.538461538462,11256.410256410258,392,ragaskar,0,0,19,false,false
539724,rspec/rspec-core,ruby,480,1319003572,1319540787,1319540787,8953,8953,merged_in_comments,false,false,1,1,5,2,1,23,27,0,2,0,319888.88888888893,21407.40740740741,30259.25925925926,392,bartekd,0,0,2,false,false
539516,rspec/rspec-core,ruby,474,1318618937,1318619722,1318619722,13,13,github,false,false,2,1,0,1,1,28,27,0,0,0,320037.037037037,21407.40740740741,30259.25925925926,392,sumbach,0,0,7,false,false
539517,rspec/rspec-core,ruby,472,1318377250,1318411273,1318411274,567,567,github,false,false,2,1,1,1,6,28,27,0,27,18,319333.3333333333,21296.2962962963,30074.074074074073,392,cgriego,0,0,27,false,false
539518,rspec/rspec-core,ruby,459,1316696787,1317514653,1317514653,13631,13631,github,false,false,2,1,0,1,2,31,27,0,33,5,317518.51851851854,21148.14814814815,29814.814814814814,390,kellyfelkins,0,0,2,false,false
539519,rspec/rspec-core,ruby,458,1316198412,,1316198626,3,,unknown,false,false,2,1,0,3,2,30,27,0,14,0,317518.51851851854,21148.14814814815,29814.814814814814,390,JoshCheek,0,0,32,false,false
220925,rspec/rspec-core,ruby,452,1314877942,,1342954814,467947,,unknown,false,false,2,1,3,3,1,27,170,0,2,0,56470.58823529412,3888.235294117647,5505.882352941177,388,c00lryguy,0,0,10,false,false
539725,rspec/rspec-core,ruby,451,1314633403,1321362257,1321362257,112087,112087,github,false,false,2,1,3,2,1,27,78,0,9,0,116730.76923076922,7961.538461538462,11256.410256410258,388,richievos,0,0,8,false,false
539521,rspec/rspec-core,ruby,450,1314565655,,1314582662,283,,unknown,false,false,2,1,0,0,2,27,27,0,16,0,316703.7037037037,20962.962962962964,29666.666666666668,388,iain,0,0,75,false,false
394247,rspec/rspec-core,ruby,443,1313939528,1338103030,1338103030,402725,402725,github,false,false,3,1,4,3,1,24,170,0,17,0,56517.647058823524,3894.1176470588234,5523.529411764705,387,nicknovitski,0,0,4,true,false
539523,rspec/rspec-core,ruby,441,1313565521,1313576782,1313576782,187,187,github,false,false,3,1,0,0,1,22,27,0,0,1,316259.2592592592,20962.962962962964,29629.62962962963,387,jeroenvandijk,2,0.0,12,false,false
539726,rspec/rspec-core,ruby,437,1312813316,1312829903,1312829903,276,276,github,false,false,3,1,0,0,1,19,27,0,1,1,316259.2592592592,20962.962962962964,29629.62962962963,387,pivotal-casebook,0,0,4,false,false
539525,rspec/rspec-core,ruby,435,1312632408,,1312676845,740,,unknown,false,false,3,3,2,2,2,20,27,0,13,0,315777.77777777775,20888.88888888889,29518.51851851852,387,johnbintz,0,0,28,false,false
539526,rspec/rspec-core,ruby,432,1312459745,,1312503089,722,,unknown,false,false,4,1,0,0,2,20,27,0,20,0,314925.9259259259,20814.814814814814,29444.44444444444,387,slawosz,0,0,10,false,false
539727,rspec/rspec-core,ruby,430,1311841576,,1320974124,152149,,unknown,false,false,4,1,18,4,3,23,27,0,55,0,314518.51851851854,20814.814814814814,29444.44444444444,385,phoet,0,0,24,false,false
539528,rspec/rspec-core,ruby,429,1311371084,1311377240,1311377240,102,102,github,false,false,4,1,0,0,1,20,27,0,2,5,314296.2962962963,20814.814814814814,29444.44444444444,385,JackDanger,0,0,112,false,false
539728,rspec/rspec-core,ruby,428,1310889122,1310929726,1310929726,676,676,commit_sha_in_comments,false,false,3,2,7,2,4,18,27,0,164,0,310259.2592592592,20444.44444444444,28555.55555555556,385,jwilger,1,0.0,7,false,false
539530,rspec/rspec-core,ruby,423,1310453185,1310464311,1310464311,185,185,github,false,false,3,1,0,0,1,15,27,0,0,0,309925.9259259259,20407.40740740741,28518.51851851852,384,zeljkofilipin,0,0,22,false,false
539729,rspec/rspec-core,ruby,421,1310221170,1317808107,1317808107,126448,126448,commit_sha_in_comments,false,false,3,1,1,2,1,30,27,0,2,0,309925.9259259259,20407.40740740741,28518.51851851852,384,sundbp,0,0,2,false,false
539730,rspec/rspec-core,ruby,420,1309461400,,1309461879,7,,unknown,false,false,3,1,0,2,4,29,27,2,94,0,309592.5925925926,20370.37037037037,28370.37037037037,384,ZenCocoon,0,0,7,false,false
539533,rspec/rspec-core,ruby,419,1309317649,1309527138,1309527138,3491,3491,github,false,false,3,1,0,0,2,26,27,0,6,0,309592.5925925926,20370.37037037037,28370.37037037037,384,RobertLowe,0,0,5,false,false
539534,rspec/rspec-core,ruby,418,1309176964,1322782086,1322782086,226692,226692,commit_sha_in_comments,false,false,3,5,1,3,4,26,78,2,1,0,116730.76923076922,7961.538461538462,11256.410256410258,384,kaiwren,4,0.0,47,false,false
539535,rspec/rspec-core,ruby,417,1309023153,1309024226,1309024226,17,17,commit_sha_in_comments,false,false,3,2,3,2,1,27,27,3,0,0,309592.5925925926,20370.37037037037,28370.37037037037,384,kaiwren,3,0.0,47,false,false
220949,rspec/rspec-core,ruby,412,1308850124,1342957354,1342957354,568453,568453,commit_sha_in_comments,false,false,3,1,4,3,2,30,170,0,18,0,56470.58823529412,3888.235294117647,5505.882352941177,384,MasterLambaster,1,0.0,3,false,false
539536,rspec/rspec-core,ruby,411,1308845866,1309023924,1309023924,2967,2967,fixes_in_commit,false,false,3,1,0,1,1,30,27,2,0,0,308703.7037037037,20259.25925925926,28185.185185185186,384,MasterLambaster,0,0,3,false,false
539537,rspec/rspec-core,ruby,410,1308752600,1314227818,1314227818,91253,91253,github,false,false,3,5,22,4,5,31,27,4,19,41,316259.2592592592,20962.962962962964,29629.62962962963,384,dblock,0,0,58,false,false
539539,rspec/rspec-core,ruby,408,1308567576,1308588510,1308588510,348,348,github,false,false,3,1,0,0,2,29,39,0,41,3,213589.7435897436,14051.28205128205,19512.820512820515,382,gunn,0,0,9,false,false
539541,rspec/rspec-core,ruby,405,1308042396,1308043053,1308043053,10,10,commit_sha_in_comments,false,false,3,1,0,1,2,34,39,0,15,0,211025.64102564103,13871.794871794873,19435.897435897434,382,adzap,1,0.0,28,false,false
539542,rspec/rspec-core,ruby,402,1307373585,1307373761,1307373761,2,2,github,false,false,4,1,0,0,1,32,27,0,0,6,302888.88888888893,19851.85185185185,27851.85185185185,380,ifesdjeen,0,0,11,false,false
539543,rspec/rspec-core,ruby,400,1307121871,1308876473,1308876473,29243,29243,github,false,false,4,1,2,3,2,40,27,0,7,7,303000.0,19851.85185185185,27851.85185185185,379,travis,0,0,15,false,false
539544,rspec/rspec-core,ruby,389,1306388287,1321240500,1321240500,247476,247476,github,false,false,4,0,2,3,0,40,164,0,0,0,57481.707317073175,3914.6341463414633,5506.09756097561,379,sj26,0,0,31,false,false
539545,rspec/rspec-core,ruby,388,1306384670,1306462003,1306462003,1288,1288,github,false,false,4,1,0,0,2,40,27,0,30,8,302629.6296296296,19777.777777777777,27777.777777777777,379,mcmire,0,0,19,false,false
539546,rspec/rspec-core,ruby,387,1306247801,1306384350,1306384350,2275,2275,github,false,false,3,1,0,0,2,42,27,0,20,7,302111.11111111107,19703.7037037037,27703.7037037037,379,yannlugrin,0,0,10,false,false
539547,rspec/rspec-core,ruby,384,1306092455,1306380307,1306380307,4797,4797,github,false,false,3,1,0,0,1,44,27,0,2,4,302111.11111111107,19703.7037037037,27703.7037037037,379,tsigo,0,0,3,false,false
539548,rspec/rspec-core,ruby,382,1305966330,1305983063,1305983063,278,278,github,false,false,3,1,1,5,1,44,27,0,2,5,301555.55555555556,19666.666666666668,27666.666666666668,379,jscheid,0,0,2,false,false
539549,rspec/rspec-core,ruby,381,1305945514,,1305984246,645,,unknown,false,false,3,1,3,2,2,44,27,0,36,0,301555.55555555556,19666.666666666668,27666.666666666668,379,moro,0,0,85,false,false
539550,rspec/rspec-core,ruby,380,1305838847,1305867215,1305867215,472,472,github,false,false,3,1,0,0,1,45,27,0,1,2,301000.0,19592.59259259259,27592.59259259259,379,joshcooper,0,0,2,false,false
539551,rspec/rspec-core,ruby,375,1305543110,,1305557599,241,,unknown,false,false,3,1,0,2,4,50,27,0,38,0,300370.3703703704,19518.51851851852,27518.51851851852,379,adzap,0,0,28,false,false
539552,rspec/rspec-core,ruby,374,1305484899,,1305565151,1337,,unknown,false,false,3,1,0,1,1,48,27,0,0,0,300370.3703703704,19518.51851851852,27518.51851851852,379,HugoLnx,0,0,16,false,false
539553,rspec/rspec-core,ruby,372,1305326772,1305582412,1305582412,4260,4260,github,false,false,3,1,3,2,1,53,27,0,2,3,300370.3703703704,19518.51851851852,27518.51851851852,379,danielgrippi,0,0,74,false,false
539554,rspec/rspec-core,ruby,361,1304628183,,1304850112,3698,,unknown,false,false,4,1,0,0,1,58,27,0,8,0,298037.037037037,19370.37037037037,27296.2962962963,378,rubytester,0,0,0,false,false
539555,rspec/rspec-core,ruby,357,1304193721,,1304195264,25,,unknown,false,false,3,1,0,2,2,58,27,0,2,0,297370.3703703704,19333.333333333332,27259.25925925926,378,jsl,0,0,32,false,false
539556,rspec/rspec-core,ruby,355,1304080679,1304591542,1304591542,8514,8514,commits_in_master,false,false,3,6,3,3,4,57,27,0,57,54,297370.3703703704,19333.333333333332,27259.25925925926,378,andreastt,0,0,6,false,false
539557,rspec/rspec-core,ruby,348,1302735882,1308274666,1308274666,92313,92313,commit_sha_in_comments,true,false,4,1,17,3,11,54,39,0,253,0,211282.05128205128,13897.435897435898,19461.53846153846,376,hjdivad,0,0,2,false,false
539733,rspec/rspec-core,ruby,346,1302458316,,1302904552,7437,,unknown,false,false,4,5,22,4,1,48,27,0,44,0,290037.037037037,18888.88888888889,26370.37037037037,376,rosenfeld,0,0,12,false,false
539559,rspec/rspec-core,ruby,343,1301056349,1301349337,1301349337,4943,4943,commit_sha_in_comments,false,false,5,1,1,1,1,47,27,0,4,0,287296.2962962963,18740.74074074074,26111.11111111111,374,kaiwren,2,0.0,45,false,false
539560,rspec/rspec-core,ruby,341,1300913912,1300935527,1300935527,360,360,commit_sha_in_comments,false,false,5,6,2,2,6,48,24,2,17,0,322333.3333333333,21041.666666666668,29291.666666666668,374,kaiwren,1,0.0,45,false,false
539561,rspec/rspec-core,ruby,340,1300904147,1300936258,1300936258,535,535,commit_sha_in_comments,false,false,5,1,0,1,2,47,24,0,55,0,322333.3333333333,21041.666666666668,29291.666666666668,374,seeweer,0,0,0,false,false
539562,rspec/rspec-core,ruby,339,1300819673,1300863070,1300863070,723,723,commit_sha_in_comments,false,false,5,1,0,1,1,45,24,0,2,0,322333.3333333333,21041.666666666668,29291.666666666668,374,kaiwren,0,0,45,false,false
539734,rspec/rspec-core,ruby,336,1300113469,1300228799,1300228799,1922,1922,commit_sha_in_comments,false,false,5,1,1,1,1,45,24,0,2,0,321833.3333333333,21000.0,29208.333333333332,373,alindeman,0,0,36,false,true
539564,rspec/rspec-core,ruby,335,1299926813,1300077886,1300077886,2517,2517,commit_sha_in_comments,false,false,5,2,1,1,3,42,24,0,37,0,321333.3333333333,21000.0,29083.333333333332,373,ilkka,1,0.0,6,false,false
539565,rspec/rspec-core,ruby,332,1299655158,,1299926762,4526,,unknown,false,false,5,1,4,2,2,47,24,0,23,0,320250.0,20875.0,28958.333333333332,371,ilkka,0,0,6,false,false
539735,rspec/rspec-core,ruby,331,1299338336,1299673845,1299673845,5591,5591,merged_in_comments,false,false,5,3,1,2,3,45,24,0,22,0,310458.3333333333,20541.666666666668,28375.0,371,hubertlepicki,0,0,13,false,false
539424,rspec/rspec-core,ruby,323,1298332055,1298339838,1298339838,129,129,commit_sha_in_comments,false,false,5,2,2,2,3,40,18,0,46,0,402166.6666666667,26500.0,36222.22222222222,370,Peeja,0,0,12,false,false
539736,rspec/rspec-core,ruby,315,1298019084,1298307851,1298307851,4812,4812,commit_sha_in_comments,false,false,5,1,0,1,1,41,18,0,4,0,398111.11111111107,25944.44444444444,35444.444444444445,368,gdcbyers,0,0,0,false,false
539737,rspec/rspec-core,ruby,311,1297713214,,1298311463,9970,,unknown,false,false,5,1,1,2,1,38,18,0,3,0,397111.11111111107,25888.88888888889,35111.11111111112,368,djwhitt,0,0,13,false,false
539427,rspec/rspec-core,ruby,309,1297362955,1297376781,1297376781,230,230,commit_sha_in_comments,false,false,5,1,5,2,2,36,18,0,12,0,396444.44444444444,25833.333333333332,34944.444444444445,368,joliss,1,0.0,12,false,false
539738,rspec/rspec-core,ruby,308,1297337489,1298335333,1298335333,16630,16630,commit_sha_in_comments,false,false,5,3,4,2,2,36,18,0,15,0,396444.44444444444,25833.333333333332,34944.444444444445,368,i0rek,0,0,7,false,false
539429,rspec/rspec-core,ruby,306,1297236345,,1303044391,96860,,unknown,false,false,5,1,8,8,3,35,18,0,23,0,396444.44444444444,25833.333333333332,34944.444444444445,367,timocratic,0,0,15,false,false
539739,rspec/rspec-core,ruby,305,1297180999,,1297657974,7949,,unknown,false,false,5,4,1,2,32,35,18,0,0,0,396444.44444444444,25833.333333333332,34944.444444444445,367,burtlo,0,0,26,false,false
539431,rspec/rspec-core,ruby,302,1297094108,1297656126,1297656126,9366,9366,commit_sha_in_comments,false,false,5,1,0,1,2,27,18,0,5,0,396444.44444444444,25833.333333333332,34944.444444444445,367,dnurzynski,2,0.0,6,false,false
539432,rspec/rspec-core,ruby,300,1297018945,,1298341785,22047,,unknown,false,false,4,3,12,4,4,27,18,0,105,0,398111.11111111107,25944.44444444444,35444.444444444445,367,dnurzynski,1,0.0,6,false,false
539433,rspec/rspec-core,ruby,298,1296766091,1296915774,1296915774,2494,2494,commit_sha_in_comments,false,false,4,1,0,1,3,27,18,0,0,0,404000.0,26666.666666666668,35722.22222222222,366,joliss,0,0,12,false,false
539434,rspec/rspec-core,ruby,295,1296556385,,1296588049,527,,unknown,false,true,4,1,3,3,3,28,18,0,27,0,403000.0,26611.11111111111,35666.666666666664,365,dnurzynski,0,0,6,false,false
539435,rspec/rspec-core,ruby,293,1296176914,,1296647532,7843,,unknown,true,false,6,1,7,3,2,27,18,0,23,0,403000.0,26611.11111111111,35666.666666666664,365,fj,0,0,17,false,false
539436,rspec/rspec-core,ruby,291,1295992872,1296093367,1296093367,1674,1674,commit_sha_in_comments,false,false,6,1,9,2,1,28,18,0,4,0,401944.44444444444,26611.11111111111,35555.555555555555,365,jfirebaugh,1,0.0,13,false,false
539437,rspec/rspec-core,ruby,288,1295787883,1295957319,1295957319,2823,2823,merged_in_comments,false,false,5,5,5,2,4,29,18,2,31,0,401166.6666666667,26555.55555555556,35444.444444444445,364,JonRowe,0,0,4,false,true
539438,rspec/rspec-core,ruby,277,1295065537,1295302434,1295302434,3948,3948,commit_sha_in_comments,false,false,5,1,0,1,2,28,18,0,20,0,389166.6666666667,25666.666666666668,34611.11111111112,363,monocle,0,0,0,false,false
539439,rspec/rspec-core,ruby,275,1294895203,1295099176,1295099176,3399,3399,commit_sha_in_comments,false,false,5,1,2,2,1,28,18,0,0,0,385611.11111111107,25444.44444444444,34111.11111111112,363,myronmarston,15,0.0,43,false,true
539440,rspec/rspec-core,ruby,274,1294779800,1294923674,1294923674,2397,2397,fixes_in_commit,false,false,5,1,1,2,4,29,18,0,70,0,385611.11111111107,25444.44444444444,34111.11111111112,363,myronmarston,14,0.0,43,false,true
539741,rspec/rspec-core,ruby,273,1294534141,,1294924653,6508,,unknown,false,false,5,1,0,1,1,28,18,0,10,0,385611.11111111107,25444.44444444444,34111.11111111112,362,ldenman,1,0.0,12,false,false
539442,rspec/rspec-core,ruby,271,1294496049,1294524138,1294524138,468,468,fixes_in_commit,false,false,5,1,0,1,1,27,18,0,2,0,385611.11111111107,25444.44444444444,34111.11111111112,362,jeffkreeftmeijer,2,0.0,126,false,false
539443,rspec/rspec-core,ruby,270,1294430965,1295304049,1295304049,14551,14551,commit_sha_in_comments,false,false,4,2,2,2,1,27,18,0,179,0,385611.11111111107,25444.44444444444,34111.11111111112,362,dquimper,0,0,0,false,false
539444,rspec/rspec-core,ruby,268,1294369641,1294921955,1294921955,9205,9205,commit_sha_in_comments,false,false,4,2,0,1,2,28,18,0,34,0,384833.3333333333,25277.777777777777,33944.444444444445,360,myronmarston,13,0.0,42,false,true
539743,rspec/rspec-core,ruby,264,1293804456,1293806903,1293806903,40,40,commit_sha_in_comments,false,false,4,3,0,1,3,26,15,0,2,0,454600.0,29466.666666666664,39733.333333333336,360,Burgestrand,0,0,21,false,false
539446,rspec/rspec-core,ruby,263,1293196485,,1293390411,3232,,unknown,false,false,4,1,1,2,1,20,15,0,0,0,448866.6666666667,28733.333333333336,39266.666666666664,356,jeroenvandijk,1,0.0,11,false,false
539447,rspec/rspec-core,ruby,262,1293196325,,1293790909,9909,,unknown,false,false,4,1,1,2,1,20,15,0,0,0,448866.6666666667,28733.333333333336,39266.666666666664,356,jeroenvandijk,0,0,11,false,false
539448,rspec/rspec-core,ruby,261,1293156740,1293540377,1293540377,6393,6393,commit_sha_in_comments,false,false,4,2,3,3,7,22,15,0,115,0,448866.6666666667,28733.333333333336,39266.666666666664,356,myronmarston,12,0.0,42,false,true
539449,rspec/rspec-core,ruby,260,1293148074,1294921648,1294921648,29559,29559,commit_sha_in_comments,false,false,4,2,5,2,5,22,15,13,0,0,448866.6666666667,28733.333333333336,39266.666666666664,356,myronmarston,11,0.0,42,false,true
539450,rspec/rspec-core,ruby,258,1292985014,1293103656,1293103656,1977,1977,commit_sha_in_comments,false,false,4,1,3,2,1,25,15,0,4,0,448800.0,28733.333333333336,39266.666666666664,356,sorah,0,0,90,false,false
539452,rspec/rspec-core,ruby,256,1292877471,1293109571,1293109571,3868,3868,commit_sha_in_comments,false,false,4,1,0,1,1,34,15,0,3,0,448800.0,28733.333333333336,39266.666666666664,356,jfirebaugh,0,0,13,false,false
539453,rspec/rspec-core,ruby,253,1292394904,1292415303,1292415303,339,339,commit_sha_in_comments,false,false,4,1,0,1,2,52,15,0,6,0,448600.0,28733.333333333336,39266.666666666664,355,jarmo,1,0.0,7,false,false
539566,rspec/rspec-core,ruby,252,1292394814,1292415060,1292415060,337,337,commit_sha_in_comments,false,false,4,1,0,1,11,52,15,0,6,0,448600.0,28733.333333333336,39266.666666666664,355,jarmo,0,0,7,false,false
539567,rspec/rspec-core,ruby,250,1292307049,1292358016,1292358016,849,849,commit_sha_in_comments,false,false,4,1,2,2,2,53,15,0,4,0,447266.6666666666,28666.666666666668,39200.0,355,cjheath,0,0,24,false,false
539568,rspec/rspec-core,ruby,249,1292230815,,1292556192,5422,,unknown,false,false,4,1,2,2,2,54,15,0,12,0,447266.6666666666,28666.666666666668,39200.0,355,jeffkreeftmeijer,1,0.0,123,false,false
539744,rspec/rspec-core,ruby,246,1292064648,,1301264049,153383,,unknown,false,false,4,3,2,2,3,64,15,0,44,0,446133.3333333333,28533.333333333336,39066.66666666667,355,mschneider,0,0,7,false,false
539570,rspec/rspec-core,ruby,245,1291666497,1293851185,1293851185,36411,36411,merged_in_comments,false,false,4,7,6,2,3,70,15,0,87,0,446133.3333333333,28533.333333333336,39066.66666666667,354,bhuga,2,0.0,41,false,false
539571,rspec/rspec-core,ruby,244,1291560526,1291636601,1291636601,1267,1267,commit_sha_in_comments,false,false,4,1,0,1,2,71,15,0,8,0,441600.0,28400.0,38466.66666666667,354,lackac,0,0,24,false,false
539745,rspec/rspec-core,ruby,243,1291458772,1291556542,1291556542,1629,1629,commit_sha_in_comments,false,false,4,1,0,1,1,73,15,6,0,0,441600.0,28400.0,38466.66666666667,354,ldenman,0,0,12,false,false
539573,rspec/rspec-core,ruby,240,1291224933,,1291229982,84,,unknown,false,false,4,5,5,2,3,75,11,0,76,0,598272.7272727273,38636.36363636363,52090.909090909096,353,bhuga,1,0.0,41,false,false
539574,rspec/rspec-core,ruby,239,1291224706,1291248983,1291248983,404,404,commit_sha_in_comments,false,false,4,1,0,1,1,75,11,2,0,0,598272.7272727273,38636.36363636363,52090.909090909096,353,bhuga,0,0,41,false,false
539746,rspec/rspec-core,ruby,237,1290998421,1291028063,1291028063,494,494,commit_sha_in_comments,false,false,4,1,5,2,1,76,11,0,4,0,598181.8181818181,38545.454545454544,51818.18181818182,353,jwilger,0,0,6,false,false
539576,rspec/rspec-core,ruby,235,1290992912,1290999949,1290999949,117,117,commit_sha_in_comments,false,false,4,1,0,1,2,75,11,0,8,0,598181.8181818181,38545.454545454544,51818.18181818182,353,yoshuki,0,0,16,false,false
539577,rspec/rspec-core,ruby,234,1290872566,1290875680,1290875680,51,51,commit_sha_in_comments,false,false,4,1,0,1,2,76,11,0,84,0,601090.9090909092,38818.18181818182,52090.909090909096,353,bosko,0,0,3,false,false
539578,rspec/rspec-core,ruby,220,1289144115,1289145553,1289145553,23,23,commit_sha_in_comments,false,false,4,2,0,1,2,80,27,0,0,0,241777.77777777778,15666.666666666666,21074.074074074073,350,myronmarston,10,0.0,40,false,true
539579,rspec/rspec-core,ruby,219,1289127431,1289157920,1289157920,508,508,commit_sha_in_comments,false,false,4,1,2,2,2,80,27,0,16,0,240777.77777777778,15555.555555555555,20962.962962962964,350,jeffkreeftmeijer,0,0,123,false,false
539580,rspec/rspec-core,ruby,207,1288685196,1289079493,1289079493,6571,6571,commit_sha_in_comments,false,false,4,1,4,2,1,81,17,0,1,0,367529.41176470584,23117.647058823528,30294.11764705882,349,jdelStrother,0,0,1,false,false
539748,rspec/rspec-core,ruby,205,1288471873,,1289050760,9588,,unknown,false,false,4,1,3,3,2,82,17,0,13,0,366941.17647058825,23117.647058823528,30294.11764705882,349,lailsonbm,0,0,18,false,false
539582,rspec/rspec-core,ruby,203,1288170792,1289089112,1289089112,15245,15245,commit_sha_in_comments,false,false,2,1,1,2,2,84,17,0,5,0,367529.41176470584,23117.647058823528,30294.11764705882,349,tianyicui,0,0,50,false,false
539583,rspec/rspec-core,ruby,200,1287977806,1288644271,1288644271,11047,11047,merged_in_comments,false,false,2,1,4,3,1,84,17,1,0,0,366941.17647058825,23117.647058823528,30294.11764705882,349,myronmarston,9,0.0,39,false,true
539584,rspec/rspec-core,ruby,198,1287758761,1287815434,1287815434,944,944,merged_in_comments,false,false,2,1,2,2,2,84,17,0,15,0,361411.76470588235,22647.058823529413,29823.529411764706,348,glv,0,0,21,false,false
539757,rspec/rspec-core,ruby,189,1286937421,,1289050236,35153,,unknown,false,false,2,1,5,2,1,86,17,89,0,0,370352.9411764706,23176.470588235294,30470.588235294115,343,TwP,0,0,55,false,false
539586,rspec/rspec-core,ruby,187,1286902906,1287732041,1287732041,13818,13818,commit_sha_in_comments,false,false,2,4,5,2,2,86,17,0,76,0,361411.76470588235,22647.058823529413,29823.529411764706,343,thekompanee,0,0,0,false,false
539587,rspec/rspec-core,ruby,181,1286664512,1286708490,1286708490,732,732,commit_sha_in_comments,false,false,2,1,0,1,2,86,17,0,9,0,368411.76470588235,22941.176470588234,30058.823529411766,343,myronmarston,8,0.0,38,false,true
539588,rspec/rspec-core,ruby,179,1286662400,1286662861,1286662861,7,7,commit_sha_in_comments,false,false,2,1,0,1,3,86,17,0,42,0,367529.41176470584,22823.529411764706,29764.70588235294,343,myronmarston,7,0.0,38,false,true
539589,rspec/rspec-core,ruby,177,1286398653,1286412984,1286412984,238,238,commit_sha_in_comments,false,false,1,2,0,1,2,88,17,0,18,0,363882.35294117645,22529.411764705885,29529.411764705885,343,leobessa,0,0,10,false,false
539590,rspec/rspec-core,ruby,171,1286139870,1286143464,1286143464,59,59,commit_sha_in_comments,false,false,1,1,0,1,3,90,17,0,8,0,357823.5294117647,22117.647058823528,29117.647058823528,343,myronmarston,6,0.0,38,false,true
539591,rspec/rspec-core,ruby,170,1286027680,1286028647,1286028647,16,16,commit_sha_in_comments,false,false,1,1,0,1,1,91,17,0,0,0,356235.29411764705,22058.823529411766,28764.70588235294,343,myronmarston,5,0.0,38,false,true
539592,rspec/rspec-core,ruby,167,1285725528,1289125487,1289125487,56605,56605,commit_sha_in_comments,false,false,1,3,12,3,13,93,17,0,175,0,367529.41176470584,23117.647058823528,30294.11764705882,343,myronmarston,4,0.0,38,false,true
539593,rspec/rspec-core,ruby,162,1285475692,1285513130,1285513130,623,623,commit_sha_in_comments,false,false,1,1,0,1,3,93,17,0,23,0,353705.88235294115,21941.176470588234,28411.764705882353,343,myronmarston,3,0.0,38,false,true
539594,rspec/rspec-core,ruby,161,1285470854,1285536934,1285536934,1101,1101,commit_sha_in_comments,false,false,1,1,1,1,4,93,17,0,39,0,353705.88235294115,21941.176470588234,28411.764705882353,343,myronmarston,2,0.0,38,false,true
539595,rspec/rspec-core,ruby,160,1285464700,,1286662944,19970,,unknown,false,true,1,1,6,3,3,93,17,0,14,0,360764.70588235295,22235.29411764706,29117.647058823528,343,myronmarston,1,0.0,38,false,true
539596,rspec/rspec-core,ruby,159,1285462936,1285510162,1285510162,787,787,commit_sha_in_comments,false,false,1,1,0,1,1,93,17,0,2,0,353705.88235294115,21941.176470588234,28411.764705882353,343,myronmarston,0,0,38,false,true
539761,rspec/rspec-core,ruby,155,1285279520,1287105066,1287105066,30425,30425,commit_sha_in_comments,false,false,1,2,3,2,4,94,17,0,38,0,360764.70588235295,22235.29411764706,29117.647058823528,342,alexcrichton,0,0,10,false,false
539762,rspec/rspec-core,ruby,151,1285043068,1285134771,1285134771,1528,1528,commit_sha_in_comments,false,false,1,77,8,2,62,93,17,374,1600,0,349764.70588235295,21647.058823529413,28117.647058823528,342,cowboyd,0,0,78,false,false
539599,rspec/rspec-core,ruby,149,1284885107,1296917996,1296917996,200488,200488,commit_sha_in_comments,false,false,1,1,2,2,1,94,17,8,0,0,367529.41176470584,23117.647058823528,30294.11764705882,341,grosser,1,0.0,95,false,false
539600,rspec/rspec-core,ruby,148,1284884978,1285063916,1285063916,2982,2982,commit_sha_in_comments,false,false,1,1,0,1,2,94,17,0,43,0,346411.76470588235,21411.764705882353,27764.70588235294,341,grosser,0,0,95,false,false
539763,rspec/rspec-core,ruby,147,1284825880,1284856726,1284856726,514,514,commit_sha_in_comments,false,false,1,1,0,1,1,95,17,0,2,0,347411.76470588235,21470.588235294115,27823.529411764706,341,radar,0,0,344,false,false
539602,rspec/rspec-core,ruby,139,1284355521,1284380136,1284380136,410,410,commit_sha_in_comments,false,false,1,1,0,1,1,96,17,1,0,0,347411.76470588235,21470.588235294115,27823.529411764706,337,graaff,1,0.0,0,false,false
539603,rspec/rspec-core,ruby,138,1284298541,1284299030,1284299030,8,8,commit_sha_in_comments,false,false,1,0,0,1,0,97,17,0,0,0,344588.23529411765,21352.941176470587,27352.941176470587,337,graaff,0,0,0,false,false
